date,team_tag,player_name,metric,period,value
2026-07-26,CR,Atom,cr_best_rank_overall,cumulative_to_date,2
2026-07-26,CR,Atom,cr_rank_ネメシス,神殺し・アナテマ 後半戦,89
2026-07-26,CR,Atom,cr_rating_ネメシス,神殺し・アナテマ 後半戦,2169
2026-07-26,CR,Atom,cr_top100_count,cumulative_to_date,36
2026-07-26,CR,Atom,followers,current,13197
2026-07-26,CR,Atom,stream_duration,apr_late_2026,35.5
2026-07-26,CR,Atom,stream_duration,jul_early_2026,0.8
2026-07-26,CR,Atom,stream_duration,jul_late_2026,14.3
2026-07-26,CR,Atom,stream_duration,jun_early_2026,3.6
2026-07-26,CR,Atom,stream_duration,jun_late_2026,0.0
2026-07-26,CR,Atom,stream_duration,may_early_2026,21.2
2026-07-26,CR,Atom,stream_duration,may_late_2026,15.3
2026-07-26,CR,Atom,stream_duration,regular_season,15.1
2026-07-26,CR,Atom,video_upload_count,apr_late_2026,0
2026-07-26,CR,Atom,video_upload_count,jul_early_2026,0
2026-07-26,CR,Atom,video_upload_count,jul_late_2026,0
2026-07-26,CR,Atom,video_upload_count,jun_early_2026,0
2026-07-26,CR,Atom,video_upload_count,jun_late_2026,0
2026-07-26,CR,Atom,video_upload_count,may_early_2026,0
2026-07-26,CR,Atom,video_upload_count,may_late_2026,0
2026-07-26,CR,Atom,video_upload_count,regular_season,0
2026-07-26,CR,Atom,video_view_count,jul_early_2026,0
2026-07-26,CR,Atom,video_view_count,jul_late_2026,0
2026-07-26,CR,Atom,video_view_count,jun_early_2026,0
2026-07-26,CR,Atom,video_view_count,jun_late_2026,0
2026-07-26,CR,Atom,video_view_count,may_early_2026,0
2026-07-26,CR,Atom,video_view_count,may_late_2026,0
2026-07-26,CR,Atom,video_view_count,regular_season,0
2026-07-26,CR,Atom,watch_time,jul_early_2026,209
2026-07-26,CR,Atom,watch_time,jul_late_2026,4004
2026-07-26,CR,Atom,watch_time,jun_early_2026,2778
2026-07-26,CR,Atom,watch_time,jun_late_2026,0
2026-07-26,CR,Atom,watch_time,may_early_2026,17519
2026-07-26,CR,Atom,watch_time,may_late_2026,9365
2026-07-26,CR,Atom,watch_time,regular_season,4214
2026-07-26,CR,Atom,youtube_subscribers,current,8010
2026-07-26,CR,Winter,followers,current,2904
2026-07-26,CR,Winter,stream_duration,apr_late_2026,0.0
2026-07-26,CR,Winter,stream_duration,jul_early_2026,0.0
2026-07-26,CR,Winter,stream_duration,jul_late_2026,13.3
2026-07-26,CR,Winter,stream_duration,jun_early_2026,0.0
2026-07-26,CR,Winter,stream_duration,jun_late_2026,5.5
2026-07-26,CR,Winter,stream_duration,may_early_2026,0.0
2026-07-26,CR,Winter,stream_duration,may_late_2026,4.7
2026-07-26,CR,Winter,stream_duration,regular_season,13.3
2026-07-26,CR,Winter,video_upload_count,apr_late_2026,0
2026-07-26,CR,Winter,video_upload_count,jul_early_2026,0
2026-07-26,CR,Winter,video_upload_count,jul_late_2026,0
2026-07-26,CR,Winter,video_upload_count,jun_early_2026,0
2026-07-26,CR,Winter,video_upload_count,jun_late_2026,0
2026-07-26,CR,Winter,video_upload_count,may_early_2026,0
2026-07-26,CR,Winter,video_upload_count,may_late_2026,0
2026-07-26,CR,Winter,video_upload_count,regular_season,0
2026-07-26,CR,Winter,video_view_count,jul_early_2026,0
2026-07-26,CR,Winter,video_view_count,jul_late_2026,0
2026-07-26,CR,Winter,video_view_count,jun_early_2026,0
2026-07-26,CR,Winter,video_view_count,jun_late_2026,0
2026-07-26,CR,Winter,video_view_count,may_early_2026,0
2026-07-26,CR,Winter,video_view_count,may_late_2026,0
2026-07-26,CR,Winter,video_view_count,regular_season,0
2026-07-26,CR,Winter,watch_time,jul_early_2026,0
2026-07-26,CR,Winter,watch_time,jul_late_2026,718
2026-07-26,CR,Winter,watch_time,jun_early_2026,0
2026-07-26,CR,Winter,watch_time,jun_late_2026,346
2026-07-26,CR,Winter,watch_time,may_early_2026,0
2026-07-26,CR,Winter,watch_time,may_late_2026,260
2026-07-26,CR,Winter,watch_time,regular_season,718
2026-07-26,CR,Winter,youtube_subscribers,current,951
2026-07-26,CR,ふぇぐ,followers,current,34312
2026-07-26,CR,ふぇぐ,stream_duration,jul_early_2026,1.0
2026-07-26,CR,ふぇぐ,stream_duration,jul_late_2026,9.6
2026-07-26,CR,ふぇぐ,stream_duration,jun_late_2026,17.7
2026-07-26,CR,ふぇぐ,stream_duration,regular_season,9.6
2026-07-26,CR,ふぇぐ,video_upload_count,jul_early_2026,0
2026-07-26,CR,ふぇぐ,video_upload_count,jul_late_2026,1
2026-07-26,CR,ふぇぐ,video_upload_count,jun_late_2026,0
2026-07-26,CR,ふぇぐ,video_upload_count,regular_season,1
2026-07-26,CR,ふぇぐ,video_view_count,jul_early_2026,0
2026-07-26,CR,ふぇぐ,video_view_count,jul_late_2026,0
2026-07-26,CR,ふぇぐ,video_view_count,regular_season,0
2026-07-26,CR,ふぇぐ,watch_time,jul_early_2026,80
2026-07-26,CR,ふぇぐ,watch_time,jul_late_2026,912
2026-07-26,CR,ふぇぐ,watch_time,regular_season,912
2026-07-26,CR,ふぇぐ,youtube_subscribers,current,6270
2026-07-26,CR,ふえた,followers,current,3723
2026-07-26,CR,ふえた,stream_duration,apr_late_2026,11.3
2026-07-26,CR,ふえた,stream_duration,jul_early_2026,0.0
2026-07-26,CR,ふえた,stream_duration,jul_late_2026,10.2
2026-07-26,CR,ふえた,stream_duration,jun_early_2026,25.3
2026-07-26,CR,ふえた,stream_duration,jun_late_2026,10.4
2026-07-26,CR,ふえた,stream_duration,may_early_2026,0.0
2026-07-26,CR,ふえた,stream_duration,may_late_2026,1.3
2026-07-26,CR,ふえた,stream_duration,regular_season,10.2
2026-07-26,CR,ふえた,video_upload_count,apr_late_2026,0
2026-07-26,CR,ふえた,video_upload_count,jul_early_2026,0
2026-07-26,CR,ふえた,video_upload_count,jul_late_2026,2
2026-07-26,CR,ふえた,video_upload_count,jun_early_2026,0
2026-07-26,CR,ふえた,video_upload_count,jun_late_2026,0
2026-07-26,CR,ふえた,video_upload_count,may_early_2026,0
2026-07-26,CR,ふえた,video_upload_count,may_late_2026,0
2026-07-26,CR,ふえた,video_upload_count,regular_season,2
2026-07-26,CR,ふえた,video_view_count,jul_early_2026,0
2026-07-26,CR,ふえた,video_view_count,jul_late_2026,0
2026-07-26,CR,ふえた,video_view_count,jun_early_2026,0
2026-07-26,CR,ふえた,video_view_count,jun_late_2026,0
2026-07-26,CR,ふえた,video_view_count,may_early_2026,0
2026-07-26,CR,ふえた,video_view_count,may_late_2026,0
2026-07-26,CR,ふえた,video_view_count,regular_season,0
2026-07-26,CR,ふえた,watch_time,jul_early_2026,0
2026-07-26,CR,ふえた,watch_time,jul_late_2026,518
2026-07-26,CR,ふえた,watch_time,jun_early_2026,1221
2026-07-26,CR,ふえた,watch_time,jun_late_2026,742
2026-07-26,CR,ふえた,watch_time,may_early_2026,0
2026-07-26,CR,ふえた,watch_time,may_late_2026,15
2026-07-26,CR,ふえた,watch_time,regular_season,518
2026-07-26,CR,ふえた,youtube_subscribers,current,1130
2026-07-26,CR,空白,followers,current,3857
2026-07-26,CR,空白,stream_duration,apr_late_2026,23.8
2026-07-26,CR,空白,stream_duration,jul_early_2026,0.0
2026-07-26,CR,空白,stream_duration,jul_late_2026,18.6
2026-07-26,CR,空白,stream_duration,jun_early_2026,26.8
2026-07-26,CR,空白,stream_duration,jun_late_2026,20.3
2026-07-26,CR,空白,stream_duration,may_early_2026,24.5
2026-07-26,CR,空白,stream_duration,may_late_2026,33.6
2026-07-26,CR,空白,stream_duration,regular_season,18.6
2026-07-26,CR,空白,video_upload_count,apr_late_2026,0
2026-07-26,CR,空白,video_upload_count,jul_early_2026,0
2026-07-26,CR,空白,video_upload_count,jul_late_2026,0
2026-07-26,CR,空白,video_upload_count,jun_early_2026,0
2026-07-26,CR,空白,video_upload_count,jun_late_2026,0
2026-07-26,CR,空白,video_upload_count,may_early_2026,0
2026-07-26,CR,空白,video_upload_count,may_late_2026,0
2026-07-26,CR,空白,video_upload_count,regular_season,0
2026-07-26,CR,空白,video_view_count,jul_early_2026,0
2026-07-26,CR,空白,video_view_count,jul_late_2026,0
2026-07-26,CR,空白,video_view_count,jun_early_2026,0
2026-07-26,CR,空白,video_view_count,jun_late_2026,0
2026-07-26,CR,空白,video_view_count,may_early_2026,0
2026-07-26,CR,空白,video_view_count,may_late_2026,0
2026-07-26,CR,空白,video_view_count,regular_season,0
2026-07-26,CR,空白,watch_time,jul_early_2026,0
2026-07-26,CR,空白,watch_time,jul_late_2026,690
2026-07-26,CR,空白,watch_time,jun_early_2026,1152
2026-07-26,CR,空白,watch_time,jun_late_2026,2339
2026-07-26,CR,空白,watch_time,may_early_2026,2243
2026-07-26,CR,空白,watch_time,may_late_2026,1811
2026-07-26,CR,空白,watch_time,regular_season,690
2026-07-26,CR,空白,youtube_subscribers,current,1630
2026-07-26,DFM,MingiGod,followers,current,3473
2026-07-26,DFM,MingiGod,stream_duration,jul_early_2026,8.9
2026-07-26,DFM,MingiGod,stream_duration,jul_late_2026,9.9
2026-07-26,DFM,MingiGod,stream_duration,jun_late_2026,16.6
2026-07-26,DFM,MingiGod,stream_duration,regular_season,18.8
2026-07-26,DFM,MingiGod,video_upload_count,jul_early_2026,0
2026-07-26,DFM,MingiGod,video_upload_count,jul_late_2026,0
2026-07-26,DFM,MingiGod,video_upload_count,jun_late_2026,1
2026-07-26,DFM,MingiGod,video_upload_count,regular_season,0
2026-07-26,DFM,MingiGod,video_view_count,jul_early_2026,0
2026-07-26,DFM,MingiGod,video_view_count,jul_late_2026,0
2026-07-26,DFM,MingiGod,video_view_count,regular_season,0
2026-07-26,DFM,MingiGod,watch_time,jul_early_2026,996
2026-07-26,DFM,MingiGod,watch_time,jul_late_2026,555
2026-07-26,DFM,MingiGod,watch_time,regular_season,1555
2026-07-26,DFM,MingiGod,youtube_subscribers,current,1670
2026-07-26,DFM,かなで,followers,current,2138
2026-07-26,DFM,かなで,stream_duration,apr_late_2026,9.2
2026-07-26,DFM,かなで,stream_duration,jul_early_2026,2.1
2026-07-26,DFM,かなで,stream_duration,jul_late_2026,3.7
2026-07-26,DFM,かなで,stream_duration,jun_early_2026,4.8
2026-07-26,DFM,かなで,stream_duration,jun_late_2026,9.7
2026-07-26,DFM,かなで,stream_duration,may_early_2026,4.5
2026-07-26,DFM,かなで,stream_duration,may_late_2026,9.4
2026-07-26,DFM,かなで,stream_duration,regular_season,3.7
2026-07-26,DFM,かなで,video_upload_count,apr_late_2026,0
2026-07-26,DFM,かなで,video_upload_count,jul_early_2026,0
2026-07-26,DFM,かなで,video_upload_count,jul_late_2026,0
2026-07-26,DFM,かなで,video_upload_count,jun_early_2026,0
2026-07-26,DFM,かなで,video_upload_count,jun_late_2026,0
2026-07-26,DFM,かなで,video_upload_count,may_early_2026,0
2026-07-26,DFM,かなで,video_upload_count,may_late_2026,0
2026-07-26,DFM,かなで,video_upload_count,regular_season,0
2026-07-26,DFM,かなで,video_view_count,jul_early_2026,0
2026-07-26,DFM,かなで,video_view_count,jul_late_2026,0
2026-07-26,DFM,かなで,video_view_count,jun_early_2026,0
2026-07-26,DFM,かなで,video_view_count,jun_late_2026,0
2026-07-26,DFM,かなで,video_view_count,may_early_2026,0
2026-07-26,DFM,かなで,video_view_count,may_late_2026,0
2026-07-26,DFM,かなで,video_view_count,regular_season,0
2026-07-26,DFM,かなで,watch_time,jul_early_2026,52
2026-07-26,DFM,かなで,watch_time,jul_late_2026,88
2026-07-26,DFM,かなで,watch_time,jun_early_2026,73
2026-07-26,DFM,かなで,watch_time,jun_late_2026,301
2026-07-26,DFM,かなで,watch_time,may_early_2026,157
2026-07-26,DFM,かなで,watch_time,may_late_2026,258
2026-07-26,DFM,かなで,watch_time,regular_season,88
2026-07-26,DFM,かなで,youtube_subscribers,current,542
2026-07-26,DFM,ミル,followers,current,14538
2026-07-26,DFM,ミル,stream_duration,apr_late_2026,33.8
2026-07-26,DFM,ミル,stream_duration,jul_early_2026,6.9
2026-07-26,DFM,ミル,stream_duration,jul_late_2026,9.3
2026-07-26,DFM,ミル,stream_duration,jun_early_2026,15.0
2026-07-26,DFM,ミル,stream_duration,jun_late_2026,14.1
2026-07-26,DFM,ミル,stream_duration,may_early_2026,14.1
2026-07-26,DFM,ミル,stream_duration,may_late_2026,23.3
2026-07-26,DFM,ミル,stream_duration,regular_season,16.2
2026-07-26,DFM,ミル,video_upload_count,apr_late_2026,0
2026-07-26,DFM,ミル,video_upload_count,jul_early_2026,0
2026-07-26,DFM,ミル,video_upload_count,jul_late_2026,0
2026-07-26,DFM,ミル,video_upload_count,jun_early_2026,0
2026-07-26,DFM,ミル,video_upload_count,jun_late_2026,0
2026-07-26,DFM,ミル,video_upload_count,may_early_2026,0
2026-07-26,DFM,ミル,video_upload_count,may_late_2026,0
2026-07-26,DFM,ミル,video_upload_count,regular_season,0
2026-07-26,DFM,ミル,video_view_count,jul_early_2026,0
2026-07-26,DFM,ミル,video_view_count,jul_late_2026,0
2026-07-26,DFM,ミル,video_view_count,jun_early_2026,0
2026-07-26,DFM,ミル,video_view_count,jun_late_2026,0
2026-07-26,DFM,ミル,video_view_count,may_early_2026,0
2026-07-26,DFM,ミル,video_view_count,may_late_2026,0
2026-07-26,DFM,ミル,video_view_count,regular_season,0
2026-07-26,DFM,ミル,watch_time,jul_early_2026,321
2026-07-26,DFM,ミル,watch_time,jul_late_2026,209
2026-07-26,DFM,ミル,watch_time,jun_early_2026,2284
2026-07-26,DFM,ミル,watch_time,jun_late_2026,1093
2026-07-26,DFM,ミル,watch_time,may_early_2026,691
2026-07-26,DFM,ミル,watch_time,may_late_2026,1363
2026-07-26,DFM,ミル,watch_time,regular_season,526
2026-07-26,DFM,ミル,youtube_subscribers,current,3960
2026-07-26,DFM,ユーリ,followers,current,14142
2026-07-26,DFM,ユーリ,stream_duration,apr_late_2026,56.4
2026-07-26,DFM,ユーリ,stream_duration,jul_early_2026,9.4
2026-07-26,DFM,ユーリ,stream_duration,jul_late_2026,16.6
2026-07-26,DFM,ユーリ,stream_duration,jun_early_2026,22.3
2026-07-26,DFM,ユーリ,stream_duration,jun_late_2026,27.3
2026-07-26,DFM,ユーリ,stream_duration,may_early_2026,11.7
2026-07-26,DFM,ユーリ,stream_duration,may_late_2026,19.5
2026-07-26,DFM,ユーリ,stream_duration,regular_season,26.0
2026-07-26,DFM,ユーリ,video_upload_count,apr_late_2026,0
2026-07-26,DFM,ユーリ,video_upload_count,jul_early_2026,0
2026-07-26,DFM,ユーリ,video_upload_count,jul_late_2026,0
2026-07-26,DFM,ユーリ,video_upload_count,jun_early_2026,0
2026-07-26,DFM,ユーリ,video_upload_count,jun_late_2026,0
2026-07-26,DFM,ユーリ,video_upload_count,may_early_2026,0
2026-07-26,DFM,ユーリ,video_upload_count,may_late_2026,0
2026-07-26,DFM,ユーリ,video_upload_count,regular_season,0
2026-07-26,DFM,ユーリ,video_view_count,jul_early_2026,0
2026-07-26,DFM,ユーリ,video_view_count,jul_late_2026,0
2026-07-26,DFM,ユーリ,video_view_count,jun_early_2026,0
2026-07-26,DFM,ユーリ,video_view_count,jun_late_2026,0
2026-07-26,DFM,ユーリ,video_view_count,may_early_2026,0
2026-07-26,DFM,ユーリ,video_view_count,may_late_2026,0
2026-07-26,DFM,ユーリ,video_view_count,regular_season,0
2026-07-26,DFM,ユーリ,watch_time,jul_early_2026,11134
2026-07-26,DFM,ユーリ,watch_time,jul_late_2026,5715
2026-07-26,DFM,ユーリ,watch_time,jun_early_2026,14677
2026-07-26,DFM,ユーリ,watch_time,jun_late_2026,18125
2026-07-26,DFM,ユーリ,watch_time,may_early_2026,8667
2026-07-26,DFM,ユーリ,watch_time,may_late_2026,11953
2026-07-26,DFM,ユーリ,watch_time,regular_season,16907
2026-07-26,DFM,ユーリ,youtube_subscribers,current,12300
2026-07-26,LVH,Era53,followers,current,12632
2026-07-26,LVH,Era53,stream_duration,apr_late_2026,52.3
2026-07-26,LVH,Era53,stream_duration,jul_early_2026,14.2
2026-07-26,LVH,Era53,stream_duration,jul_late_2026,18.9
2026-07-26,LVH,Era53,stream_duration,jun_early_2026,52.1
2026-07-26,LVH,Era53,stream_duration,jun_late_2026,38.9
2026-07-26,LVH,Era53,stream_duration,may_early_2026,14.4
2026-07-26,LVH,Era53,stream_duration,may_late_2026,67.1
2026-07-26,LVH,Era53,stream_duration,regular_season,28.5
2026-07-26,LVH,Era53,video_upload_count,apr_late_2026,0
2026-07-26,LVH,Era53,video_upload_count,jul_early_2026,0
2026-07-26,LVH,Era53,video_upload_count,jul_late_2026,0
2026-07-26,LVH,Era53,video_upload_count,jun_early_2026,0
2026-07-26,LVH,Era53,video_upload_count,jun_late_2026,0
2026-07-26,LVH,Era53,video_upload_count,may_early_2026,0
2026-07-26,LVH,Era53,video_upload_count,may_late_2026,0
2026-07-26,LVH,Era53,video_upload_count,regular_season,0
2026-07-26,LVH,Era53,video_view_count,jul_early_2026,0
2026-07-26,LVH,Era53,video_view_count,jul_late_2026,0
2026-07-26,LVH,Era53,video_view_count,jun_early_2026,0
2026-07-26,LVH,Era53,video_view_count,jun_late_2026,0
2026-07-26,LVH,Era53,video_view_count,may_early_2026,0
2026-07-26,LVH,Era53,video_view_count,may_late_2026,0
2026-07-26,LVH,Era53,video_view_count,regular_season,0
2026-07-26,LVH,Era53,watch_time,jul_early_2026,23904
2026-07-26,LVH,Era53,watch_time,jul_late_2026,24072
2026-07-26,LVH,Era53,watch_time,jun_early_2026,28528
2026-07-26,LVH,Era53,watch_time,jun_late_2026,34566
2026-07-26,LVH,Era53,watch_time,may_early_2026,12339
2026-07-26,LVH,Era53,watch_time,may_late_2026,54486
2026-07-26,LVH,Era53,watch_time,regular_season,43805
2026-07-26,LVH,Era53,youtube_subscribers,current,15800
2026-07-26,LVH,Hirobosu,followers,current,2898
2026-07-26,LVH,Hirobosu,stream_duration,jul_early_2026,0.0
2026-07-26,LVH,Hirobosu,stream_duration,jul_late_2026,0.0
2026-07-26,LVH,Hirobosu,stream_duration,jun_late_2026,0.0
2026-07-26,LVH,Hirobosu,stream_duration,regular_season,0.0
2026-07-26,LVH,Hirobosu,video_upload_count,jul_early_2026,0
2026-07-26,LVH,Hirobosu,video_upload_count,jul_late_2026,0
2026-07-26,LVH,Hirobosu,video_upload_count,jun_late_2026,0
2026-07-26,LVH,Hirobosu,video_upload_count,regular_season,0
2026-07-26,LVH,Hirobosu,video_view_count,jul_early_2026,0
2026-07-26,LVH,Hirobosu,video_view_count,jul_late_2026,0
2026-07-26,LVH,Hirobosu,video_view_count,regular_season,0
2026-07-26,LVH,Hirobosu,watch_time,jul_early_2026,0
2026-07-26,LVH,Hirobosu,watch_time,jul_late_2026,0
2026-07-26,LVH,Hirobosu,watch_time,regular_season,0
2026-07-26,LVH,Hirobosu,youtube_subscribers,current,446
2026-07-26,LVH,rikka,followers,current,13593
2026-07-26,LVH,rikka,stream_duration,apr_late_2026,50.5
2026-07-26,LVH,rikka,stream_duration,jul_early_2026,8.0
2026-07-26,LVH,rikka,stream_duration,jul_late_2026,19.1
2026-07-26,LVH,rikka,stream_duration,jun_early_2026,32.2
2026-07-26,LVH,rikka,stream_duration,jun_late_2026,33.0
2026-07-26,LVH,rikka,stream_duration,may_early_2026,39.5
2026-07-26,LVH,rikka,stream_duration,may_late_2026,7.5
2026-07-26,LVH,rikka,stream_duration,regular_season,19.1
2026-07-26,LVH,rikka,video_upload_count,apr_late_2026,0
2026-07-26,LVH,rikka,video_upload_count,jul_early_2026,0
2026-07-26,LVH,rikka,video_upload_count,jul_late_2026,0
2026-07-26,LVH,rikka,video_upload_count,jun_early_2026,0
2026-07-26,LVH,rikka,video_upload_count,jun_late_2026,0
2026-07-26,LVH,rikka,video_upload_count,may_early_2026,0
2026-07-26,LVH,rikka,video_upload_count,may_late_2026,0
2026-07-26,LVH,rikka,video_upload_count,regular_season,0
2026-07-26,LVH,rikka,video_view_count,jul_early_2026,0
2026-07-26,LVH,rikka,video_view_count,jul_late_2026,0
2026-07-26,LVH,rikka,video_view_count,jun_early_2026,0
2026-07-26,LVH,rikka,video_view_count,jun_late_2026,0
2026-07-26,LVH,rikka,video_view_count,may_early_2026,0
2026-07-26,LVH,rikka,video_view_count,may_late_2026,0
2026-07-26,LVH,rikka,video_view_count,regular_season,0
2026-07-26,LVH,rikka,watch_time,jul_early_2026,3688
2026-07-26,LVH,rikka,watch_time,jul_late_2026,18976
2026-07-26,LVH,rikka,watch_time,jun_early_2026,13078
2026-07-26,LVH,rikka,watch_time,jun_late_2026,16924
2026-07-26,LVH,rikka,watch_time,may_early_2026,28442
2026-07-26,LVH,rikka,watch_time,may_late_2026,2528
2026-07-26,LVH,rikka,watch_time,regular_season,18976
2026-07-26,LVH,rikka,youtube_subscribers,current,12400
2026-07-26,LVH,だーよね,followers,current,3164
2026-07-26,LVH,だーよね,stream_duration,apr_late_2026,5.6
2026-07-26,LVH,だーよね,stream_duration,jul_early_2026,4.3
2026-07-26,LVH,だーよね,stream_duration,jul_late_2026,12.0
2026-07-26,LVH,だーよね,stream_duration,jun_early_2026,11.2
2026-07-26,LVH,だーよね,stream_duration,jun_late_2026,9.2
2026-07-26,LVH,だーよね,stream_duration,may_early_2026,18.7
2026-07-26,LVH,だーよね,stream_duration,may_late_2026,17.3
2026-07-26,LVH,だーよね,stream_duration,regular_season,12.0
2026-07-26,LVH,だーよね,video_upload_count,apr_late_2026,0
2026-07-26,LVH,だーよね,video_upload_count,jul_early_2026,0
2026-07-26,LVH,だーよね,video_upload_count,jul_late_2026,0
2026-07-26,LVH,だーよね,video_upload_count,jun_early_2026,0
2026-07-26,LVH,だーよね,video_upload_count,jun_late_2026,0
2026-07-26,LVH,だーよね,video_upload_count,may_early_2026,0
2026-07-26,LVH,だーよね,video_upload_count,may_late_2026,0
2026-07-26,LVH,だーよね,video_upload_count,regular_season,0
2026-07-26,LVH,だーよね,video_view_count,jul_early_2026,0
2026-07-26,LVH,だーよね,video_view_count,jul_late_2026,0
2026-07-26,LVH,だーよね,video_view_count,jun_early_2026,0
2026-07-26,LVH,だーよね,video_view_count,jun_late_2026,0
2026-07-26,LVH,だーよね,video_view_count,may_early_2026,0
2026-07-26,LVH,だーよね,video_view_count,may_late_2026,0
2026-07-26,LVH,だーよね,video_view_count,regular_season,0
2026-07-26,LVH,だーよね,watch_time,jul_early_2026,546
2026-07-26,LVH,だーよね,watch_time,jul_late_2026,1776
2026-07-26,LVH,だーよね,watch_time,jun_early_2026,866
2026-07-26,LVH,だーよね,watch_time,jun_late_2026,1013
2026-07-26,LVH,だーよね,watch_time,may_early_2026,2621
2026-07-26,LVH,だーよね,watch_time,may_late_2026,1566
2026-07-26,LVH,だーよね,watch_time,regular_season,1776
2026-07-26,LVH,だーよね,youtube_subscribers,current,1520
2026-07-26,LVH,智念せいら,followers,current,15401
2026-07-26,LVH,智念せいら,stream_duration,jul_early_2026,19.6
2026-07-26,LVH,智念せいら,stream_duration,jul_late_2026,17.9
2026-07-26,LVH,智念せいら,stream_duration,jun_late_2026,17.6
2026-07-26,LVH,智念せいら,stream_duration,regular_season,25.1
2026-07-26,LVH,智念せいら,video_upload_count,jul_early_2026,9
2026-07-26,LVH,智念せいら,video_upload_count,jul_late_2026,2
2026-07-26,LVH,智念せいら,video_upload_count,jun_late_2026,6
2026-07-26,LVH,智念せいら,video_upload_count,regular_season,7
2026-07-26,LVH,智念せいら,video_view_count,jul_early_2026,617975
2026-07-26,LVH,智念せいら,video_view_count,jul_late_2026,148648
2026-07-26,LVH,智念せいら,video_view_count,regular_season,545964
2026-07-26,LVH,智念せいら,watch_time,jul_early_2026,30693
2026-07-26,LVH,智念せいら,watch_time,jul_late_2026,21827
2026-07-26,LVH,智念せいら,watch_time,regular_season,29932
2026-07-26,LVH,智念せいら,youtube_subscribers,current,60700
2026-07-26,MRG,Spicies,followers,current,32845
2026-07-26,MRG,Spicies,stream_duration,apr_late_2026,97.2
2026-07-26,MRG,Spicies,stream_duration,jul_early_2026,22.0
2026-07-26,MRG,Spicies,stream_duration,jul_late_2026,17.7
2026-07-26,MRG,Spicies,stream_duration,jun_early_2026,84.2
2026-07-26,MRG,Spicies,stream_duration,jun_late_2026,55.6
2026-07-26,MRG,Spicies,stream_duration,may_early_2026,40.3
2026-07-26,MRG,Spicies,stream_duration,may_late_2026,52.1
2026-07-26,MRG,Spicies,stream_duration,regular_season,27.0
2026-07-26,MRG,Spicies,video_upload_count,apr_late_2026,12
2026-07-26,MRG,Spicies,video_upload_count,jul_early_2026,2
2026-07-26,MRG,Spicies,video_upload_count,jul_late_2026,1
2026-07-26,MRG,Spicies,video_upload_count,jun_early_2026,3
2026-07-26,MRG,Spicies,video_upload_count,jun_late_2026,4
2026-07-26,MRG,Spicies,video_upload_count,may_early_2026,6
2026-07-26,MRG,Spicies,video_upload_count,may_late_2026,5
2026-07-26,MRG,Spicies,video_upload_count,regular_season,2
2026-07-26,MRG,Spicies,video_view_count,jul_early_2026,54296
2026-07-26,MRG,Spicies,video_view_count,jul_late_2026,0
2026-07-26,MRG,Spicies,video_view_count,jun_early_2026,44105
2026-07-26,MRG,Spicies,video_view_count,jun_late_2026,103158
2026-07-26,MRG,Spicies,video_view_count,may_early_2026,167728
2026-07-26,MRG,Spicies,video_view_count,may_late_2026,96387
2026-07-26,MRG,Spicies,video_view_count,regular_season,23230
2026-07-26,MRG,Spicies,watch_time,jul_early_2026,47762
2026-07-26,MRG,Spicies,watch_time,jul_late_2026,25586
2026-07-26,MRG,Spicies,watch_time,jun_early_2026,105722
2026-07-26,MRG,Spicies,watch_time,jun_late_2026,122304
2026-07-26,MRG,Spicies,watch_time,may_early_2026,99977
2026-07-26,MRG,Spicies,watch_time,may_late_2026,89154
2026-07-26,MRG,Spicies,watch_time,regular_season,48161
2026-07-26,MRG,Spicies,youtube_subscribers,current,42100
2026-07-26,MRG,Toby,followers,current,18829
2026-07-26,MRG,Toby,stream_duration,apr_late_2026,39.2
2026-07-26,MRG,Toby,stream_duration,jul_early_2026,12.6
2026-07-26,MRG,Toby,stream_duration,jul_late_2026,2.4
2026-07-26,MRG,Toby,stream_duration,jun_early_2026,6.3
2026-07-26,MRG,Toby,stream_duration,jun_late_2026,32.7
2026-07-26,MRG,Toby,stream_duration,may_early_2026,18.5
2026-07-26,MRG,Toby,stream_duration,may_late_2026,25.8
2026-07-26,MRG,Toby,stream_duration,regular_season,7.3
2026-07-26,MRG,Toby,video_upload_count,apr_late_2026,0
2026-07-26,MRG,Toby,video_upload_count,jul_early_2026,0
2026-07-26,MRG,Toby,video_upload_count,jul_late_2026,0
2026-07-26,MRG,Toby,video_upload_count,jun_early_2026,0
2026-07-26,MRG,Toby,video_upload_count,jun_late_2026,2
2026-07-26,MRG,Toby,video_upload_count,may_early_2026,0
2026-07-26,MRG,Toby,video_upload_count,may_late_2026,0
2026-07-26,MRG,Toby,video_upload_count,regular_season,0
2026-07-26,MRG,Toby,video_view_count,jul_early_2026,0
2026-07-26,MRG,Toby,video_view_count,jul_late_2026,0
2026-07-26,MRG,Toby,video_view_count,jun_early_2026,0
2026-07-26,MRG,Toby,video_view_count,jun_late_2026,14358
2026-07-26,MRG,Toby,video_view_count,may_early_2026,0
2026-07-26,MRG,Toby,video_view_count,may_late_2026,0
2026-07-26,MRG,Toby,video_view_count,regular_season,0
2026-07-26,MRG,Toby,watch_time,jul_early_2026,19385
2026-07-26,MRG,Toby,watch_time,jul_late_2026,3958
2026-07-26,MRG,Toby,watch_time,jun_early_2026,4704
2026-07-26,MRG,Toby,watch_time,jun_late_2026,66426
2026-07-26,MRG,Toby,watch_time,may_early_2026,28670
2026-07-26,MRG,Toby,watch_time,may_late_2026,19931
2026-07-26,MRG,Toby,watch_time,regular_season,10295
2026-07-26,MRG,Toby,youtube_subscribers,current,16700
2026-07-26,MRG,glory,followers,current,14905
2026-07-26,MRG,glory,stream_duration,apr_late_2026,82.8
2026-07-26,MRG,glory,stream_duration,jul_early_2026,33.2
2026-07-26,MRG,glory,stream_duration,jul_late_2026,27.3
2026-07-26,MRG,glory,stream_duration,jun_early_2026,64.5
2026-07-26,MRG,glory,stream_duration,jun_late_2026,61.2
2026-07-26,MRG,glory,stream_duration,may_early_2026,48.3
2026-07-26,MRG,glory,stream_duration,may_late_2026,82.8
2026-07-26,MRG,glory,stream_duration,regular_season,42.4
2026-07-26,MRG,glory,video_upload_count,apr_late_2026,0
2026-07-26,MRG,glory,video_upload_count,jul_early_2026,0
2026-07-26,MRG,glory,video_upload_count,jul_late_2026,0
2026-07-26,MRG,glory,video_upload_count,jun_early_2026,0
2026-07-26,MRG,glory,video_upload_count,jun_late_2026,0
2026-07-26,MRG,glory,video_upload_count,may_early_2026,0
2026-07-26,MRG,glory,video_upload_count,may_late_2026,0
2026-07-26,MRG,glory,video_upload_count,regular_season,0
2026-07-26,MRG,glory,video_view_count,jul_early_2026,0
2026-07-26,MRG,glory,video_view_count,jul_late_2026,0
2026-07-26,MRG,glory,video_view_count,jun_early_2026,0
2026-07-26,MRG,glory,video_view_count,jun_late_2026,0
2026-07-26,MRG,glory,video_view_count,may_early_2026,0
2026-07-26,MRG,glory,video_view_count,may_late_2026,0
2026-07-26,MRG,glory,video_view_count,regular_season,0
2026-07-26,MRG,glory,watch_time,jul_early_2026,28636
2026-07-26,MRG,glory,watch_time,jul_late_2026,29911
2026-07-26,MRG,glory,watch_time,jun_early_2026,23062
2026-07-26,MRG,glory,watch_time,jun_late_2026,29182
2026-07-26,MRG,glory,watch_time,may_early_2026,28275
2026-07-26,MRG,glory,watch_time,may_late_2026,42240
2026-07-26,MRG,glory,watch_time,regular_season,43596
2026-07-26,MRG,glory,youtube_subscribers,current,7940
2026-07-26,MRG,もっちゃま,followers,current,9850
2026-07-26,MRG,もっちゃま,stream_duration,jul_early_2026,82.5
2026-07-26,MRG,もっちゃま,stream_duration,jul_late_2026,37.7
2026-07-26,MRG,もっちゃま,stream_duration,jun_late_2026,40.9
2026-07-26,MRG,もっちゃま,stream_duration,regular_season,51.3
2026-07-26,MRG,もっちゃま,video_upload_count,jul_early_2026,0
2026-07-26,MRG,もっちゃま,video_upload_count,jul_late_2026,0
2026-07-26,MRG,もっちゃま,video_upload_count,jun_late_2026,0
2026-07-26,MRG,もっちゃま,video_upload_count,regular_season,0
2026-07-26,MRG,もっちゃま,video_view_count,jul_early_2026,0
2026-07-26,MRG,もっちゃま,video_view_count,jul_late_2026,0
2026-07-26,MRG,もっちゃま,video_view_count,regular_season,0
2026-07-26,MRG,もっちゃま,watch_time,jul_early_2026,116677
2026-07-26,MRG,もっちゃま,watch_time,jul_late_2026,57606
2026-07-26,MRG,もっちゃま,watch_time,regular_season,80663
2026-07-26,MRG,もっちゃま,youtube_subscribers,current,17600
2026-07-26,MRG,マイト,followers,current,11362
2026-07-26,MRG,マイト,stream_duration,apr_late_2026,90.4
2026-07-26,MRG,マイト,stream_duration,jul_early_2026,22.0
2026-07-26,MRG,マイト,stream_duration,jul_late_2026,9.9
2026-07-26,MRG,マイト,stream_duration,jun_early_2026,54.9
2026-07-26,MRG,マイト,stream_duration,jun_late_2026,51.3
2026-07-26,MRG,マイト,stream_duration,may_early_2026,49.9
2026-07-26,MRG,マイト,stream_duration,may_late_2026,60.4
2026-07-26,MRG,マイト,stream_duration,regular_season,11.8
2026-07-26,MRG,マイト,video_upload_count,apr_late_2026,1
2026-07-26,MRG,マイト,video_upload_count,jul_early_2026,3
2026-07-26,MRG,マイト,video_upload_count,jul_late_2026,2
2026-07-26,MRG,マイト,video_upload_count,jun_early_2026,0
2026-07-26,MRG,マイト,video_upload_count,jun_late_2026,4
2026-07-26,MRG,マイト,video_upload_count,may_early_2026,0
2026-07-26,MRG,マイト,video_upload_count,may_late_2026,0
2026-07-26,MRG,マイト,video_upload_count,regular_season,2
2026-07-26,MRG,マイト,video_view_count,jul_early_2026,50094
2026-07-26,MRG,マイト,video_view_count,jul_late_2026,31948
2026-07-26,MRG,マイト,video_view_count,jun_early_2026,0
2026-07-26,MRG,マイト,video_view_count,jun_late_2026,52957
2026-07-26,MRG,マイト,video_view_count,may_early_2026,0
2026-07-26,MRG,マイト,video_view_count,may_late_2026,0
2026-07-26,MRG,マイト,video_view_count,regular_season,31948
2026-07-26,MRG,マイト,watch_time,jul_early_2026,34758
2026-07-26,MRG,マイト,watch_time,jul_late_2026,9407
2026-07-26,MRG,マイト,watch_time,jun_early_2026,58593
2026-07-26,MRG,マイト,watch_time,jun_late_2026,66965
2026-07-26,MRG,マイト,watch_time,may_early_2026,73329
2026-07-26,MRG,マイト,watch_time,may_late_2026,80542
2026-07-26,MRG,マイト,watch_time,regular_season,11360
2026-07-26,MRG,マイト,youtube_subscribers,current,35900
2026-07-26,RC,あぐのむ,followers,current,27322
2026-07-26,RC,あぐのむ,stream_duration,apr_late_2026,12.7
2026-07-26,RC,あぐのむ,stream_duration,jul_early_2026,7.4
2026-07-26,RC,あぐのむ,stream_duration,jul_late_2026,1.4
2026-07-26,RC,あぐのむ,stream_duration,jun_early_2026,18.5
2026-07-26,RC,あぐのむ,stream_duration,jun_late_2026,6.1
2026-07-26,RC,あぐのむ,stream_duration,may_early_2026,12.4
2026-07-26,RC,あぐのむ,stream_duration,may_late_2026,0.9
2026-07-26,RC,あぐのむ,stream_duration,regular_season,8.8
2026-07-26,RC,あぐのむ,video_upload_count,apr_late_2026,2
2026-07-26,RC,あぐのむ,video_upload_count,jul_early_2026,1
2026-07-26,RC,あぐのむ,video_upload_count,jul_late_2026,0
2026-07-26,RC,あぐのむ,video_upload_count,jun_early_2026,0
2026-07-26,RC,あぐのむ,video_upload_count,jun_late_2026,3
2026-07-26,RC,あぐのむ,video_upload_count,may_early_2026,2
2026-07-26,RC,あぐのむ,video_upload_count,may_late_2026,0
2026-07-26,RC,あぐのむ,video_upload_count,regular_season,0
2026-07-26,RC,あぐのむ,video_view_count,jul_early_2026,17335
2026-07-26,RC,あぐのむ,video_view_count,jul_late_2026,0
2026-07-26,RC,あぐのむ,video_view_count,jun_early_2026,0
2026-07-26,RC,あぐのむ,video_view_count,jun_late_2026,52049
2026-07-26,RC,あぐのむ,video_view_count,may_early_2026,20087
2026-07-26,RC,あぐのむ,video_view_count,may_late_2026,0
2026-07-26,RC,あぐのむ,video_view_count,regular_season,0
2026-07-26,RC,あぐのむ,watch_time,jul_early_2026,4303
2026-07-26,RC,あぐのむ,watch_time,jul_late_2026,1014
2026-07-26,RC,あぐのむ,watch_time,jun_early_2026,3773
2026-07-26,RC,あぐのむ,watch_time,jun_late_2026,1718
2026-07-26,RC,あぐのむ,watch_time,may_early_2026,7048
2026-07-26,RC,あぐのむ,watch_time,may_late_2026,45
2026-07-26,RC,あぐのむ,watch_time,regular_season,5311
2026-07-26,RC,あぐのむ,youtube_subscribers,current,35400
2026-07-26,RC,たばた,followers,current,11321
2026-07-26,RC,たばた,stream_duration,apr_late_2026,3.1
2026-07-26,RC,たばた,stream_duration,jul_early_2026,9.6
2026-07-26,RC,たばた,stream_duration,jul_late_2026,4.2
2026-07-26,RC,たばた,stream_duration,jun_early_2026,49.8
2026-07-26,RC,たばた,stream_duration,jun_late_2026,19.5
2026-07-26,RC,たばた,stream_duration,may_early_2026,4.0
2026-07-26,RC,たばた,stream_duration,may_late_2026,4.6
2026-07-26,RC,たばた,stream_duration,regular_season,5.4
2026-07-26,RC,たばた,video_upload_count,apr_late_2026,0
2026-07-26,RC,たばた,video_upload_count,jul_early_2026,0
2026-07-26,RC,たばた,video_upload_count,jul_late_2026,3
2026-07-26,RC,たばた,video_upload_count,jun_early_2026,1
2026-07-26,RC,たばた,video_upload_count,jun_late_2026,2
2026-07-26,RC,たばた,video_upload_count,may_early_2026,0
2026-07-26,RC,たばた,video_upload_count,may_late_2026,1
2026-07-26,RC,たばた,video_upload_count,regular_season,3
2026-07-26,RC,たばた,video_view_count,jul_early_2026,0
2026-07-26,RC,たばた,video_view_count,jul_late_2026,4204
2026-07-26,RC,たばた,video_view_count,jun_early_2026,2922
2026-07-26,RC,たばた,video_view_count,jun_late_2026,7648
2026-07-26,RC,たばた,video_view_count,may_early_2026,0
2026-07-26,RC,たばた,video_view_count,may_late_2026,3273
2026-07-26,RC,たばた,video_view_count,regular_season,4204
2026-07-26,RC,たばた,watch_time,jul_early_2026,982
2026-07-26,RC,たばた,watch_time,jul_late_2026,1013
2026-07-26,RC,たばた,watch_time,jun_early_2026,3924
2026-07-26,RC,たばた,watch_time,jun_late_2026,1715
2026-07-26,RC,たばた,watch_time,may_early_2026,75
2026-07-26,RC,たばた,watch_time,may_late_2026,101
2026-07-26,RC,たばた,watch_time,regular_season,1270
2026-07-26,RC,たばた,youtube_subscribers,current,3860
2026-07-26,RC,つきあかめん,followers,current,3603
2026-07-26,RC,つきあかめん,stream_duration,jul_early_2026,43.3
2026-07-26,RC,つきあかめん,stream_duration,jul_late_2026,34.2
2026-07-26,RC,つきあかめん,stream_duration,jun_late_2026,41.7
2026-07-26,RC,つきあかめん,stream_duration,regular_season,45.9
2026-07-26,RC,つきあかめん,video_upload_count,jul_early_2026,3
2026-07-26,RC,つきあかめん,video_upload_count,jul_late_2026,1
2026-07-26,RC,つきあかめん,video_upload_count,jun_late_2026,1
2026-07-26,RC,つきあかめん,video_upload_count,regular_season,1
2026-07-26,RC,つきあかめん,video_view_count,jul_early_2026,34698
2026-07-26,RC,つきあかめん,video_view_count,jul_late_2026,0
2026-07-26,RC,つきあかめん,video_view_count,regular_season,0
2026-07-26,RC,つきあかめん,watch_time,jul_early_2026,17481
2026-07-26,RC,つきあかめん,watch_time,jul_late_2026,12442
2026-07-26,RC,つきあかめん,watch_time,regular_season,18375
2026-07-26,RC,つきあかめん,youtube_subscribers,current,6800
2026-07-26,RC,ぱらちゃん,followers,current,34703
2026-07-26,RC,ぱらちゃん,stream_duration,apr_late_2026,54.1
2026-07-26,RC,ぱらちゃん,stream_duration,jul_early_2026,37.5
2026-07-26,RC,ぱらちゃん,stream_duration,jul_late_2026,24.5
2026-07-26,RC,ぱらちゃん,stream_duration,jun_early_2026,20.4
2026-07-26,RC,ぱらちゃん,stream_duration,jun_late_2026,35.2
2026-07-26,RC,ぱらちゃん,stream_duration,may_early_2026,37.5
2026-07-26,RC,ぱらちゃん,stream_duration,may_late_2026,48.8
2026-07-26,RC,ぱらちゃん,stream_duration,regular_season,36.5
2026-07-26,RC,ぱらちゃん,video_upload_count,apr_late_2026,2
2026-07-26,RC,ぱらちゃん,video_upload_count,jul_early_2026,0
2026-07-26,RC,ぱらちゃん,video_upload_count,jul_late_2026,0
2026-07-26,RC,ぱらちゃん,video_upload_count,jun_early_2026,1
2026-07-26,RC,ぱらちゃん,video_upload_count,jun_late_2026,1
2026-07-26,RC,ぱらちゃん,video_upload_count,may_early_2026,9
2026-07-26,RC,ぱらちゃん,video_upload_count,may_late_2026,4
2026-07-26,RC,ぱらちゃん,video_upload_count,regular_season,0
2026-07-26,RC,ぱらちゃん,video_view_count,jul_early_2026,0
2026-07-26,RC,ぱらちゃん,video_view_count,jul_late_2026,0
2026-07-26,RC,ぱらちゃん,video_view_count,jun_early_2026,16237
2026-07-26,RC,ぱらちゃん,video_view_count,jun_late_2026,27561
2026-07-26,RC,ぱらちゃん,video_view_count,may_early_2026,159462
2026-07-26,RC,ぱらちゃん,video_view_count,may_late_2026,76393
2026-07-26,RC,ぱらちゃん,video_view_count,regular_season,0
2026-07-26,RC,ぱらちゃん,watch_time,jul_early_2026,47653
2026-07-26,RC,ぱらちゃん,watch_time,jul_late_2026,17200
2026-07-26,RC,ぱらちゃん,watch_time,jun_early_2026,14828
2026-07-26,RC,ぱらちゃん,watch_time,jun_late_2026,41002
2026-07-26,RC,ぱらちゃん,watch_time,may_early_2026,54871
2026-07-26,RC,ぱらちゃん,watch_time,may_late_2026,47272
2026-07-26,RC,ぱらちゃん,watch_time,regular_season,29472
2026-07-26,RC,ぱらちゃん,youtube_subscribers,current,45500
2026-07-26,RC,拓海,followers,current,10223
2026-07-26,RC,拓海,stream_duration,apr_late_2026,26.1
2026-07-26,RC,拓海,stream_duration,jul_early_2026,30.3
2026-07-26,RC,拓海,stream_duration,jul_late_2026,24.0
2026-07-26,RC,拓海,stream_duration,jun_early_2026,0.0
2026-07-26,RC,拓海,stream_duration,jun_late_2026,55.1
2026-07-26,RC,拓海,stream_duration,may_early_2026,33.3
2026-07-26,RC,拓海,stream_duration,may_late_2026,14.7
2026-07-26,RC,拓海,stream_duration,regular_season,31.3
2026-07-26,RC,拓海,video_upload_count,apr_late_2026,0
2026-07-26,RC,拓海,video_upload_count,jul_early_2026,1
2026-07-26,RC,拓海,video_upload_count,jul_late_2026,0
2026-07-26,RC,拓海,video_upload_count,jun_early_2026,2
2026-07-26,RC,拓海,video_upload_count,jun_late_2026,1
2026-07-26,RC,拓海,video_upload_count,may_early_2026,0
2026-07-26,RC,拓海,video_upload_count,may_late_2026,0
2026-07-26,RC,拓海,video_upload_count,regular_season,0
2026-07-26,RC,拓海,video_view_count,jul_early_2026,6767
2026-07-26,RC,拓海,video_view_count,jul_late_2026,0
2026-07-26,RC,拓海,video_view_count,jun_early_2026,32895
2026-07-26,RC,拓海,video_view_count,jun_late_2026,5275
2026-07-26,RC,拓海,video_view_count,may_early_2026,0
2026-07-26,RC,拓海,video_view_count,may_late_2026,0
2026-07-26,RC,拓海,video_view_count,regular_season,0
2026-07-26,RC,拓海,watch_time,jul_early_2026,5850
2026-07-26,RC,拓海,watch_time,jul_late_2026,5031
2026-07-26,RC,拓海,watch_time,jun_early_2026,0
2026-07-26,RC,拓海,watch_time,jun_late_2026,5019
2026-07-26,RC,拓海,watch_time,may_early_2026,2915
2026-07-26,RC,拓海,watch_time,may_late_2026,978
2026-07-26,RC,拓海,watch_time,regular_season,6156
2026-07-26,RC,拓海,youtube_subscribers,current,5470
2026-07-26,RDL,Chappy,followers,current,2547
2026-07-26,RDL,Chappy,stream_duration,jul_early_2026,78.2
2026-07-26,RDL,Chappy,stream_duration,jul_late_2026,21.9
2026-07-26,RDL,Chappy,stream_duration,jun_late_2026,93.0
2026-07-26,RDL,Chappy,stream_duration,regular_season,36.0
2026-07-26,RDL,Chappy,video_upload_count,jul_early_2026,0
2026-07-26,RDL,Chappy,video_upload_count,jul_late_2026,0
2026-07-26,RDL,Chappy,video_upload_count,jun_late_2026,0
2026-07-26,RDL,Chappy,video_upload_count,regular_season,0
2026-07-26,RDL,Chappy,video_view_count,jul_early_2026,0
2026-07-26,RDL,Chappy,video_view_count,jul_late_2026,0
2026-07-26,RDL,Chappy,video_view_count,regular_season,0
2026-07-26,RDL,Chappy,watch_time,jul_early_2026,11737
2026-07-26,RDL,Chappy,watch_time,jul_late_2026,2363
2026-07-26,RDL,Chappy,watch_time,regular_season,4285
2026-07-26,RDL,Stylish_deko,followers,current,1603
2026-07-26,RDL,Stylish_deko,stream_duration,jul_early_2026,29.9
2026-07-26,RDL,Stylish_deko,stream_duration,jul_late_2026,12.6
2026-07-26,RDL,Stylish_deko,stream_duration,jun_late_2026,39.0
2026-07-26,RDL,Stylish_deko,stream_duration,regular_season,17.7
2026-07-26,RDL,Stylish_deko,video_upload_count,jul_early_2026,1
2026-07-26,RDL,Stylish_deko,video_upload_count,jul_late_2026,0
2026-07-26,RDL,Stylish_deko,video_upload_count,jun_late_2026,2
2026-07-26,RDL,Stylish_deko,video_upload_count,regular_season,0
2026-07-26,RDL,Stylish_deko,video_view_count,jul_early_2026,932
2026-07-26,RDL,Stylish_deko,video_view_count,jul_late_2026,0
2026-07-26,RDL,Stylish_deko,video_view_count,regular_season,0
2026-07-26,RDL,Stylish_deko,watch_time,jul_early_2026,1858
2026-07-26,RDL,Stylish_deko,watch_time,jul_late_2026,1017
2026-07-26,RDL,Stylish_deko,watch_time,regular_season,1163
2026-07-26,RDL,Stylish_deko,youtube_subscribers,current,469
2026-07-26,RDL,ぱんさく,followers,current,1102
2026-07-26,RDL,ぱんさく,stream_duration,jul_early_2026,5.5
2026-07-26,RDL,ぱんさく,stream_duration,jul_late_2026,0.0
2026-07-26,RDL,ぱんさく,stream_duration,jun_late_2026,15.8
2026-07-26,RDL,ぱんさく,stream_duration,regular_season,1.7
2026-07-26,RDL,ぱんさく,video_upload_count,jul_early_2026,0
2026-07-26,RDL,ぱんさく,video_upload_count,jul_late_2026,0
2026-07-26,RDL,ぱんさく,video_upload_count,jun_late_2026,0
2026-07-26,RDL,ぱんさく,video_upload_count,regular_season,0
2026-07-26,RDL,ぱんさく,video_view_count,jul_early_2026,0
2026-07-26,RDL,ぱんさく,video_view_count,jul_late_2026,0
2026-07-26,RDL,ぱんさく,video_view_count,regular_season,0
2026-07-26,RDL,ぱんさく,watch_time,jul_early_2026,79
2026-07-26,RDL,ぱんさく,watch_time,jul_late_2026,0
2026-07-26,RDL,ぱんさく,watch_time,regular_season,37
2026-07-26,RDL,ぱんさく,youtube_subscribers,current,196
2026-07-26,RDL,山田レクイエム,followers,current,2054
2026-07-26,RDL,山田レクイエム,stream_duration,jul_early_2026,0.0
2026-07-26,RDL,山田レクイエム,stream_duration,jul_late_2026,0.0
2026-07-26,RDL,山田レクイエム,stream_duration,jun_late_2026,15.4
2026-07-26,RDL,山田レクイエム,stream_duration,regular_season,0.0
2026-07-26,RDL,山田レクイエム,video_upload_count,jul_early_2026,0
2026-07-26,RDL,山田レクイエム,video_upload_count,jul_late_2026,0
2026-07-26,RDL,山田レクイエム,video_upload_count,jun_late_2026,0
2026-07-26,RDL,山田レクイエム,video_upload_count,regular_season,0
2026-07-26,RDL,山田レクイエム,video_view_count,jul_early_2026,0
2026-07-26,RDL,山田レクイエム,video_view_count,jul_late_2026,0
2026-07-26,RDL,山田レクイエム,video_view_count,regular_season,0
2026-07-26,RDL,山田レクイエム,watch_time,jul_early_2026,0
2026-07-26,RDL,山田レクイエム,watch_time,jul_late_2026,0
2026-07-26,RDL,山田レクイエム,watch_time,regular_season,0
2026-07-26,RDL,山田レクイエム,youtube_subscribers,current,300
2026-07-26,RDL,折り紙,followers,current,5110
2026-07-26,RDL,折り紙,stream_duration,apr_late_2026,74.4
2026-07-26,RDL,折り紙,stream_duration,jul_early_2026,25.6
2026-07-26,RDL,折り紙,stream_duration,jul_late_2026,10.1
2026-07-26,RDL,折り紙,stream_duration,jun_early_2026,47.1
2026-07-26,RDL,折り紙,stream_duration,jun_late_2026,33.0
2026-07-26,RDL,折り紙,stream_duration,may_early_2026,50.5
2026-07-26,RDL,折り紙,stream_duration,may_late_2026,54.7
2026-07-26,RDL,折り紙,stream_duration,regular_season,17.2
2026-07-26,RDL,折り紙,video_upload_count,apr_late_2026,5
2026-07-26,RDL,折り紙,video_upload_count,jul_early_2026,3
2026-07-26,RDL,折り紙,video_upload_count,jul_late_2026,0
2026-07-26,RDL,折り紙,video_upload_count,jun_early_2026,3
2026-07-26,RDL,折り紙,video_upload_count,jun_late_2026,3
2026-07-26,RDL,折り紙,video_upload_count,may_early_2026,3
2026-07-26,RDL,折り紙,video_upload_count,may_late_2026,5
2026-07-26,RDL,折り紙,video_upload_count,regular_season,0
2026-07-26,RDL,折り紙,video_view_count,jul_early_2026,59767
2026-07-26,RDL,折り紙,video_view_count,jul_late_2026,0
2026-07-26,RDL,折り紙,video_view_count,jun_early_2026,43730
2026-07-26,RDL,折り紙,video_view_count,jun_late_2026,88530
2026-07-26,RDL,折り紙,video_view_count,may_early_2026,107876
2026-07-26,RDL,折り紙,video_view_count,may_late_2026,66564
2026-07-26,RDL,折り紙,video_view_count,regular_season,0
2026-07-26,RDL,折り紙,watch_time,jul_early_2026,6628
2026-07-26,RDL,折り紙,watch_time,jul_late_2026,741
2026-07-26,RDL,折り紙,watch_time,jun_early_2026,5895
2026-07-26,RDL,折り紙,watch_time,jun_late_2026,4608
2026-07-26,RDL,折り紙,watch_time,may_early_2026,7528
2026-07-26,RDL,折り紙,watch_time,may_late_2026,9118
2026-07-26,RDL,折り紙,watch_time,regular_season,2087
2026-07-26,RDL,折り紙,youtube_subscribers,current,14400
2026-07-26,VRL,Mishadow51,followers,current,2929
2026-07-26,VRL,Mishadow51,stream_duration,apr_late_2026,0.0
2026-07-26,VRL,Mishadow51,stream_duration,jul_early_2026,0.0
2026-07-26,VRL,Mishadow51,stream_duration,jul_late_2026,0.0
2026-07-26,VRL,Mishadow51,stream_duration,jun_early_2026,0.0
2026-07-26,VRL,Mishadow51,stream_duration,jun_late_2026,0.0
2026-07-26,VRL,Mishadow51,stream_duration,may_early_2026,0.0
2026-07-26,VRL,Mishadow51,stream_duration,may_late_2026,0.0
2026-07-26,VRL,Mishadow51,stream_duration,regular_season,0.0
2026-07-26,VRL,Mishadow51,video_upload_count,apr_late_2026,0
2026-07-26,VRL,Mishadow51,video_upload_count,jul_early_2026,0
2026-07-26,VRL,Mishadow51,video_upload_count,jul_late_2026,0
2026-07-26,VRL,Mishadow51,video_upload_count,jun_early_2026,0
2026-07-26,VRL,Mishadow51,video_upload_count,jun_late_2026,0
2026-07-26,VRL,Mishadow51,video_upload_count,may_early_2026,0
2026-07-26,VRL,Mishadow51,video_upload_count,may_late_2026,0
2026-07-26,VRL,Mishadow51,video_upload_count,regular_season,0
2026-07-26,VRL,Mishadow51,video_view_count,jul_early_2026,0
2026-07-26,VRL,Mishadow51,video_view_count,jul_late_2026,0
2026-07-26,VRL,Mishadow51,video_view_count,jun_early_2026,0
2026-07-26,VRL,Mishadow51,video_view_count,jun_late_2026,0
2026-07-26,VRL,Mishadow51,video_view_count,may_early_2026,0
2026-07-26,VRL,Mishadow51,video_view_count,may_late_2026,0
2026-07-26,VRL,Mishadow51,video_view_count,regular_season,0
2026-07-26,VRL,Mishadow51,watch_time,jul_early_2026,0
2026-07-26,VRL,Mishadow51,watch_time,jul_late_2026,0
2026-07-26,VRL,Mishadow51,watch_time,jun_early_2026,0
2026-07-26,VRL,Mishadow51,watch_time,jun_late_2026,0
2026-07-26,VRL,Mishadow51,watch_time,may_early_2026,0
2026-07-26,VRL,Mishadow51,watch_time,may_late_2026,0
2026-07-26,VRL,Mishadow51,watch_time,regular_season,0
2026-07-26,VRL,Mishadow51,youtube_subscribers,current,25
2026-07-26,VRL,Terarina,followers,current,3778
2026-07-26,VRL,Terarina,stream_duration,apr_late_2026,4.0
2026-07-26,VRL,Terarina,stream_duration,jul_early_2026,0.2
2026-07-26,VRL,Terarina,stream_duration,jul_late_2026,9.1
2026-07-26,VRL,Terarina,stream_duration,jun_early_2026,16.0
2026-07-26,VRL,Terarina,stream_duration,jun_late_2026,4.2
2026-07-26,VRL,Terarina,stream_duration,may_early_2026,5.1
2026-07-26,VRL,Terarina,stream_duration,may_late_2026,5.9
2026-07-26,VRL,Terarina,stream_duration,regular_season,9.1
2026-07-26,VRL,Terarina,video_upload_count,apr_late_2026,0
2026-07-26,VRL,Terarina,video_upload_count,jul_early_2026,0
2026-07-26,VRL,Terarina,video_upload_count,jul_late_2026,0
2026-07-26,VRL,Terarina,video_upload_count,jun_early_2026,0
2026-07-26,VRL,Terarina,video_upload_count,jun_late_2026,0
2026-07-26,VRL,Terarina,video_upload_count,may_early_2026,0
2026-07-26,VRL,Terarina,video_upload_count,may_late_2026,0
2026-07-26,VRL,Terarina,video_upload_count,regular_season,0
2026-07-26,VRL,Terarina,video_view_count,jul_early_2026,0
2026-07-26,VRL,Terarina,video_view_count,jul_late_2026,0
2026-07-26,VRL,Terarina,video_view_count,jun_early_2026,0
2026-07-26,VRL,Terarina,video_view_count,jun_late_2026,0
2026-07-26,VRL,Terarina,video_view_count,may_early_2026,0
2026-07-26,VRL,Terarina,video_view_count,may_late_2026,0
2026-07-26,VRL,Terarina,video_view_count,regular_season,0
2026-07-26,VRL,Terarina,watch_time,jul_early_2026,3
2026-07-26,VRL,Terarina,watch_time,jul_late_2026,65
2026-07-26,VRL,Terarina,watch_time,jun_early_2026,2920
2026-07-26,VRL,Terarina,watch_time,jun_late_2026,193
2026-07-26,VRL,Terarina,watch_time,may_early_2026,387
2026-07-26,VRL,Terarina,watch_time,may_late_2026,381
2026-07-26,VRL,Terarina,watch_time,regular_season,65
2026-07-26,VRL,Terarina,youtube_subscribers,current,1770
2026-07-26,VRL,monakawan,followers,current,1871
2026-07-26,VRL,monakawan,stream_duration,apr_late_2026,0.0
2026-07-26,VRL,monakawan,stream_duration,jul_early_2026,0.0
2026-07-26,VRL,monakawan,stream_duration,jul_late_2026,16.7
2026-07-26,VRL,monakawan,stream_duration,jun_early_2026,0.0
2026-07-26,VRL,monakawan,stream_duration,jun_late_2026,0.0
2026-07-26,VRL,monakawan,stream_duration,may_early_2026,0.0
2026-07-26,VRL,monakawan,stream_duration,may_late_2026,0.0
2026-07-26,VRL,monakawan,stream_duration,regular_season,16.7
2026-07-26,VRL,monakawan,video_upload_count,apr_late_2026,0
2026-07-26,VRL,monakawan,video_upload_count,jul_early_2026,0
2026-07-26,VRL,monakawan,video_upload_count,jul_late_2026,0
2026-07-26,VRL,monakawan,video_upload_count,jun_early_2026,0
2026-07-26,VRL,monakawan,video_upload_count,jun_late_2026,0
2026-07-26,VRL,monakawan,video_upload_count,may_early_2026,0
2026-07-26,VRL,monakawan,video_upload_count,may_late_2026,0
2026-07-26,VRL,monakawan,video_upload_count,regular_season,0
2026-07-26,VRL,monakawan,video_view_count,jul_early_2026,0
2026-07-26,VRL,monakawan,video_view_count,jul_late_2026,0
2026-07-26,VRL,monakawan,video_view_count,jun_early_2026,0
2026-07-26,VRL,monakawan,video_view_count,jun_late_2026,0
2026-07-26,VRL,monakawan,video_view_count,may_early_2026,0
2026-07-26,VRL,monakawan,video_view_count,may_late_2026,0
2026-07-26,VRL,monakawan,video_view_count,regular_season,0
2026-07-26,VRL,monakawan,watch_time,jul_early_2026,0
2026-07-26,VRL,monakawan,watch_time,jul_late_2026,262
2026-07-26,VRL,monakawan,watch_time,jun_early_2026,0
2026-07-26,VRL,monakawan,watch_time,jun_late_2026,0
2026-07-26,VRL,monakawan,watch_time,may_early_2026,0
2026-07-26,VRL,monakawan,watch_time,may_late_2026,0
2026-07-26,VRL,monakawan,watch_time,regular_season,262
2026-07-26,VRL,monakawan,youtube_subscribers,current,366
2026-07-26,VRL,まっつ,followers,current,4547
2026-07-26,VRL,まっつ,stream_duration,jul_early_2026,8.3
2026-07-26,VRL,まっつ,stream_duration,jul_late_2026,14.6
2026-07-26,VRL,まっつ,stream_duration,jun_late_2026,16.8
2026-07-26,VRL,まっつ,stream_duration,regular_season,17.6
2026-07-26,VRL,まっつ,video_upload_count,jul_early_2026,0
2026-07-26,VRL,まっつ,video_upload_count,jul_late_2026,0
2026-07-26,VRL,まっつ,video_upload_count,jun_late_2026,0
2026-07-26,VRL,まっつ,video_upload_count,regular_season,0
2026-07-26,VRL,まっつ,video_view_count,jul_early_2026,0
2026-07-26,VRL,まっつ,video_view_count,jul_late_2026,0
2026-07-26,VRL,まっつ,video_view_count,regular_season,0
2026-07-26,VRL,まっつ,watch_time,jul_early_2026,540
2026-07-26,VRL,まっつ,watch_time,jul_late_2026,1435
2026-07-26,VRL,まっつ,watch_time,regular_season,1472
2026-07-26,VRL,まっつ,youtube_subscribers,current,1600
2026-07-26,ZETA,CQCQ,followers,current,13731
2026-07-26,ZETA,CQCQ,stream_duration,apr_late_2026,21.5
2026-07-26,ZETA,CQCQ,stream_duration,jul_early_2026,2.7
2026-07-26,ZETA,CQCQ,stream_duration,jul_late_2026,15.8
2026-07-26,ZETA,CQCQ,stream_duration,jun_early_2026,18.1
2026-07-26,ZETA,CQCQ,stream_duration,jun_late_2026,20.2
2026-07-26,ZETA,CQCQ,stream_duration,may_early_2026,26.4
2026-07-26,ZETA,CQCQ,stream_duration,may_late_2026,18.6
2026-07-26,ZETA,CQCQ,stream_duration,regular_season,15.8
2026-07-26,ZETA,CQCQ,video_upload_count,apr_late_2026,2
2026-07-26,ZETA,CQCQ,video_upload_count,jul_early_2026,0
2026-07-26,ZETA,CQCQ,video_upload_count,jul_late_2026,0
2026-07-26,ZETA,CQCQ,video_upload_count,jun_early_2026,0
2026-07-26,ZETA,CQCQ,video_upload_count,jun_late_2026,0
2026-07-26,ZETA,CQCQ,video_upload_count,may_early_2026,1
2026-07-26,ZETA,CQCQ,video_upload_count,may_late_2026,0
2026-07-26,ZETA,CQCQ,video_upload_count,regular_season,0
2026-07-26,ZETA,CQCQ,video_view_count,jul_early_2026,0
2026-07-26,ZETA,CQCQ,video_view_count,jul_late_2026,0
2026-07-26,ZETA,CQCQ,video_view_count,jun_early_2026,0
2026-07-26,ZETA,CQCQ,video_view_count,jun_late_2026,0
2026-07-26,ZETA,CQCQ,video_view_count,may_early_2026,32600
2026-07-26,ZETA,CQCQ,video_view_count,may_late_2026,0
2026-07-26,ZETA,CQCQ,video_view_count,regular_season,0
2026-07-26,ZETA,CQCQ,watch_time,jul_early_2026,1808
2026-07-26,ZETA,CQCQ,watch_time,jul_late_2026,6539
2026-07-26,ZETA,CQCQ,watch_time,jun_early_2026,5188
2026-07-26,ZETA,CQCQ,watch_time,jun_late_2026,8316
2026-07-26,ZETA,CQCQ,watch_time,may_early_2026,18546
2026-07-26,ZETA,CQCQ,watch_time,may_late_2026,9708
2026-07-26,ZETA,CQCQ,watch_time,regular_season,6539
2026-07-26,ZETA,CQCQ,youtube_subscribers,current,13500
2026-07-26,ZETA,TBT,followers,current,2561
2026-07-26,ZETA,TBT,stream_duration,apr_late_2026,4.4
2026-07-26,ZETA,TBT,stream_duration,jul_early_2026,3.8
2026-07-26,ZETA,TBT,stream_duration,jul_late_2026,9.3
2026-07-26,ZETA,TBT,stream_duration,jun_early_2026,2.2
2026-07-26,ZETA,TBT,stream_duration,jun_late_2026,19.3
2026-07-26,ZETA,TBT,stream_duration,may_early_2026,0.0
2026-07-26,ZETA,TBT,stream_duration,may_late_2026,16.0
2026-07-26,ZETA,TBT,stream_duration,regular_season,9.3
2026-07-26,ZETA,TBT,video_upload_count,apr_late_2026,2
2026-07-26,ZETA,TBT,video_upload_count,jul_early_2026,0
2026-07-26,ZETA,TBT,video_upload_count,jul_late_2026,0
2026-07-26,ZETA,TBT,video_upload_count,jun_early_2026,0
2026-07-26,ZETA,TBT,video_upload_count,jun_late_2026,0
2026-07-26,ZETA,TBT,video_upload_count,may_early_2026,0
2026-07-26,ZETA,TBT,video_upload_count,may_late_2026,0
2026-07-26,ZETA,TBT,video_upload_count,regular_season,0
2026-07-26,ZETA,TBT,video_view_count,jul_early_2026,0
2026-07-26,ZETA,TBT,video_view_count,jul_late_2026,0
2026-07-26,ZETA,TBT,video_view_count,jun_early_2026,0
2026-07-26,ZETA,TBT,video_view_count,jun_late_2026,0
2026-07-26,ZETA,TBT,video_view_count,may_early_2026,0
2026-07-26,ZETA,TBT,video_view_count,may_late_2026,0
2026-07-26,ZETA,TBT,video_view_count,regular_season,0
2026-07-26,ZETA,TBT,watch_time,jul_early_2026,319
2026-07-26,ZETA,TBT,watch_time,jul_late_2026,896
2026-07-26,ZETA,TBT,watch_time,jun_early_2026,258
2026-07-26,ZETA,TBT,watch_time,jun_late_2026,1414
2026-07-26,ZETA,TBT,watch_time,may_early_2026,0
2026-07-26,ZETA,TBT,watch_time,may_late_2026,2626
2026-07-26,ZETA,TBT,watch_time,regular_season,896
2026-07-26,ZETA,TBT,youtube_subscribers,current,1110
2026-07-26,ZETA,ねぎま,followers,current,3220
2026-07-26,ZETA,ねぎま,stream_duration,jul_early_2026,14.6
2026-07-26,ZETA,ねぎま,stream_duration,jul_late_2026,37.0
2026-07-26,ZETA,ねぎま,stream_duration,jun_late_2026,77.4
2026-07-26,ZETA,ねぎま,stream_duration,regular_season,37.0
2026-07-26,ZETA,ねぎま,video_upload_count,jul_early_2026,0
2026-07-26,ZETA,ねぎま,video_upload_count,jul_late_2026,0
2026-07-26,ZETA,ねぎま,video_upload_count,jun_late_2026,1
2026-07-26,ZETA,ねぎま,video_upload_count,regular_season,0
2026-07-26,ZETA,ねぎま,video_view_count,jul_early_2026,0
2026-07-26,ZETA,ねぎま,video_view_count,jul_late_2026,0
2026-07-26,ZETA,ねぎま,video_view_count,regular_season,0
2026-07-26,ZETA,ねぎま,watch_time,jul_early_2026,1479
2026-07-26,ZETA,ねぎま,watch_time,jul_late_2026,6147
2026-07-26,ZETA,ねぎま,watch_time,regular_season,6147
2026-07-26,ZETA,ねぎま,youtube_subscribers,current,1470
2026-07-26,ZETA,ヘイム,followers,current,6320
2026-07-26,ZETA,ヘイム,stream_duration,apr_late_2026,57.1
2026-07-26,ZETA,ヘイム,stream_duration,jul_early_2026,8.1
2026-07-26,ZETA,ヘイム,stream_duration,jul_late_2026,22.7
2026-07-26,ZETA,ヘイム,stream_duration,jun_early_2026,41.3
2026-07-26,ZETA,ヘイム,stream_duration,jun_late_2026,11.1
2026-07-26,ZETA,ヘイム,stream_duration,may_early_2026,63.6
2026-07-26,ZETA,ヘイム,stream_duration,may_late_2026,80.1
2026-07-26,ZETA,ヘイム,stream_duration,regular_season,23.9
2026-07-26,ZETA,ヘイム,video_upload_count,apr_late_2026,0
2026-07-26,ZETA,ヘイム,video_upload_count,jul_early_2026,0
2026-07-26,ZETA,ヘイム,video_upload_count,jul_late_2026,0
2026-07-26,ZETA,ヘイム,video_upload_count,jun_early_2026,0
2026-07-26,ZETA,ヘイム,video_upload_count,jun_late_2026,0
2026-07-26,ZETA,ヘイム,video_upload_count,may_early_2026,0
2026-07-26,ZETA,ヘイム,video_upload_count,may_late_2026,0
2026-07-26,ZETA,ヘイム,video_upload_count,regular_season,0
2026-07-26,ZETA,ヘイム,video_view_count,jul_early_2026,0
2026-07-26,ZETA,ヘイム,video_view_count,jul_late_2026,0
2026-07-26,ZETA,ヘイム,video_view_count,jun_early_2026,0
2026-07-26,ZETA,ヘイム,video_view_count,jun_late_2026,0
2026-07-26,ZETA,ヘイム,video_view_count,may_early_2026,0
2026-07-26,ZETA,ヘイム,video_view_count,may_late_2026,0
2026-07-26,ZETA,ヘイム,video_view_count,regular_season,0
2026-07-26,ZETA,ヘイム,watch_time,jul_early_2026,1205
2026-07-26,ZETA,ヘイム,watch_time,jul_late_2026,6332
2026-07-26,ZETA,ヘイム,watch_time,jun_early_2026,6920
2026-07-26,ZETA,ヘイム,watch_time,jun_late_2026,1119
2026-07-26,ZETA,ヘイム,watch_time,may_early_2026,30598
2026-07-26,ZETA,ヘイム,watch_time,may_late_2026,19810
2026-07-26,ZETA,ヘイム,watch_time,regular_season,6538
2026-07-26,ZETA,ヘイム,youtube_subscribers,current,5050
2026-07-28,CR,Atom,followers,current,13197
2026-07-28,CR,Atom,stream_duration,apr_late_2026,35.5
2026-07-28,CR,Atom,stream_duration,jul_early_2026,0.8
2026-07-28,CR,Atom,stream_duration,jul_late_2026,15.4
2026-07-28,CR,Atom,stream_duration,jun_early_2026,3.6
2026-07-28,CR,Atom,stream_duration,jun_late_2026,0.0
2026-07-28,CR,Atom,stream_duration,may_early_2026,21.2
2026-07-28,CR,Atom,stream_duration,may_late_2026,15.3
2026-07-28,CR,Atom,stream_duration,regular_season,16.2
2026-07-28,CR,Atom,video_upload_count,apr_late_2026,0
2026-07-28,CR,Atom,video_upload_count,jul_early_2026,0
2026-07-28,CR,Atom,video_upload_count,jul_late_2026,0
2026-07-28,CR,Atom,video_upload_count,jun_early_2026,0
2026-07-28,CR,Atom,video_upload_count,jun_late_2026,0
2026-07-28,CR,Atom,video_upload_count,may_early_2026,0
2026-07-28,CR,Atom,video_upload_count,may_late_2026,0
2026-07-28,CR,Atom,video_upload_count,regular_season,0
2026-07-28,CR,Atom,video_view_count,jul_early_2026,0
2026-07-28,CR,Atom,video_view_count,jul_late_2026,0
2026-07-28,CR,Atom,video_view_count,jun_early_2026,0
2026-07-28,CR,Atom,video_view_count,jun_late_2026,0
2026-07-28,CR,Atom,video_view_count,may_early_2026,0
2026-07-28,CR,Atom,video_view_count,may_late_2026,0
2026-07-28,CR,Atom,video_view_count,regular_season,0
2026-07-28,CR,Atom,watch_time,jul_early_2026,209
2026-07-28,CR,Atom,watch_time,jul_late_2026,4353
2026-07-28,CR,Atom,watch_time,jun_early_2026,2778
2026-07-28,CR,Atom,watch_time,jun_late_2026,0
2026-07-28,CR,Atom,watch_time,may_early_2026,17519
2026-07-28,CR,Atom,watch_time,may_late_2026,9365
2026-07-28,CR,Atom,watch_time,regular_season,4564
2026-07-28,CR,Atom,youtube_subscribers,current,8010
2026-07-28,CR,Winter,followers,current,2904
2026-07-28,CR,Winter,stream_duration,apr_late_2026,0.0
2026-07-28,CR,Winter,stream_duration,jul_early_2026,0.0
2026-07-28,CR,Winter,stream_duration,jul_late_2026,13.3
2026-07-28,CR,Winter,stream_duration,jun_early_2026,0.0
2026-07-28,CR,Winter,stream_duration,jun_late_2026,5.5
2026-07-28,CR,Winter,stream_duration,may_early_2026,0.0
2026-07-28,CR,Winter,stream_duration,may_late_2026,4.7
2026-07-28,CR,Winter,stream_duration,regular_season,13.3
2026-07-28,CR,Winter,video_upload_count,apr_late_2026,0
2026-07-28,CR,Winter,video_upload_count,jul_early_2026,0
2026-07-28,CR,Winter,video_upload_count,jul_late_2026,0
2026-07-28,CR,Winter,video_upload_count,jun_early_2026,0
2026-07-28,CR,Winter,video_upload_count,jun_late_2026,0
2026-07-28,CR,Winter,video_upload_count,may_early_2026,0
2026-07-28,CR,Winter,video_upload_count,may_late_2026,0
2026-07-28,CR,Winter,video_upload_count,regular_season,0
2026-07-28,CR,Winter,video_view_count,jul_early_2026,0
2026-07-28,CR,Winter,video_view_count,jul_late_2026,0
2026-07-28,CR,Winter,video_view_count,jun_early_2026,0
2026-07-28,CR,Winter,video_view_count,jun_late_2026,0
2026-07-28,CR,Winter,video_view_count,may_early_2026,0
2026-07-28,CR,Winter,video_view_count,may_late_2026,0
2026-07-28,CR,Winter,video_view_count,regular_season,0
2026-07-28,CR,Winter,watch_time,jul_early_2026,0
2026-07-28,CR,Winter,watch_time,jul_late_2026,721
2026-07-28,CR,Winter,watch_time,jun_early_2026,0
2026-07-28,CR,Winter,watch_time,jun_late_2026,346
2026-07-28,CR,Winter,watch_time,may_early_2026,0
2026-07-28,CR,Winter,watch_time,may_late_2026,260
2026-07-28,CR,Winter,watch_time,regular_season,721
2026-07-28,CR,Winter,youtube_subscribers,current,954
2026-07-28,CR,ふぇぐ,followers,current,34312
2026-07-28,CR,ふぇぐ,stream_duration,jul_early_2026,1.0
2026-07-28,CR,ふぇぐ,stream_duration,jul_late_2026,11.2
2026-07-28,CR,ふぇぐ,stream_duration,jun_late_2026,17.7
2026-07-28,CR,ふぇぐ,stream_duration,regular_season,11.2
2026-07-28,CR,ふぇぐ,video_upload_count,jul_early_2026,0
2026-07-28,CR,ふぇぐ,video_upload_count,jul_late_2026,1
2026-07-28,CR,ふぇぐ,video_upload_count,jun_late_2026,0
2026-07-28,CR,ふぇぐ,video_upload_count,regular_season,1
2026-07-28,CR,ふぇぐ,video_view_count,jul_early_2026,0
2026-07-28,CR,ふぇぐ,video_view_count,jul_late_2026,0
2026-07-28,CR,ふぇぐ,video_view_count,regular_season,0
2026-07-28,CR,ふぇぐ,watch_time,jul_early_2026,80
2026-07-28,CR,ふぇぐ,watch_time,jul_late_2026,1006
2026-07-28,CR,ふぇぐ,watch_time,regular_season,1006
2026-07-28,CR,ふぇぐ,youtube_subscribers,current,6270
2026-07-28,CR,ふえた,followers,current,3723
2026-07-28,CR,ふえた,stream_duration,apr_late_2026,11.3
2026-07-28,CR,ふえた,stream_duration,jul_early_2026,0.0
2026-07-28,CR,ふえた,stream_duration,jul_late_2026,12.6
2026-07-28,CR,ふえた,stream_duration,jun_early_2026,25.3
2026-07-28,CR,ふえた,stream_duration,jun_late_2026,10.4
2026-07-28,CR,ふえた,stream_duration,may_early_2026,0.0
2026-07-28,CR,ふえた,stream_duration,may_late_2026,1.3
2026-07-28,CR,ふえた,stream_duration,regular_season,12.6
2026-07-28,CR,ふえた,video_upload_count,apr_late_2026,0
2026-07-28,CR,ふえた,video_upload_count,jul_early_2026,0
2026-07-28,CR,ふえた,video_upload_count,jul_late_2026,2
2026-07-28,CR,ふえた,video_upload_count,jun_early_2026,0
2026-07-28,CR,ふえた,video_upload_count,jun_late_2026,0
2026-07-28,CR,ふえた,video_upload_count,may_early_2026,0
2026-07-28,CR,ふえた,video_upload_count,may_late_2026,0
2026-07-28,CR,ふえた,video_upload_count,regular_season,2
2026-07-28,CR,ふえた,video_view_count,jul_early_2026,0
2026-07-28,CR,ふえた,video_view_count,jul_late_2026,0
2026-07-28,CR,ふえた,video_view_count,jun_early_2026,0
2026-07-28,CR,ふえた,video_view_count,jun_late_2026,0
2026-07-28,CR,ふえた,video_view_count,may_early_2026,0
2026-07-28,CR,ふえた,video_view_count,may_late_2026,0
2026-07-28,CR,ふえた,video_view_count,regular_season,0
2026-07-28,CR,ふえた,watch_time,jul_early_2026,0
2026-07-28,CR,ふえた,watch_time,jul_late_2026,622
2026-07-28,CR,ふえた,watch_time,jun_early_2026,1221
2026-07-28,CR,ふえた,watch_time,jun_late_2026,742
2026-07-28,CR,ふえた,watch_time,may_early_2026,0
2026-07-28,CR,ふえた,watch_time,may_late_2026,15
2026-07-28,CR,ふえた,watch_time,regular_season,622
2026-07-28,CR,ふえた,youtube_subscribers,current,1140
2026-07-28,CR,空白,followers,current,3857
2026-07-28,CR,空白,stream_duration,apr_late_2026,23.8
2026-07-28,CR,空白,stream_duration,jul_early_2026,0.0
2026-07-28,CR,空白,stream_duration,jul_late_2026,20.7
2026-07-28,CR,空白,stream_duration,jun_early_2026,26.8
2026-07-28,CR,空白,stream_duration,jun_late_2026,20.3
2026-07-28,CR,空白,stream_duration,may_early_2026,24.5
2026-07-28,CR,空白,stream_duration,may_late_2026,33.6
2026-07-28,CR,空白,stream_duration,regular_season,20.7
2026-07-28,CR,空白,video_upload_count,apr_late_2026,0
2026-07-28,CR,空白,video_upload_count,jul_early_2026,0
2026-07-28,CR,空白,video_upload_count,jul_late_2026,0
2026-07-28,CR,空白,video_upload_count,jun_early_2026,0
2026-07-28,CR,空白,video_upload_count,jun_late_2026,0
2026-07-28,CR,空白,video_upload_count,may_early_2026,0
2026-07-28,CR,空白,video_upload_count,may_late_2026,0
2026-07-28,CR,空白,video_upload_count,regular_season,0
2026-07-28,CR,空白,video_view_count,jul_early_2026,0
2026-07-28,CR,空白,video_view_count,jul_late_2026,0
2026-07-28,CR,空白,video_view_count,jun_early_2026,0
2026-07-28,CR,空白,video_view_count,jun_late_2026,0
2026-07-28,CR,空白,video_view_count,may_early_2026,0
2026-07-28,CR,空白,video_view_count,may_late_2026,0
2026-07-28,CR,空白,video_view_count,regular_season,0
2026-07-28,CR,空白,watch_time,jul_early_2026,0
2026-07-28,CR,空白,watch_time,jul_late_2026,722
2026-07-28,CR,空白,watch_time,jun_early_2026,1152
2026-07-28,CR,空白,watch_time,jun_late_2026,2339
2026-07-28,CR,空白,watch_time,may_early_2026,2243
2026-07-28,CR,空白,watch_time,may_late_2026,1811
2026-07-28,CR,空白,watch_time,regular_season,722
2026-07-28,CR,空白,youtube_subscribers,current,1640
2026-07-28,DFM,MingiGod,followers,current,3473
2026-07-28,DFM,MingiGod,stream_duration,jul_early_2026,8.9
2026-07-28,DFM,MingiGod,stream_duration,jul_late_2026,14.9
2026-07-28,DFM,MingiGod,stream_duration,jun_late_2026,16.6
2026-07-28,DFM,MingiGod,stream_duration,regular_season,23.8
2026-07-28,DFM,MingiGod,video_upload_count,jul_early_2026,0
2026-07-28,DFM,MingiGod,video_upload_count,jul_late_2026,0
2026-07-28,DFM,MingiGod,video_upload_count,jun_late_2026,1
2026-07-28,DFM,MingiGod,video_upload_count,regular_season,0
2026-07-28,DFM,MingiGod,video_view_count,jul_early_2026,0
2026-07-28,DFM,MingiGod,video_view_count,jul_late_2026,0
2026-07-28,DFM,MingiGod,video_view_count,regular_season,0
2026-07-28,DFM,MingiGod,watch_time,jul_early_2026,996
2026-07-28,DFM,MingiGod,watch_time,jul_late_2026,1262
2026-07-28,DFM,MingiGod,watch_time,regular_season,2258
2026-07-28,DFM,MingiGod,youtube_subscribers,current,1740
2026-07-28,DFM,かなで,followers,current,2138
2026-07-28,DFM,かなで,stream_duration,apr_late_2026,9.2
2026-07-28,DFM,かなで,stream_duration,jul_early_2026,2.1
2026-07-28,DFM,かなで,stream_duration,jul_late_2026,6.8
2026-07-28,DFM,かなで,stream_duration,jun_early_2026,4.8
2026-07-28,DFM,かなで,stream_duration,jun_late_2026,9.7
2026-07-28,DFM,かなで,stream_duration,may_early_2026,4.5
2026-07-28,DFM,かなで,stream_duration,may_late_2026,9.4
2026-07-28,DFM,かなで,stream_duration,regular_season,6.8
2026-07-28,DFM,かなで,video_upload_count,apr_late_2026,0
2026-07-28,DFM,かなで,video_upload_count,jul_early_2026,0
2026-07-28,DFM,かなで,video_upload_count,jul_late_2026,0
2026-07-28,DFM,かなで,video_upload_count,jun_early_2026,0
2026-07-28,DFM,かなで,video_upload_count,jun_late_2026,0
2026-07-28,DFM,かなで,video_upload_count,may_early_2026,0
2026-07-28,DFM,かなで,video_upload_count,may_late_2026,0
2026-07-28,DFM,かなで,video_upload_count,regular_season,0
2026-07-28,DFM,かなで,video_view_count,jul_early_2026,0
2026-07-28,DFM,かなで,video_view_count,jul_late_2026,0
2026-07-28,DFM,かなで,video_view_count,jun_early_2026,0
2026-07-28,DFM,かなで,video_view_count,jun_late_2026,0
2026-07-28,DFM,かなで,video_view_count,may_early_2026,0
2026-07-28,DFM,かなで,video_view_count,may_late_2026,0
2026-07-28,DFM,かなで,video_view_count,regular_season,0
2026-07-28,DFM,かなで,watch_time,jul_early_2026,52
2026-07-28,DFM,かなで,watch_time,jul_late_2026,141
2026-07-28,DFM,かなで,watch_time,jun_early_2026,73
2026-07-28,DFM,かなで,watch_time,jun_late_2026,301
2026-07-28,DFM,かなで,watch_time,may_early_2026,157
2026-07-28,DFM,かなで,watch_time,may_late_2026,258
2026-07-28,DFM,かなで,watch_time,regular_season,141
2026-07-28,DFM,かなで,youtube_subscribers,current,542
2026-07-28,DFM,ミル,followers,current,14538
2026-07-28,DFM,ミル,stream_duration,apr_late_2026,33.8
2026-07-28,DFM,ミル,stream_duration,jul_early_2026,6.9
2026-07-28,DFM,ミル,stream_duration,jul_late_2026,9.5
2026-07-28,DFM,ミル,stream_duration,jun_early_2026,15.0
2026-07-28,DFM,ミル,stream_duration,jun_late_2026,14.1
2026-07-28,DFM,ミル,stream_duration,may_early_2026,14.1
2026-07-28,DFM,ミル,stream_duration,may_late_2026,23.3
2026-07-28,DFM,ミル,stream_duration,regular_season,16.4
2026-07-28,DFM,ミル,video_upload_count,apr_late_2026,0
2026-07-28,DFM,ミル,video_upload_count,jul_early_2026,0
2026-07-28,DFM,ミル,video_upload_count,jul_late_2026,0
2026-07-28,DFM,ミル,video_upload_count,jun_early_2026,0
2026-07-28,DFM,ミル,video_upload_count,jun_late_2026,0
2026-07-28,DFM,ミル,video_upload_count,may_early_2026,0
2026-07-28,DFM,ミル,video_upload_count,may_late_2026,0
2026-07-28,DFM,ミル,video_upload_count,regular_season,0
2026-07-28,DFM,ミル,video_view_count,jul_early_2026,0
2026-07-28,DFM,ミル,video_view_count,jul_late_2026,0
2026-07-28,DFM,ミル,video_view_count,jun_early_2026,0
2026-07-28,DFM,ミル,video_view_count,jun_late_2026,0
2026-07-28,DFM,ミル,video_view_count,may_early_2026,0
2026-07-28,DFM,ミル,video_view_count,may_late_2026,0
2026-07-28,DFM,ミル,video_view_count,regular_season,0
2026-07-28,DFM,ミル,watch_time,jul_early_2026,321
2026-07-28,DFM,ミル,watch_time,jul_late_2026,210
2026-07-28,DFM,ミル,watch_time,jun_early_2026,2284
2026-07-28,DFM,ミル,watch_time,jun_late_2026,1093
2026-07-28,DFM,ミル,watch_time,may_early_2026,691
2026-07-28,DFM,ミル,watch_time,may_late_2026,1363
2026-07-28,DFM,ミル,watch_time,regular_season,527
2026-07-28,DFM,ミル,youtube_subscribers,current,3950
2026-07-28,DFM,ユーリ,followers,current,14142
2026-07-28,DFM,ユーリ,stream_duration,apr_late_2026,56.4
2026-07-28,DFM,ユーリ,stream_duration,jul_early_2026,9.4
2026-07-28,DFM,ユーリ,stream_duration,jul_late_2026,16.7
2026-07-28,DFM,ユーリ,stream_duration,jun_early_2026,22.3
2026-07-28,DFM,ユーリ,stream_duration,jun_late_2026,27.3
2026-07-28,DFM,ユーリ,stream_duration,may_early_2026,11.7
2026-07-28,DFM,ユーリ,stream_duration,may_late_2026,19.5
2026-07-28,DFM,ユーリ,stream_duration,regular_season,26.1
2026-07-28,DFM,ユーリ,video_upload_count,apr_late_2026,0
2026-07-28,DFM,ユーリ,video_upload_count,jul_early_2026,0
2026-07-28,DFM,ユーリ,video_upload_count,jul_late_2026,0
2026-07-28,DFM,ユーリ,video_upload_count,jun_early_2026,0
2026-07-28,DFM,ユーリ,video_upload_count,jun_late_2026,0
2026-07-28,DFM,ユーリ,video_upload_count,may_early_2026,0
2026-07-28,DFM,ユーリ,video_upload_count,may_late_2026,0
2026-07-28,DFM,ユーリ,video_upload_count,regular_season,0
2026-07-28,DFM,ユーリ,video_view_count,jul_early_2026,0
2026-07-28,DFM,ユーリ,video_view_count,jul_late_2026,0
2026-07-28,DFM,ユーリ,video_view_count,jun_early_2026,0
2026-07-28,DFM,ユーリ,video_view_count,jun_late_2026,0
2026-07-28,DFM,ユーリ,video_view_count,may_early_2026,0
2026-07-28,DFM,ユーリ,video_view_count,may_late_2026,0
2026-07-28,DFM,ユーリ,video_view_count,regular_season,0
2026-07-28,DFM,ユーリ,watch_time,jul_early_2026,11134
2026-07-28,DFM,ユーリ,watch_time,jul_late_2026,5765
2026-07-28,DFM,ユーリ,watch_time,jun_early_2026,14677
2026-07-28,DFM,ユーリ,watch_time,jun_late_2026,18125
2026-07-28,DFM,ユーリ,watch_time,may_early_2026,8667
2026-07-28,DFM,ユーリ,watch_time,may_late_2026,11953
2026-07-28,DFM,ユーリ,watch_time,regular_season,17000
2026-07-28,DFM,ユーリ,youtube_subscribers,current,12300
2026-07-28,LVH,Era53,followers,current,12632
2026-07-28,LVH,Era53,stream_duration,apr_late_2026,52.3
2026-07-28,LVH,Era53,stream_duration,jul_early_2026,14.2
2026-07-28,LVH,Era53,stream_duration,jul_late_2026,20.0
2026-07-28,LVH,Era53,stream_duration,jun_early_2026,52.1
2026-07-28,LVH,Era53,stream_duration,jun_late_2026,38.9
2026-07-28,LVH,Era53,stream_duration,may_early_2026,14.4
2026-07-28,LVH,Era53,stream_duration,may_late_2026,67.1
2026-07-28,LVH,Era53,stream_duration,regular_season,29.6
2026-07-28,LVH,Era53,video_upload_count,apr_late_2026,0
2026-07-28,LVH,Era53,video_upload_count,jul_early_2026,0
2026-07-28,LVH,Era53,video_upload_count,jul_late_2026,0
2026-07-28,LVH,Era53,video_upload_count,jun_early_2026,0
2026-07-28,LVH,Era53,video_upload_count,jun_late_2026,0
2026-07-28,LVH,Era53,video_upload_count,may_early_2026,0
2026-07-28,LVH,Era53,video_upload_count,may_late_2026,0
2026-07-28,LVH,Era53,video_upload_count,regular_season,0
2026-07-28,LVH,Era53,video_view_count,jul_early_2026,0
2026-07-28,LVH,Era53,video_view_count,jul_late_2026,0
2026-07-28,LVH,Era53,video_view_count,jun_early_2026,0
2026-07-28,LVH,Era53,video_view_count,jun_late_2026,0
2026-07-28,LVH,Era53,video_view_count,may_early_2026,0
2026-07-28,LVH,Era53,video_view_count,may_late_2026,0
2026-07-28,LVH,Era53,video_view_count,regular_season,0
2026-07-28,LVH,Era53,watch_time,jul_early_2026,23904
2026-07-28,LVH,Era53,watch_time,jul_late_2026,24987
2026-07-28,LVH,Era53,watch_time,jun_early_2026,28528
2026-07-28,LVH,Era53,watch_time,jun_late_2026,34566
2026-07-28,LVH,Era53,watch_time,may_early_2026,12339
2026-07-28,LVH,Era53,watch_time,may_late_2026,54486
2026-07-28,LVH,Era53,watch_time,regular_season,44792
2026-07-28,LVH,Era53,youtube_subscribers,current,15800
2026-07-28,LVH,Hirobosu,followers,current,2898
2026-07-28,LVH,Hirobosu,stream_duration,jul_early_2026,0.0
2026-07-28,LVH,Hirobosu,stream_duration,jul_late_2026,0.0
2026-07-28,LVH,Hirobosu,stream_duration,jun_late_2026,0.0
2026-07-28,LVH,Hirobosu,stream_duration,regular_season,0.0
2026-07-28,LVH,Hirobosu,video_upload_count,jul_early_2026,0
2026-07-28,LVH,Hirobosu,video_upload_count,jul_late_2026,0
2026-07-28,LVH,Hirobosu,video_upload_count,jun_late_2026,0
2026-07-28,LVH,Hirobosu,video_upload_count,regular_season,0
2026-07-28,LVH,Hirobosu,video_view_count,jul_early_2026,0
2026-07-28,LVH,Hirobosu,video_view_count,jul_late_2026,0
2026-07-28,LVH,Hirobosu,video_view_count,regular_season,0
2026-07-28,LVH,Hirobosu,watch_time,jul_early_2026,0
2026-07-28,LVH,Hirobosu,watch_time,jul_late_2026,0
2026-07-28,LVH,Hirobosu,watch_time,regular_season,0
2026-07-28,LVH,Hirobosu,youtube_subscribers,current,446
2026-07-28,LVH,rikka,followers,current,13593
2026-07-28,LVH,rikka,stream_duration,apr_late_2026,50.5
2026-07-28,LVH,rikka,stream_duration,jul_early_2026,8.0
2026-07-28,LVH,rikka,stream_duration,jul_late_2026,19.1
2026-07-28,LVH,rikka,stream_duration,jun_early_2026,32.2
2026-07-28,LVH,rikka,stream_duration,jun_late_2026,33.0
2026-07-28,LVH,rikka,stream_duration,may_early_2026,39.5
2026-07-28,LVH,rikka,stream_duration,may_late_2026,7.5
2026-07-28,LVH,rikka,stream_duration,regular_season,19.1
2026-07-28,LVH,rikka,video_upload_count,apr_late_2026,0
2026-07-28,LVH,rikka,video_upload_count,jul_early_2026,0
2026-07-28,LVH,rikka,video_upload_count,jul_late_2026,0
2026-07-28,LVH,rikka,video_upload_count,jun_early_2026,0
2026-07-28,LVH,rikka,video_upload_count,jun_late_2026,0
2026-07-28,LVH,rikka,video_upload_count,may_early_2026,0
2026-07-28,LVH,rikka,video_upload_count,may_late_2026,0
2026-07-28,LVH,rikka,video_upload_count,regular_season,0
2026-07-28,LVH,rikka,video_view_count,jul_early_2026,0
2026-07-28,LVH,rikka,video_view_count,jul_late_2026,0
2026-07-28,LVH,rikka,video_view_count,jun_early_2026,0
2026-07-28,LVH,rikka,video_view_count,jun_late_2026,0
2026-07-28,LVH,rikka,video_view_count,may_early_2026,0
2026-07-28,LVH,rikka,video_view_count,may_late_2026,0
2026-07-28,LVH,rikka,video_view_count,regular_season,0
2026-07-28,LVH,rikka,watch_time,jul_early_2026,3688
2026-07-28,LVH,rikka,watch_time,jul_late_2026,18976
2026-07-28,LVH,rikka,watch_time,jun_early_2026,13078
2026-07-28,LVH,rikka,watch_time,jun_late_2026,16924
2026-07-28,LVH,rikka,watch_time,may_early_2026,28442
2026-07-28,LVH,rikka,watch_time,may_late_2026,2528
2026-07-28,LVH,rikka,watch_time,regular_season,18976
2026-07-28,LVH,rikka,youtube_subscribers,current,12400
2026-07-28,LVH,だーよね,followers,current,3164
2026-07-28,LVH,だーよね,stream_duration,apr_late_2026,5.6
2026-07-28,LVH,だーよね,stream_duration,jul_early_2026,4.3
2026-07-28,LVH,だーよね,stream_duration,jul_late_2026,12.0
2026-07-28,LVH,だーよね,stream_duration,jun_early_2026,11.2
2026-07-28,LVH,だーよね,stream_duration,jun_late_2026,9.2
2026-07-28,LVH,だーよね,stream_duration,may_early_2026,18.7
2026-07-28,LVH,だーよね,stream_duration,may_late_2026,17.3
2026-07-28,LVH,だーよね,stream_duration,regular_season,12.0
2026-07-28,LVH,だーよね,video_upload_count,apr_late_2026,0
2026-07-28,LVH,だーよね,video_upload_count,jul_early_2026,0
2026-07-28,LVH,だーよね,video_upload_count,jul_late_2026,0
2026-07-28,LVH,だーよね,video_upload_count,jun_early_2026,0
2026-07-28,LVH,だーよね,video_upload_count,jun_late_2026,0
2026-07-28,LVH,だーよね,video_upload_count,may_early_2026,0
2026-07-28,LVH,だーよね,video_upload_count,may_late_2026,0
2026-07-28,LVH,だーよね,video_upload_count,regular_season,0
2026-07-28,LVH,だーよね,video_view_count,jul_early_2026,0
2026-07-28,LVH,だーよね,video_view_count,jul_late_2026,0
2026-07-28,LVH,だーよね,video_view_count,jun_early_2026,0
2026-07-28,LVH,だーよね,video_view_count,jun_late_2026,0
2026-07-28,LVH,だーよね,video_view_count,may_early_2026,0
2026-07-28,LVH,だーよね,video_view_count,may_late_2026,0
2026-07-28,LVH,だーよね,video_view_count,regular_season,0
2026-07-28,LVH,だーよね,watch_time,jul_early_2026,546
2026-07-28,LVH,だーよね,watch_time,jul_late_2026,1776
2026-07-28,LVH,だーよね,watch_time,jun_early_2026,866
2026-07-28,LVH,だーよね,watch_time,jun_late_2026,1013
2026-07-28,LVH,だーよね,watch_time,may_early_2026,2621
2026-07-28,LVH,だーよね,watch_time,may_late_2026,1566
2026-07-28,LVH,だーよね,watch_time,regular_season,1776
2026-07-28,LVH,だーよね,youtube_subscribers,current,1520
2026-07-28,LVH,智念せいら,followers,current,15401
2026-07-28,LVH,智念せいら,stream_duration,jul_early_2026,19.6
2026-07-28,LVH,智念せいら,stream_duration,jul_late_2026,20.1
2026-07-28,LVH,智念せいら,stream_duration,jun_late_2026,17.6
2026-07-28,LVH,智念せいら,stream_duration,regular_season,27.3
2026-07-28,LVH,智念せいら,video_upload_count,jul_early_2026,9
2026-07-28,LVH,智念せいら,video_upload_count,jul_late_2026,2
2026-07-28,LVH,智念せいら,video_upload_count,jun_late_2026,6
2026-07-28,LVH,智念せいら,video_upload_count,regular_season,7
2026-07-28,LVH,智念せいら,video_view_count,jul_early_2026,617975
2026-07-28,LVH,智念せいら,video_view_count,jul_late_2026,148648
2026-07-28,LVH,智念せいら,video_view_count,regular_season,545964
2026-07-28,LVH,智念せいら,watch_time,jul_early_2026,30693
2026-07-28,LVH,智念せいら,watch_time,jul_late_2026,24997
2026-07-28,LVH,智念せいら,watch_time,regular_season,33092
2026-07-28,LVH,智念せいら,youtube_subscribers,current,60700
2026-07-28,MRG,Spicies,followers,current,32845
2026-07-28,MRG,Spicies,stream_duration,apr_late_2026,97.2
2026-07-28,MRG,Spicies,stream_duration,jul_early_2026,22.0
2026-07-28,MRG,Spicies,stream_duration,jul_late_2026,18.9
2026-07-28,MRG,Spicies,stream_duration,jun_early_2026,84.2
2026-07-28,MRG,Spicies,stream_duration,jun_late_2026,55.6
2026-07-28,MRG,Spicies,stream_duration,may_early_2026,40.3
2026-07-28,MRG,Spicies,stream_duration,may_late_2026,52.1
2026-07-28,MRG,Spicies,stream_duration,regular_season,28.1
2026-07-28,MRG,Spicies,video_upload_count,apr_late_2026,12
2026-07-28,MRG,Spicies,video_upload_count,jul_early_2026,2
2026-07-28,MRG,Spicies,video_upload_count,jul_late_2026,1
2026-07-28,MRG,Spicies,video_upload_count,jun_early_2026,3
2026-07-28,MRG,Spicies,video_upload_count,jun_late_2026,4
2026-07-28,MRG,Spicies,video_upload_count,may_early_2026,6
2026-07-28,MRG,Spicies,video_upload_count,may_late_2026,5
2026-07-28,MRG,Spicies,video_upload_count,regular_season,2
2026-07-28,MRG,Spicies,video_view_count,jul_early_2026,54296
2026-07-28,MRG,Spicies,video_view_count,jul_late_2026,0
2026-07-28,MRG,Spicies,video_view_count,jun_early_2026,44105
2026-07-28,MRG,Spicies,video_view_count,jun_late_2026,103158
2026-07-28,MRG,Spicies,video_view_count,may_early_2026,167728
2026-07-28,MRG,Spicies,video_view_count,may_late_2026,96387
2026-07-28,MRG,Spicies,video_view_count,regular_season,23230
2026-07-28,MRG,Spicies,watch_time,jul_early_2026,47762
2026-07-28,MRG,Spicies,watch_time,jul_late_2026,27251
2026-07-28,MRG,Spicies,watch_time,jun_early_2026,105722
2026-07-28,MRG,Spicies,watch_time,jun_late_2026,122304
2026-07-28,MRG,Spicies,watch_time,may_early_2026,99977
2026-07-28,MRG,Spicies,watch_time,may_late_2026,89154
2026-07-28,MRG,Spicies,watch_time,regular_season,49853
2026-07-28,MRG,Spicies,youtube_subscribers,current,42100
2026-07-28,MRG,Toby,followers,current,18829
2026-07-28,MRG,Toby,stream_duration,apr_late_2026,39.2
2026-07-28,MRG,Toby,stream_duration,jul_early_2026,12.6
2026-07-28,MRG,Toby,stream_duration,jul_late_2026,2.4
2026-07-28,MRG,Toby,stream_duration,jun_early_2026,6.3
2026-07-28,MRG,Toby,stream_duration,jun_late_2026,32.7
2026-07-28,MRG,Toby,stream_duration,may_early_2026,18.5
2026-07-28,MRG,Toby,stream_duration,may_late_2026,25.8
2026-07-28,MRG,Toby,stream_duration,regular_season,7.3
2026-07-28,MRG,Toby,video_upload_count,apr_late_2026,0
2026-07-28,MRG,Toby,video_upload_count,jul_early_2026,0
2026-07-28,MRG,Toby,video_upload_count,jul_late_2026,0
2026-07-28,MRG,Toby,video_upload_count,jun_early_2026,0
2026-07-28,MRG,Toby,video_upload_count,jun_late_2026,2
2026-07-28,MRG,Toby,video_upload_count,may_early_2026,0
2026-07-28,MRG,Toby,video_upload_count,may_late_2026,0
2026-07-28,MRG,Toby,video_upload_count,regular_season,0
2026-07-28,MRG,Toby,video_view_count,jul_early_2026,0
2026-07-28,MRG,Toby,video_view_count,jul_late_2026,0
2026-07-28,MRG,Toby,video_view_count,jun_early_2026,0
2026-07-28,MRG,Toby,video_view_count,jun_late_2026,14358
2026-07-28,MRG,Toby,video_view_count,may_early_2026,0
2026-07-28,MRG,Toby,video_view_count,may_late_2026,0
2026-07-28,MRG,Toby,video_view_count,regular_season,0
2026-07-28,MRG,Toby,watch_time,jul_early_2026,19385
2026-07-28,MRG,Toby,watch_time,jul_late_2026,3958
2026-07-28,MRG,Toby,watch_time,jun_early_2026,4704
2026-07-28,MRG,Toby,watch_time,jun_late_2026,66426
2026-07-28,MRG,Toby,watch_time,may_early_2026,28670
2026-07-28,MRG,Toby,watch_time,may_late_2026,19931
2026-07-28,MRG,Toby,watch_time,regular_season,10295
2026-07-28,MRG,Toby,youtube_subscribers,current,16700
2026-07-28,MRG,glory,followers,current,14905
2026-07-28,MRG,glory,stream_duration,apr_late_2026,82.8
2026-07-28,MRG,glory,stream_duration,jul_early_2026,33.2
2026-07-28,MRG,glory,stream_duration,jul_late_2026,27.3
2026-07-28,MRG,glory,stream_duration,jun_early_2026,64.5
2026-07-28,MRG,glory,stream_duration,jun_late_2026,61.2
2026-07-28,MRG,glory,stream_duration,may_early_2026,48.3
2026-07-28,MRG,glory,stream_duration,may_late_2026,82.8
2026-07-28,MRG,glory,stream_duration,regular_season,42.4
2026-07-28,MRG,glory,video_upload_count,apr_late_2026,0
2026-07-28,MRG,glory,video_upload_count,jul_early_2026,0
2026-07-28,MRG,glory,video_upload_count,jul_late_2026,0
2026-07-28,MRG,glory,video_upload_count,jun_early_2026,0
2026-07-28,MRG,glory,video_upload_count,jun_late_2026,0
2026-07-28,MRG,glory,video_upload_count,may_early_2026,0
2026-07-28,MRG,glory,video_upload_count,may_late_2026,0
2026-07-28,MRG,glory,video_upload_count,regular_season,0
2026-07-28,MRG,glory,video_view_count,jul_early_2026,0
2026-07-28,MRG,glory,video_view_count,jul_late_2026,0
2026-07-28,MRG,glory,video_view_count,jun_early_2026,0
2026-07-28,MRG,glory,video_view_count,jun_late_2026,0
2026-07-28,MRG,glory,video_view_count,may_early_2026,0
2026-07-28,MRG,glory,video_view_count,may_late_2026,0
2026-07-28,MRG,glory,video_view_count,regular_season,0
2026-07-28,MRG,glory,watch_time,jul_early_2026,28636
2026-07-28,MRG,glory,watch_time,jul_late_2026,29911
2026-07-28,MRG,glory,watch_time,jun_early_2026,23062
2026-07-28,MRG,glory,watch_time,jun_late_2026,29182
2026-07-28,MRG,glory,watch_time,may_early_2026,28275
2026-07-28,MRG,glory,watch_time,may_late_2026,42240
2026-07-28,MRG,glory,watch_time,regular_season,43596
2026-07-28,MRG,glory,youtube_subscribers,current,7950
2026-07-28,MRG,もっちゃま,followers,current,9850
2026-07-28,MRG,もっちゃま,stream_duration,jul_early_2026,82.5
2026-07-28,MRG,もっちゃま,stream_duration,jul_late_2026,45.2
2026-07-28,MRG,もっちゃま,stream_duration,jun_late_2026,40.9
2026-07-28,MRG,もっちゃま,stream_duration,regular_season,58.8
2026-07-28,MRG,もっちゃま,video_upload_count,jul_early_2026,0
2026-07-28,MRG,もっちゃま,video_upload_count,jul_late_2026,0
2026-07-28,MRG,もっちゃま,video_upload_count,jun_late_2026,0
2026-07-28,MRG,もっちゃま,video_upload_count,regular_season,0
2026-07-28,MRG,もっちゃま,video_view_count,jul_early_2026,0
2026-07-28,MRG,もっちゃま,video_view_count,jul_late_2026,0
2026-07-28,MRG,もっちゃま,video_view_count,regular_season,0
2026-07-28,MRG,もっちゃま,watch_time,jul_early_2026,116677
2026-07-28,MRG,もっちゃま,watch_time,jul_late_2026,69237
2026-07-28,MRG,もっちゃま,watch_time,regular_season,92295
2026-07-28,MRG,もっちゃま,youtube_subscribers,current,17700
2026-07-28,MRG,マイト,followers,current,11362
2026-07-28,MRG,マイト,stream_duration,apr_late_2026,90.4
2026-07-28,MRG,マイト,stream_duration,jul_early_2026,22.0
2026-07-28,MRG,マイト,stream_duration,jul_late_2026,9.9
2026-07-28,MRG,マイト,stream_duration,jun_early_2026,54.9
2026-07-28,MRG,マイト,stream_duration,jun_late_2026,51.3
2026-07-28,MRG,マイト,stream_duration,may_early_2026,49.9
2026-07-28,MRG,マイト,stream_duration,may_late_2026,60.4
2026-07-28,MRG,マイト,stream_duration,regular_season,11.8
2026-07-28,MRG,マイト,video_upload_count,apr_late_2026,1
2026-07-28,MRG,マイト,video_upload_count,jul_early_2026,3
2026-07-28,MRG,マイト,video_upload_count,jul_late_2026,2
2026-07-28,MRG,マイト,video_upload_count,jun_early_2026,0
2026-07-28,MRG,マイト,video_upload_count,jun_late_2026,4
2026-07-28,MRG,マイト,video_upload_count,may_early_2026,0
2026-07-28,MRG,マイト,video_upload_count,may_late_2026,0
2026-07-28,MRG,マイト,video_upload_count,regular_season,2
2026-07-28,MRG,マイト,video_view_count,jul_early_2026,50094
2026-07-28,MRG,マイト,video_view_count,jul_late_2026,31948
2026-07-28,MRG,マイト,video_view_count,jun_early_2026,0
2026-07-28,MRG,マイト,video_view_count,jun_late_2026,52957
2026-07-28,MRG,マイト,video_view_count,may_early_2026,0
2026-07-28,MRG,マイト,video_view_count,may_late_2026,0
2026-07-28,MRG,マイト,video_view_count,regular_season,31948
2026-07-28,MRG,マイト,watch_time,jul_early_2026,34758
2026-07-28,MRG,マイト,watch_time,jul_late_2026,9407
2026-07-28,MRG,マイト,watch_time,jun_early_2026,58593
2026-07-28,MRG,マイト,watch_time,jun_late_2026,66965
2026-07-28,MRG,マイト,watch_time,may_early_2026,73329
2026-07-28,MRG,マイト,watch_time,may_late_2026,80542
2026-07-28,MRG,マイト,watch_time,regular_season,11360
2026-07-28,MRG,マイト,youtube_subscribers,current,35900
2026-07-28,RC,あぐのむ,followers,current,27322
2026-07-28,RC,あぐのむ,stream_duration,apr_late_2026,12.7
2026-07-28,RC,あぐのむ,stream_duration,jul_early_2026,7.4
2026-07-28,RC,あぐのむ,stream_duration,jul_late_2026,1.4
2026-07-28,RC,あぐのむ,stream_duration,jun_early_2026,18.5
2026-07-28,RC,あぐのむ,stream_duration,jun_late_2026,6.1
2026-07-28,RC,あぐのむ,stream_duration,may_early_2026,12.4
2026-07-28,RC,あぐのむ,stream_duration,may_late_2026,0.9
2026-07-28,RC,あぐのむ,stream_duration,regular_season,8.8
2026-07-28,RC,あぐのむ,video_upload_count,apr_late_2026,2
2026-07-28,RC,あぐのむ,video_upload_count,jul_early_2026,1
2026-07-28,RC,あぐのむ,video_upload_count,jul_late_2026,0
2026-07-28,RC,あぐのむ,video_upload_count,jun_early_2026,0
2026-07-28,RC,あぐのむ,video_upload_count,jun_late_2026,3
2026-07-28,RC,あぐのむ,video_upload_count,may_early_2026,2
2026-07-28,RC,あぐのむ,video_upload_count,may_late_2026,0
2026-07-28,RC,あぐのむ,video_upload_count,regular_season,0
2026-07-28,RC,あぐのむ,video_view_count,jul_early_2026,17335
2026-07-28,RC,あぐのむ,video_view_count,jul_late_2026,0
2026-07-28,RC,あぐのむ,video_view_count,jun_early_2026,0
2026-07-28,RC,あぐのむ,video_view_count,jun_late_2026,52049
2026-07-28,RC,あぐのむ,video_view_count,may_early_2026,20087
2026-07-28,RC,あぐのむ,video_view_count,may_late_2026,0
2026-07-28,RC,あぐのむ,video_view_count,regular_season,0
2026-07-28,RC,あぐのむ,watch_time,jul_early_2026,4303
2026-07-28,RC,あぐのむ,watch_time,jul_late_2026,1014
2026-07-28,RC,あぐのむ,watch_time,jun_early_2026,3773
2026-07-28,RC,あぐのむ,watch_time,jun_late_2026,1718
2026-07-28,RC,あぐのむ,watch_time,may_early_2026,7048
2026-07-28,RC,あぐのむ,watch_time,may_late_2026,45
2026-07-28,RC,あぐのむ,watch_time,regular_season,5311
2026-07-28,RC,あぐのむ,youtube_subscribers,current,35400
2026-07-28,RC,たばた,followers,current,11321
2026-07-28,RC,たばた,stream_duration,apr_late_2026,3.1
2026-07-28,RC,たばた,stream_duration,jul_early_2026,9.6
2026-07-28,RC,たばた,stream_duration,jul_late_2026,4.2
2026-07-28,RC,たばた,stream_duration,jun_early_2026,49.8
2026-07-28,RC,たばた,stream_duration,jun_late_2026,19.5
2026-07-28,RC,たばた,stream_duration,may_early_2026,4.0
2026-07-28,RC,たばた,stream_duration,may_late_2026,4.6
2026-07-28,RC,たばた,stream_duration,regular_season,5.4
2026-07-28,RC,たばた,video_upload_count,apr_late_2026,0
2026-07-28,RC,たばた,video_upload_count,jul_early_2026,0
2026-07-28,RC,たばた,video_upload_count,jul_late_2026,3
2026-07-28,RC,たばた,video_upload_count,jun_early_2026,1
2026-07-28,RC,たばた,video_upload_count,jun_late_2026,2
2026-07-28,RC,たばた,video_upload_count,may_early_2026,0
2026-07-28,RC,たばた,video_upload_count,may_late_2026,1
2026-07-28,RC,たばた,video_upload_count,regular_season,3
2026-07-28,RC,たばた,video_view_count,jul_early_2026,0
2026-07-28,RC,たばた,video_view_count,jul_late_2026,4204
2026-07-28,RC,たばた,video_view_count,jun_early_2026,2922
2026-07-28,RC,たばた,video_view_count,jun_late_2026,7648
2026-07-28,RC,たばた,video_view_count,may_early_2026,0
2026-07-28,RC,たばた,video_view_count,may_late_2026,3273
2026-07-28,RC,たばた,video_view_count,regular_season,4204
2026-07-28,RC,たばた,watch_time,jul_early_2026,982
2026-07-28,RC,たばた,watch_time,jul_late_2026,1013
2026-07-28,RC,たばた,watch_time,jun_early_2026,3924
2026-07-28,RC,たばた,watch_time,jun_late_2026,1715
2026-07-28,RC,たばた,watch_time,may_early_2026,75
2026-07-28,RC,たばた,watch_time,may_late_2026,101
2026-07-28,RC,たばた,watch_time,regular_season,1270
2026-07-28,RC,たばた,youtube_subscribers,current,3860
2026-07-28,RC,つきあかめん,followers,current,3603
2026-07-28,RC,つきあかめん,stream_duration,jul_early_2026,43.3
2026-07-28,RC,つきあかめん,stream_duration,jul_late_2026,40.3
2026-07-28,RC,つきあかめん,stream_duration,jun_late_2026,41.7
2026-07-28,RC,つきあかめん,stream_duration,regular_season,52.0
2026-07-28,RC,つきあかめん,video_upload_count,jul_early_2026,3
2026-07-28,RC,つきあかめん,video_upload_count,jul_late_2026,1
2026-07-28,RC,つきあかめん,video_upload_count,jun_late_2026,1
2026-07-28,RC,つきあかめん,video_upload_count,regular_season,1
2026-07-28,RC,つきあかめん,video_view_count,jul_early_2026,34698
2026-07-28,RC,つきあかめん,video_view_count,jul_late_2026,0
2026-07-28,RC,つきあかめん,video_view_count,regular_season,0
2026-07-28,RC,つきあかめん,watch_time,jul_early_2026,17481
2026-07-28,RC,つきあかめん,watch_time,jul_late_2026,14438
2026-07-28,RC,つきあかめん,watch_time,regular_season,20372
2026-07-28,RC,つきあかめん,youtube_subscribers,current,6810
2026-07-28,RC,ぱらちゃん,followers,current,34703
2026-07-28,RC,ぱらちゃん,stream_duration,apr_late_2026,54.1
2026-07-28,RC,ぱらちゃん,stream_duration,jul_early_2026,37.5
2026-07-28,RC,ぱらちゃん,stream_duration,jul_late_2026,26.4
2026-07-28,RC,ぱらちゃん,stream_duration,jun_early_2026,20.4
2026-07-28,RC,ぱらちゃん,stream_duration,jun_late_2026,35.2
2026-07-28,RC,ぱらちゃん,stream_duration,may_early_2026,37.5
2026-07-28,RC,ぱらちゃん,stream_duration,may_late_2026,48.8
2026-07-28,RC,ぱらちゃん,stream_duration,regular_season,38.5
2026-07-28,RC,ぱらちゃん,video_upload_count,apr_late_2026,2
2026-07-28,RC,ぱらちゃん,video_upload_count,jul_early_2026,0
2026-07-28,RC,ぱらちゃん,video_upload_count,jul_late_2026,0
2026-07-28,RC,ぱらちゃん,video_upload_count,jun_early_2026,1
2026-07-28,RC,ぱらちゃん,video_upload_count,jun_late_2026,1
2026-07-28,RC,ぱらちゃん,video_upload_count,may_early_2026,9
2026-07-28,RC,ぱらちゃん,video_upload_count,may_late_2026,4
2026-07-28,RC,ぱらちゃん,video_upload_count,regular_season,0
2026-07-28,RC,ぱらちゃん,video_view_count,jul_early_2026,0
2026-07-28,RC,ぱらちゃん,video_view_count,jul_late_2026,0
2026-07-28,RC,ぱらちゃん,video_view_count,jun_early_2026,16237
2026-07-28,RC,ぱらちゃん,video_view_count,jun_late_2026,27561
2026-07-28,RC,ぱらちゃん,video_view_count,may_early_2026,159462
2026-07-28,RC,ぱらちゃん,video_view_count,may_late_2026,76393
2026-07-28,RC,ぱらちゃん,video_view_count,regular_season,0
2026-07-28,RC,ぱらちゃん,watch_time,jul_early_2026,47653
2026-07-28,RC,ぱらちゃん,watch_time,jul_late_2026,18787
2026-07-28,RC,ぱらちゃん,watch_time,jun_early_2026,14828
2026-07-28,RC,ぱらちゃん,watch_time,jun_late_2026,41002
2026-07-28,RC,ぱらちゃん,watch_time,may_early_2026,54871
2026-07-28,RC,ぱらちゃん,watch_time,may_late_2026,47272
2026-07-28,RC,ぱらちゃん,watch_time,regular_season,31075
2026-07-28,RC,ぱらちゃん,youtube_subscribers,current,45599
2026-07-28,RC,拓海,followers,current,10223
2026-07-28,RC,拓海,stream_duration,apr_late_2026,26.1
2026-07-28,RC,拓海,stream_duration,jul_early_2026,30.3
2026-07-28,RC,拓海,stream_duration,jul_late_2026,32.4
2026-07-28,RC,拓海,stream_duration,jun_early_2026,0.0
2026-07-28,RC,拓海,stream_duration,jun_late_2026,55.1
2026-07-28,RC,拓海,stream_duration,may_early_2026,33.3
2026-07-28,RC,拓海,stream_duration,may_late_2026,14.7
2026-07-28,RC,拓海,stream_duration,regular_season,39.6
2026-07-28,RC,拓海,video_upload_count,apr_late_2026,0
2026-07-28,RC,拓海,video_upload_count,jul_early_2026,1
2026-07-28,RC,拓海,video_upload_count,jul_late_2026,0
2026-07-28,RC,拓海,video_upload_count,jun_early_2026,2
2026-07-28,RC,拓海,video_upload_count,jun_late_2026,1
2026-07-28,RC,拓海,video_upload_count,may_early_2026,0
2026-07-28,RC,拓海,video_upload_count,may_late_2026,0
2026-07-28,RC,拓海,video_upload_count,regular_season,0
2026-07-28,RC,拓海,video_view_count,jul_early_2026,6767
2026-07-28,RC,拓海,video_view_count,jul_late_2026,0
2026-07-28,RC,拓海,video_view_count,jun_early_2026,32895
2026-07-28,RC,拓海,video_view_count,jun_late_2026,5275
2026-07-28,RC,拓海,video_view_count,may_early_2026,0
2026-07-28,RC,拓海,video_view_count,may_late_2026,0
2026-07-28,RC,拓海,video_view_count,regular_season,0
2026-07-28,RC,拓海,watch_time,jul_early_2026,5850
2026-07-28,RC,拓海,watch_time,jul_late_2026,7453
2026-07-28,RC,拓海,watch_time,jun_early_2026,0
2026-07-28,RC,拓海,watch_time,jun_late_2026,5019
2026-07-28,RC,拓海,watch_time,may_early_2026,2915
2026-07-28,RC,拓海,watch_time,may_late_2026,978
2026-07-28,RC,拓海,watch_time,regular_season,8586
2026-07-28,RC,拓海,youtube_subscribers,current,5500
2026-07-28,RDL,Chappy,followers,current,2547
2026-07-28,RDL,Chappy,stream_duration,jul_early_2026,78.2
2026-07-28,RDL,Chappy,stream_duration,jul_late_2026,24.4
2026-07-28,RDL,Chappy,stream_duration,jun_late_2026,93.0
2026-07-28,RDL,Chappy,stream_duration,regular_season,38.5
2026-07-28,RDL,Chappy,video_upload_count,jul_early_2026,0
2026-07-28,RDL,Chappy,video_upload_count,jul_late_2026,0
2026-07-28,RDL,Chappy,video_upload_count,jun_late_2026,0
2026-07-28,RDL,Chappy,video_upload_count,regular_season,0
2026-07-28,RDL,Chappy,video_view_count,jul_early_2026,0
2026-07-28,RDL,Chappy,video_view_count,jul_late_2026,0
2026-07-28,RDL,Chappy,video_view_count,regular_season,0
2026-07-28,RDL,Chappy,watch_time,jul_early_2026,11737
2026-07-28,RDL,Chappy,watch_time,jul_late_2026,2601
2026-07-28,RDL,Chappy,watch_time,regular_season,4524
2026-07-28,RDL,Stylish_deko,followers,current,1603
2026-07-28,RDL,Stylish_deko,stream_duration,jul_early_2026,29.9
2026-07-28,RDL,Stylish_deko,stream_duration,jul_late_2026,14.7
2026-07-28,RDL,Stylish_deko,stream_duration,jun_late_2026,39.0
2026-07-28,RDL,Stylish_deko,stream_duration,regular_season,19.8
2026-07-28,RDL,Stylish_deko,video_upload_count,jul_early_2026,1
2026-07-28,RDL,Stylish_deko,video_upload_count,jul_late_2026,0
2026-07-28,RDL,Stylish_deko,video_upload_count,jun_late_2026,2
2026-07-28,RDL,Stylish_deko,video_upload_count,regular_season,0
2026-07-28,RDL,Stylish_deko,video_view_count,jul_early_2026,932
2026-07-28,RDL,Stylish_deko,video_view_count,jul_late_2026,0
2026-07-28,RDL,Stylish_deko,video_view_count,regular_season,0
2026-07-28,RDL,Stylish_deko,watch_time,jul_early_2026,1858
2026-07-28,RDL,Stylish_deko,watch_time,jul_late_2026,1070
2026-07-28,RDL,Stylish_deko,watch_time,regular_season,1219
2026-07-28,RDL,Stylish_deko,youtube_subscribers,current,473
2026-07-28,RDL,ぱんさく,followers,current,1102
2026-07-28,RDL,ぱんさく,stream_duration,jul_early_2026,5.5
2026-07-28,RDL,ぱんさく,stream_duration,jul_late_2026,1.1
2026-07-28,RDL,ぱんさく,stream_duration,jun_late_2026,15.8
2026-07-28,RDL,ぱんさく,stream_duration,regular_season,2.9
2026-07-28,RDL,ぱんさく,video_upload_count,jul_early_2026,0
2026-07-28,RDL,ぱんさく,video_upload_count,jul_late_2026,0
2026-07-28,RDL,ぱんさく,video_upload_count,jun_late_2026,0
2026-07-28,RDL,ぱんさく,video_upload_count,regular_season,0
2026-07-28,RDL,ぱんさく,video_view_count,jul_early_2026,0
2026-07-28,RDL,ぱんさく,video_view_count,jul_late_2026,0
2026-07-28,RDL,ぱんさく,video_view_count,regular_season,0
2026-07-28,RDL,ぱんさく,watch_time,jul_early_2026,79
2026-07-28,RDL,ぱんさく,watch_time,jul_late_2026,13
2026-07-28,RDL,ぱんさく,watch_time,regular_season,50
2026-07-28,RDL,ぱんさく,youtube_subscribers,current,199
2026-07-28,RDL,山田レクイエム,followers,current,2054
2026-07-28,RDL,山田レクイエム,stream_duration,jul_early_2026,0.0
2026-07-28,RDL,山田レクイエム,stream_duration,jul_late_2026,0.0
2026-07-28,RDL,山田レクイエム,stream_duration,jun_late_2026,15.4
2026-07-28,RDL,山田レクイエム,stream_duration,regular_season,0.0
2026-07-28,RDL,山田レクイエム,video_upload_count,jul_early_2026,0
2026-07-28,RDL,山田レクイエム,video_upload_count,jul_late_2026,0
2026-07-28,RDL,山田レクイエム,video_upload_count,jun_late_2026,0
2026-07-28,RDL,山田レクイエム,video_upload_count,regular_season,0
2026-07-28,RDL,山田レクイエム,video_view_count,jul_early_2026,0
2026-07-28,RDL,山田レクイエム,video_view_count,jul_late_2026,0
2026-07-28,RDL,山田レクイエム,video_view_count,regular_season,0
2026-07-28,RDL,山田レクイエム,watch_time,jul_early_2026,0
2026-07-28,RDL,山田レクイエム,watch_time,jul_late_2026,0
2026-07-28,RDL,山田レクイエム,watch_time,regular_season,0
2026-07-28,RDL,山田レクイエム,youtube_subscribers,current,301
2026-07-28,RDL,折り紙,followers,current,5110
2026-07-28,RDL,折り紙,stream_duration,apr_late_2026,74.4
2026-07-28,RDL,折り紙,stream_duration,jul_early_2026,25.6
2026-07-28,RDL,折り紙,stream_duration,jul_late_2026,10.4
2026-07-28,RDL,折り紙,stream_duration,jun_early_2026,47.1
2026-07-28,RDL,折り紙,stream_duration,jun_late_2026,33.0
2026-07-28,RDL,折り紙,stream_duration,may_early_2026,50.5
2026-07-28,RDL,折り紙,stream_duration,may_late_2026,54.7
2026-07-28,RDL,折り紙,stream_duration,regular_season,17.5
2026-07-28,RDL,折り紙,video_upload_count,apr_late_2026,5
2026-07-28,RDL,折り紙,video_upload_count,jul_early_2026,3
2026-07-28,RDL,折り紙,video_upload_count,jul_late_2026,0
2026-07-28,RDL,折り紙,video_upload_count,jun_early_2026,3
2026-07-28,RDL,折り紙,video_upload_count,jun_late_2026,3
2026-07-28,RDL,折り紙,video_upload_count,may_early_2026,3
2026-07-28,RDL,折り紙,video_upload_count,may_late_2026,5
2026-07-28,RDL,折り紙,video_upload_count,regular_season,0
2026-07-28,RDL,折り紙,video_view_count,jul_early_2026,59767
2026-07-28,RDL,折り紙,video_view_count,jul_late_2026,0
2026-07-28,RDL,折り紙,video_view_count,jun_early_2026,43730
2026-07-28,RDL,折り紙,video_view_count,jun_late_2026,88530
2026-07-28,RDL,折り紙,video_view_count,may_early_2026,107876
2026-07-28,RDL,折り紙,video_view_count,may_late_2026,66564
2026-07-28,RDL,折り紙,video_view_count,regular_season,0
2026-07-28,RDL,折り紙,watch_time,jul_early_2026,6628
2026-07-28,RDL,折り紙,watch_time,jul_late_2026,751
2026-07-28,RDL,折り紙,watch_time,jun_early_2026,5895
2026-07-28,RDL,折り紙,watch_time,jun_late_2026,4608
2026-07-28,RDL,折り紙,watch_time,may_early_2026,7528
2026-07-28,RDL,折り紙,watch_time,may_late_2026,9118
2026-07-28,RDL,折り紙,watch_time,regular_season,2100
2026-07-28,RDL,折り紙,youtube_subscribers,current,14400
2026-07-28,VRL,Mishadow51,followers,current,2929
2026-07-28,VRL,Mishadow51,stream_duration,apr_late_2026,0.0
2026-07-28,VRL,Mishadow51,stream_duration,jul_early_2026,0.0
2026-07-28,VRL,Mishadow51,stream_duration,jul_late_2026,0.0
2026-07-28,VRL,Mishadow51,stream_duration,jun_early_2026,0.0
2026-07-28,VRL,Mishadow51,stream_duration,jun_late_2026,0.0
2026-07-28,VRL,Mishadow51,stream_duration,may_early_2026,0.0
2026-07-28,VRL,Mishadow51,stream_duration,may_late_2026,0.0
2026-07-28,VRL,Mishadow51,stream_duration,regular_season,0.0
2026-07-28,VRL,Mishadow51,video_upload_count,apr_late_2026,0
2026-07-28,VRL,Mishadow51,video_upload_count,jul_early_2026,0
2026-07-28,VRL,Mishadow51,video_upload_count,jul_late_2026,0
2026-07-28,VRL,Mishadow51,video_upload_count,jun_early_2026,0
2026-07-28,VRL,Mishadow51,video_upload_count,jun_late_2026,0
2026-07-28,VRL,Mishadow51,video_upload_count,may_early_2026,0
2026-07-28,VRL,Mishadow51,video_upload_count,may_late_2026,0
2026-07-28,VRL,Mishadow51,video_upload_count,regular_season,0
2026-07-28,VRL,Mishadow51,video_view_count,jul_early_2026,0
2026-07-28,VRL,Mishadow51,video_view_count,jul_late_2026,0
2026-07-28,VRL,Mishadow51,video_view_count,jun_early_2026,0
2026-07-28,VRL,Mishadow51,video_view_count,jun_late_2026,0
2026-07-28,VRL,Mishadow51,video_view_count,may_early_2026,0
2026-07-28,VRL,Mishadow51,video_view_count,may_late_2026,0
2026-07-28,VRL,Mishadow51,video_view_count,regular_season,0
2026-07-28,VRL,Mishadow51,watch_time,jul_early_2026,0
2026-07-28,VRL,Mishadow51,watch_time,jul_late_2026,0
2026-07-28,VRL,Mishadow51,watch_time,jun_early_2026,0
2026-07-28,VRL,Mishadow51,watch_time,jun_late_2026,0
2026-07-28,VRL,Mishadow51,watch_time,may_early_2026,0
2026-07-28,VRL,Mishadow51,watch_time,may_late_2026,0
2026-07-28,VRL,Mishadow51,watch_time,regular_season,0
2026-07-28,VRL,Mishadow51,youtube_subscribers,current,25
2026-07-28,VRL,Terarina,followers,current,3778
2026-07-28,VRL,Terarina,stream_duration,apr_late_2026,4.0
2026-07-28,VRL,Terarina,stream_duration,jul_early_2026,0.2
2026-07-28,VRL,Terarina,stream_duration,jul_late_2026,9.1
2026-07-28,VRL,Terarina,stream_duration,jun_early_2026,16.0
2026-07-28,VRL,Terarina,stream_duration,jun_late_2026,4.2
2026-07-28,VRL,Terarina,stream_duration,may_early_2026,5.1
2026-07-28,VRL,Terarina,stream_duration,may_late_2026,5.9
2026-07-28,VRL,Terarina,stream_duration,regular_season,9.1
2026-07-28,VRL,Terarina,video_upload_count,apr_late_2026,0
2026-07-28,VRL,Terarina,video_upload_count,jul_early_2026,0
2026-07-28,VRL,Terarina,video_upload_count,jul_late_2026,0
2026-07-28,VRL,Terarina,video_upload_count,jun_early_2026,0
2026-07-28,VRL,Terarina,video_upload_count,jun_late_2026,0
2026-07-28,VRL,Terarina,video_upload_count,may_early_2026,0
2026-07-28,VRL,Terarina,video_upload_count,may_late_2026,0
2026-07-28,VRL,Terarina,video_upload_count,regular_season,0
2026-07-28,VRL,Terarina,video_view_count,jul_early_2026,0
2026-07-28,VRL,Terarina,video_view_count,jul_late_2026,0
2026-07-28,VRL,Terarina,video_view_count,jun_early_2026,0
2026-07-28,VRL,Terarina,video_view_count,jun_late_2026,0
2026-07-28,VRL,Terarina,video_view_count,may_early_2026,0
2026-07-28,VRL,Terarina,video_view_count,may_late_2026,0
2026-07-28,VRL,Terarina,video_view_count,regular_season,0
2026-07-28,VRL,Terarina,watch_time,jul_early_2026,3
2026-07-28,VRL,Terarina,watch_time,jul_late_2026,65
2026-07-28,VRL,Terarina,watch_time,jun_early_2026,2920
2026-07-28,VRL,Terarina,watch_time,jun_late_2026,193
2026-07-28,VRL,Terarina,watch_time,may_early_2026,387
2026-07-28,VRL,Terarina,watch_time,may_late_2026,381
2026-07-28,VRL,Terarina,watch_time,regular_season,65
2026-07-28,VRL,Terarina,youtube_subscribers,current,1770
2026-07-28,VRL,monakawan,followers,current,1871
2026-07-28,VRL,monakawan,stream_duration,apr_late_2026,0.0
2026-07-28,VRL,monakawan,stream_duration,jul_early_2026,0.0
2026-07-28,VRL,monakawan,stream_duration,jul_late_2026,16.7
2026-07-28,VRL,monakawan,stream_duration,jun_early_2026,0.0
2026-07-28,VRL,monakawan,stream_duration,jun_late_2026,0.0
2026-07-28,VRL,monakawan,stream_duration,may_early_2026,0.0
2026-07-28,VRL,monakawan,stream_duration,may_late_2026,0.0
2026-07-28,VRL,monakawan,stream_duration,regular_season,16.7
2026-07-28,VRL,monakawan,video_upload_count,apr_late_2026,0
2026-07-28,VRL,monakawan,video_upload_count,jul_early_2026,0
2026-07-28,VRL,monakawan,video_upload_count,jul_late_2026,0
2026-07-28,VRL,monakawan,video_upload_count,jun_early_2026,0
2026-07-28,VRL,monakawan,video_upload_count,jun_late_2026,0
2026-07-28,VRL,monakawan,video_upload_count,may_early_2026,0
2026-07-28,VRL,monakawan,video_upload_count,may_late_2026,0
2026-07-28,VRL,monakawan,video_upload_count,regular_season,0
2026-07-28,VRL,monakawan,video_view_count,jul_early_2026,0
2026-07-28,VRL,monakawan,video_view_count,jul_late_2026,0
2026-07-28,VRL,monakawan,video_view_count,jun_early_2026,0
2026-07-28,VRL,monakawan,video_view_count,jun_late_2026,0
2026-07-28,VRL,monakawan,video_view_count,may_early_2026,0
2026-07-28,VRL,monakawan,video_view_count,may_late_2026,0
2026-07-28,VRL,monakawan,video_view_count,regular_season,0
2026-07-28,VRL,monakawan,watch_time,jul_early_2026,0
2026-07-28,VRL,monakawan,watch_time,jul_late_2026,262
2026-07-28,VRL,monakawan,watch_time,jun_early_2026,0
2026-07-28,VRL,monakawan,watch_time,jun_late_2026,0
2026-07-28,VRL,monakawan,watch_time,may_early_2026,0
2026-07-28,VRL,monakawan,watch_time,may_late_2026,0
2026-07-28,VRL,monakawan,watch_time,regular_season,262
2026-07-28,VRL,monakawan,youtube_subscribers,current,366
2026-07-28,VRL,まっつ,followers,current,4547
2026-07-28,VRL,まっつ,stream_duration,jul_early_2026,8.3
2026-07-28,VRL,まっつ,stream_duration,jul_late_2026,14.6
2026-07-28,VRL,まっつ,stream_duration,jun_late_2026,16.8
2026-07-28,VRL,まっつ,stream_duration,regular_season,17.6
2026-07-28,VRL,まっつ,video_upload_count,jul_early_2026,0
2026-07-28,VRL,まっつ,video_upload_count,jul_late_2026,0
2026-07-28,VRL,まっつ,video_upload_count,jun_late_2026,0
2026-07-28,VRL,まっつ,video_upload_count,regular_season,0
2026-07-28,VRL,まっつ,video_view_count,jul_early_2026,0
2026-07-28,VRL,まっつ,video_view_count,jul_late_2026,0
2026-07-28,VRL,まっつ,video_view_count,regular_season,0
2026-07-28,VRL,まっつ,watch_time,jul_early_2026,540
2026-07-28,VRL,まっつ,watch_time,jul_late_2026,1435
2026-07-28,VRL,まっつ,watch_time,regular_season,1472
2026-07-28,VRL,まっつ,youtube_subscribers,current,1600
2026-07-28,ZETA,CQCQ,followers,current,13731
2026-07-28,ZETA,CQCQ,stream_duration,apr_late_2026,21.5
2026-07-28,ZETA,CQCQ,stream_duration,jul_early_2026,2.7
2026-07-28,ZETA,CQCQ,stream_duration,jul_late_2026,20.3
2026-07-28,ZETA,CQCQ,stream_duration,jun_early_2026,18.1
2026-07-28,ZETA,CQCQ,stream_duration,jun_late_2026,20.2
2026-07-28,ZETA,CQCQ,stream_duration,may_early_2026,26.4
2026-07-28,ZETA,CQCQ,stream_duration,may_late_2026,18.6
2026-07-28,ZETA,CQCQ,stream_duration,regular_season,20.3
2026-07-28,ZETA,CQCQ,video_upload_count,apr_late_2026,2
2026-07-28,ZETA,CQCQ,video_upload_count,jul_early_2026,0
2026-07-28,ZETA,CQCQ,video_upload_count,jul_late_2026,0
2026-07-28,ZETA,CQCQ,video_upload_count,jun_early_2026,0
2026-07-28,ZETA,CQCQ,video_upload_count,jun_late_2026,0
2026-07-28,ZETA,CQCQ,video_upload_count,may_early_2026,1
2026-07-28,ZETA,CQCQ,video_upload_count,may_late_2026,0
2026-07-28,ZETA,CQCQ,video_upload_count,regular_season,0
2026-07-28,ZETA,CQCQ,video_view_count,jul_early_2026,0
2026-07-28,ZETA,CQCQ,video_view_count,jul_late_2026,0
2026-07-28,ZETA,CQCQ,video_view_count,jun_early_2026,0
2026-07-28,ZETA,CQCQ,video_view_count,jun_late_2026,0
2026-07-28,ZETA,CQCQ,video_view_count,may_early_2026,32600
2026-07-28,ZETA,CQCQ,video_view_count,may_late_2026,0
2026-07-28,ZETA,CQCQ,video_view_count,regular_season,0
2026-07-28,ZETA,CQCQ,watch_time,jul_early_2026,1808
2026-07-28,ZETA,CQCQ,watch_time,jul_late_2026,9216
2026-07-28,ZETA,CQCQ,watch_time,jun_early_2026,5188
2026-07-28,ZETA,CQCQ,watch_time,jun_late_2026,8316
2026-07-28,ZETA,CQCQ,watch_time,may_early_2026,18546
2026-07-28,ZETA,CQCQ,watch_time,may_late_2026,9708
2026-07-28,ZETA,CQCQ,watch_time,regular_season,9216
2026-07-28,ZETA,CQCQ,youtube_subscribers,current,13500
2026-07-28,ZETA,TBT,followers,current,2561
2026-07-28,ZETA,TBT,stream_duration,apr_late_2026,4.4
2026-07-28,ZETA,TBT,stream_duration,jul_early_2026,3.8
2026-07-28,ZETA,TBT,stream_duration,jul_late_2026,13.3
2026-07-28,ZETA,TBT,stream_duration,jun_early_2026,2.2
2026-07-28,ZETA,TBT,stream_duration,jun_late_2026,19.3
2026-07-28,ZETA,TBT,stream_duration,may_early_2026,0.0
2026-07-28,ZETA,TBT,stream_duration,may_late_2026,16.0
2026-07-28,ZETA,TBT,stream_duration,regular_season,13.3
2026-07-28,ZETA,TBT,video_upload_count,apr_late_2026,2
2026-07-28,ZETA,TBT,video_upload_count,jul_early_2026,0
2026-07-28,ZETA,TBT,video_upload_count,jul_late_2026,0
2026-07-28,ZETA,TBT,video_upload_count,jun_early_2026,0
2026-07-28,ZETA,TBT,video_upload_count,jun_late_2026,0
2026-07-28,ZETA,TBT,video_upload_count,may_early_2026,0
2026-07-28,ZETA,TBT,video_upload_count,may_late_2026,0
2026-07-28,ZETA,TBT,video_upload_count,regular_season,0
2026-07-28,ZETA,TBT,video_view_count,jul_early_2026,0
2026-07-28,ZETA,TBT,video_view_count,jul_late_2026,0
2026-07-28,ZETA,TBT,video_view_count,jun_early_2026,0
2026-07-28,ZETA,TBT,video_view_count,jun_late_2026,0
2026-07-28,ZETA,TBT,video_view_count,may_early_2026,0
2026-07-28,ZETA,TBT,video_view_count,may_late_2026,0
2026-07-28,ZETA,TBT,video_view_count,regular_season,0
2026-07-28,ZETA,TBT,watch_time,jul_early_2026,319
2026-07-28,ZETA,TBT,watch_time,jul_late_2026,1679
2026-07-28,ZETA,TBT,watch_time,jun_early_2026,258
2026-07-28,ZETA,TBT,watch_time,jun_late_2026,1414
2026-07-28,ZETA,TBT,watch_time,may_early_2026,0
2026-07-28,ZETA,TBT,watch_time,may_late_2026,2626
2026-07-28,ZETA,TBT,watch_time,regular_season,1679
2026-07-28,ZETA,TBT,youtube_subscribers,current,1130
2026-07-28,ZETA,ねぎま,followers,current,3220
2026-07-28,ZETA,ねぎま,stream_duration,jul_early_2026,14.6
2026-07-28,ZETA,ねぎま,stream_duration,jul_late_2026,37.6
2026-07-28,ZETA,ねぎま,stream_duration,jun_late_2026,77.4
2026-07-28,ZETA,ねぎま,stream_duration,regular_season,37.6
2026-07-28,ZETA,ねぎま,video_upload_count,jul_early_2026,0
2026-07-28,ZETA,ねぎま,video_upload_count,jul_late_2026,0
2026-07-28,ZETA,ねぎま,video_upload_count,jun_late_2026,1
2026-07-28,ZETA,ねぎま,video_upload_count,regular_season,0
2026-07-28,ZETA,ねぎま,video_view_count,jul_early_2026,0
2026-07-28,ZETA,ねぎま,video_view_count,jul_late_2026,0
2026-07-28,ZETA,ねぎま,video_view_count,regular_season,0
2026-07-28,ZETA,ねぎま,watch_time,jul_early_2026,1479
2026-07-28,ZETA,ねぎま,watch_time,jul_late_2026,6211
2026-07-28,ZETA,ねぎま,watch_time,regular_season,6211
2026-07-28,ZETA,ねぎま,youtube_subscribers,current,1470
2026-07-28,ZETA,ヘイム,followers,current,6320
2026-07-28,ZETA,ヘイム,stream_duration,apr_late_2026,57.1
2026-07-28,ZETA,ヘイム,stream_duration,jul_early_2026,8.1
2026-07-28,ZETA,ヘイム,stream_duration,jul_late_2026,22.7
2026-07-28,ZETA,ヘイム,stream_duration,jun_early_2026,41.3
2026-07-28,ZETA,ヘイム,stream_duration,jun_late_2026,11.1
2026-07-28,ZETA,ヘイム,stream_duration,may_early_2026,63.6
2026-07-28,ZETA,ヘイム,stream_duration,may_late_2026,80.1
2026-07-28,ZETA,ヘイム,stream_duration,regular_season,23.9
2026-07-28,ZETA,ヘイム,video_upload_count,apr_late_2026,0
2026-07-28,ZETA,ヘイム,video_upload_count,jul_early_2026,0
2026-07-28,ZETA,ヘイム,video_upload_count,jul_late_2026,0
2026-07-28,ZETA,ヘイム,video_upload_count,jun_early_2026,0
2026-07-28,ZETA,ヘイム,video_upload_count,jun_late_2026,0
2026-07-28,ZETA,ヘイム,video_upload_count,may_early_2026,0
2026-07-28,ZETA,ヘイム,video_upload_count,may_late_2026,0
2026-07-28,ZETA,ヘイム,video_upload_count,regular_season,0
2026-07-28,ZETA,ヘイム,video_view_count,jul_early_2026,0
2026-07-28,ZETA,ヘイム,video_view_count,jul_late_2026,0
2026-07-28,ZETA,ヘイム,video_view_count,jun_early_2026,0
2026-07-28,ZETA,ヘイム,video_view_count,jun_late_2026,0
2026-07-28,ZETA,ヘイム,video_view_count,may_early_2026,0
2026-07-28,ZETA,ヘイム,video_view_count,may_late_2026,0
2026-07-28,ZETA,ヘイム,video_view_count,regular_season,0
2026-07-28,ZETA,ヘイム,watch_time,jul_early_2026,1205
2026-07-28,ZETA,ヘイム,watch_time,jul_late_2026,6332
2026-07-28,ZETA,ヘイム,watch_time,jun_early_2026,6920
2026-07-28,ZETA,ヘイム,watch_time,jun_late_2026,1119
2026-07-28,ZETA,ヘイム,watch_time,may_early_2026,30598
2026-07-28,ZETA,ヘイム,watch_time,may_late_2026,19810
2026-07-28,ZETA,ヘイム,watch_time,regular_season,6538
2026-07-28,ZETA,ヘイム,youtube_subscribers,current,5050
2026-07-29,CR,Atom,followers,current,13197
2026-07-29,CR,Atom,stream_duration,apr_late_2026,35.5
2026-07-29,CR,Atom,stream_duration,jul_early_2026,0.8
2026-07-29,CR,Atom,stream_duration,jul_late_2026,15.4
2026-07-29,CR,Atom,stream_duration,jun_early_2026,3.6
2026-07-29,CR,Atom,stream_duration,jun_late_2026,0.0
2026-07-29,CR,Atom,stream_duration,may_early_2026,21.2
2026-07-29,CR,Atom,stream_duration,may_late_2026,15.3
2026-07-29,CR,Atom,stream_duration,regular_season,16.2
2026-07-29,CR,Atom,video_upload_count,apr_late_2026,0
2026-07-29,CR,Atom,video_upload_count,jul_early_2026,0
2026-07-29,CR,Atom,video_upload_count,jul_late_2026,0
2026-07-29,CR,Atom,video_upload_count,jun_early_2026,0
2026-07-29,CR,Atom,video_upload_count,jun_late_2026,0
2026-07-29,CR,Atom,video_upload_count,may_early_2026,0
2026-07-29,CR,Atom,video_upload_count,may_late_2026,0
2026-07-29,CR,Atom,video_upload_count,regular_season,0
2026-07-29,CR,Atom,video_view_count,jul_early_2026,0
2026-07-29,CR,Atom,video_view_count,jul_late_2026,0
2026-07-29,CR,Atom,video_view_count,jun_early_2026,0
2026-07-29,CR,Atom,video_view_count,jun_late_2026,0
2026-07-29,CR,Atom,video_view_count,may_early_2026,0
2026-07-29,CR,Atom,video_view_count,may_late_2026,0
2026-07-29,CR,Atom,video_view_count,regular_season,0
2026-07-29,CR,Atom,watch_time,jul_early_2026,209
2026-07-29,CR,Atom,watch_time,jul_late_2026,4353
2026-07-29,CR,Atom,watch_time,jun_early_2026,2778
2026-07-29,CR,Atom,watch_time,jun_late_2026,0
2026-07-29,CR,Atom,watch_time,may_early_2026,17519
2026-07-29,CR,Atom,watch_time,may_late_2026,9365
2026-07-29,CR,Atom,watch_time,regular_season,4564
2026-07-29,CR,Atom,youtube_subscribers,current,8010
2026-07-29,CR,Winter,followers,current,2904
2026-07-29,CR,Winter,stream_duration,apr_late_2026,0.0
2026-07-29,CR,Winter,stream_duration,jul_early_2026,0.0
2026-07-29,CR,Winter,stream_duration,jul_late_2026,14.3
2026-07-29,CR,Winter,stream_duration,jun_early_2026,0.0
2026-07-29,CR,Winter,stream_duration,jun_late_2026,5.5
2026-07-29,CR,Winter,stream_duration,may_early_2026,0.0
2026-07-29,CR,Winter,stream_duration,may_late_2026,4.7
2026-07-29,CR,Winter,stream_duration,regular_season,14.3
2026-07-29,CR,Winter,video_upload_count,apr_late_2026,0
2026-07-29,CR,Winter,video_upload_count,jul_early_2026,0
2026-07-29,CR,Winter,video_upload_count,jul_late_2026,0
2026-07-29,CR,Winter,video_upload_count,jun_early_2026,0
2026-07-29,CR,Winter,video_upload_count,jun_late_2026,0
2026-07-29,CR,Winter,video_upload_count,may_early_2026,0
2026-07-29,CR,Winter,video_upload_count,may_late_2026,0
2026-07-29,CR,Winter,video_upload_count,regular_season,0
2026-07-29,CR,Winter,video_view_count,jul_early_2026,0
2026-07-29,CR,Winter,video_view_count,jul_late_2026,0
2026-07-29,CR,Winter,video_view_count,jun_early_2026,0
2026-07-29,CR,Winter,video_view_count,jun_late_2026,0
2026-07-29,CR,Winter,video_view_count,may_early_2026,0
2026-07-29,CR,Winter,video_view_count,may_late_2026,0
2026-07-29,CR,Winter,video_view_count,regular_season,0
2026-07-29,CR,Winter,watch_time,jul_early_2026,0
2026-07-29,CR,Winter,watch_time,jul_late_2026,767
2026-07-29,CR,Winter,watch_time,jun_early_2026,0
2026-07-29,CR,Winter,watch_time,jun_late_2026,346
2026-07-29,CR,Winter,watch_time,may_early_2026,0
2026-07-29,CR,Winter,watch_time,may_late_2026,260
2026-07-29,CR,Winter,watch_time,regular_season,767
2026-07-29,CR,Winter,youtube_subscribers,current,958
2026-07-29,CR,ふぇぐ,followers,current,34312
2026-07-29,CR,ふぇぐ,stream_duration,jul_early_2026,1.0
2026-07-29,CR,ふぇぐ,stream_duration,jul_late_2026,11.2
2026-07-29,CR,ふぇぐ,stream_duration,jun_late_2026,17.7
2026-07-29,CR,ふぇぐ,stream_duration,regular_season,11.2
2026-07-29,CR,ふぇぐ,video_upload_count,jul_early_2026,0
2026-07-29,CR,ふぇぐ,video_upload_count,jul_late_2026,1
2026-07-29,CR,ふぇぐ,video_upload_count,jun_late_2026,0
2026-07-29,CR,ふぇぐ,video_upload_count,regular_season,1
2026-07-29,CR,ふぇぐ,video_view_count,jul_early_2026,0
2026-07-29,CR,ふぇぐ,video_view_count,jul_late_2026,0
2026-07-29,CR,ふぇぐ,video_view_count,regular_season,0
2026-07-29,CR,ふぇぐ,watch_time,jul_early_2026,80
2026-07-29,CR,ふぇぐ,watch_time,jul_late_2026,1006
2026-07-29,CR,ふぇぐ,watch_time,regular_season,1006
2026-07-29,CR,ふぇぐ,youtube_subscribers,current,6270
2026-07-29,CR,ふえた,followers,current,3723
2026-07-29,CR,ふえた,stream_duration,apr_late_2026,11.3
2026-07-29,CR,ふえた,stream_duration,jul_early_2026,0.0
2026-07-29,CR,ふえた,stream_duration,jul_late_2026,12.6
2026-07-29,CR,ふえた,stream_duration,jun_early_2026,25.3
2026-07-29,CR,ふえた,stream_duration,jun_late_2026,10.4
2026-07-29,CR,ふえた,stream_duration,may_early_2026,0.0
2026-07-29,CR,ふえた,stream_duration,may_late_2026,1.3
2026-07-29,CR,ふえた,stream_duration,regular_season,12.6
2026-07-29,CR,ふえた,video_upload_count,apr_late_2026,0
2026-07-29,CR,ふえた,video_upload_count,jul_early_2026,0
2026-07-29,CR,ふえた,video_upload_count,jul_late_2026,2
2026-07-29,CR,ふえた,video_upload_count,jun_early_2026,0
2026-07-29,CR,ふえた,video_upload_count,jun_late_2026,0
2026-07-29,CR,ふえた,video_upload_count,may_early_2026,0
2026-07-29,CR,ふえた,video_upload_count,may_late_2026,0
2026-07-29,CR,ふえた,video_upload_count,regular_season,2
2026-07-29,CR,ふえた,video_view_count,jul_early_2026,0
2026-07-29,CR,ふえた,video_view_count,jul_late_2026,0
2026-07-29,CR,ふえた,video_view_count,jun_early_2026,0
2026-07-29,CR,ふえた,video_view_count,jun_late_2026,0
2026-07-29,CR,ふえた,video_view_count,may_early_2026,0
2026-07-29,CR,ふえた,video_view_count,may_late_2026,0
2026-07-29,CR,ふえた,video_view_count,regular_season,0
2026-07-29,CR,ふえた,watch_time,jul_early_2026,0
2026-07-29,CR,ふえた,watch_time,jul_late_2026,626
2026-07-29,CR,ふえた,watch_time,jun_early_2026,1221
2026-07-29,CR,ふえた,watch_time,jun_late_2026,742
2026-07-29,CR,ふえた,watch_time,may_early_2026,0
2026-07-29,CR,ふえた,watch_time,may_late_2026,15
2026-07-29,CR,ふえた,watch_time,regular_season,626
2026-07-29,CR,ふえた,youtube_subscribers,current,1160
2026-07-29,CR,空白,followers,current,3857
2026-07-29,CR,空白,stream_duration,apr_late_2026,23.8
2026-07-29,CR,空白,stream_duration,jul_early_2026,0.0
2026-07-29,CR,空白,stream_duration,jul_late_2026,20.7
2026-07-29,CR,空白,stream_duration,jun_early_2026,26.8
2026-07-29,CR,空白,stream_duration,jun_late_2026,20.3
2026-07-29,CR,空白,stream_duration,may_early_2026,24.5
2026-07-29,CR,空白,stream_duration,may_late_2026,33.6
2026-07-29,CR,空白,stream_duration,regular_season,20.7
2026-07-29,CR,空白,video_upload_count,apr_late_2026,0
2026-07-29,CR,空白,video_upload_count,jul_early_2026,0
2026-07-29,CR,空白,video_upload_count,jul_late_2026,0
2026-07-29,CR,空白,video_upload_count,jun_early_2026,0
2026-07-29,CR,空白,video_upload_count,jun_late_2026,0
2026-07-29,CR,空白,video_upload_count,may_early_2026,0
2026-07-29,CR,空白,video_upload_count,may_late_2026,0
2026-07-29,CR,空白,video_upload_count,regular_season,0
2026-07-29,CR,空白,video_view_count,jul_early_2026,0
2026-07-29,CR,空白,video_view_count,jul_late_2026,0
2026-07-29,CR,空白,video_view_count,jun_early_2026,0
2026-07-29,CR,空白,video_view_count,jun_late_2026,0
2026-07-29,CR,空白,video_view_count,may_early_2026,0
2026-07-29,CR,空白,video_view_count,may_late_2026,0
2026-07-29,CR,空白,video_view_count,regular_season,0
2026-07-29,CR,空白,watch_time,jul_early_2026,0
2026-07-29,CR,空白,watch_time,jul_late_2026,722
2026-07-29,CR,空白,watch_time,jun_early_2026,1152
2026-07-29,CR,空白,watch_time,jun_late_2026,2339
2026-07-29,CR,空白,watch_time,may_early_2026,2243
2026-07-29,CR,空白,watch_time,may_late_2026,1811
2026-07-29,CR,空白,watch_time,regular_season,722
2026-07-29,CR,空白,youtube_subscribers,current,1630
2026-07-29,DFM,MingiGod,followers,current,3473
2026-07-29,DFM,MingiGod,stream_duration,jul_early_2026,8.9
2026-07-29,DFM,MingiGod,stream_duration,jul_late_2026,14.9
2026-07-29,DFM,MingiGod,stream_duration,jun_late_2026,16.6
2026-07-29,DFM,MingiGod,stream_duration,regular_season,23.8
2026-07-29,DFM,MingiGod,video_upload_count,jul_early_2026,0
2026-07-29,DFM,MingiGod,video_upload_count,jul_late_2026,0
2026-07-29,DFM,MingiGod,video_upload_count,jun_late_2026,1
2026-07-29,DFM,MingiGod,video_upload_count,regular_season,0
2026-07-29,DFM,MingiGod,video_view_count,jul_early_2026,0
2026-07-29,DFM,MingiGod,video_view_count,jul_late_2026,0
2026-07-29,DFM,MingiGod,video_view_count,regular_season,0
2026-07-29,DFM,MingiGod,watch_time,jul_early_2026,996
2026-07-29,DFM,MingiGod,watch_time,jul_late_2026,1262
2026-07-29,DFM,MingiGod,watch_time,regular_season,2258
2026-07-29,DFM,MingiGod,youtube_subscribers,current,1740
2026-07-29,DFM,かなで,followers,current,2138
2026-07-29,DFM,かなで,stream_duration,apr_late_2026,9.2
2026-07-29,DFM,かなで,stream_duration,jul_early_2026,2.1
2026-07-29,DFM,かなで,stream_duration,jul_late_2026,6.8
2026-07-29,DFM,かなで,stream_duration,jun_early_2026,4.8
2026-07-29,DFM,かなで,stream_duration,jun_late_2026,9.7
2026-07-29,DFM,かなで,stream_duration,may_early_2026,4.5
2026-07-29,DFM,かなで,stream_duration,may_late_2026,9.4
2026-07-29,DFM,かなで,stream_duration,regular_season,6.8
2026-07-29,DFM,かなで,video_upload_count,apr_late_2026,0
2026-07-29,DFM,かなで,video_upload_count,jul_early_2026,0
2026-07-29,DFM,かなで,video_upload_count,jul_late_2026,0
2026-07-29,DFM,かなで,video_upload_count,jun_early_2026,0
2026-07-29,DFM,かなで,video_upload_count,jun_late_2026,0
2026-07-29,DFM,かなで,video_upload_count,may_early_2026,0
2026-07-29,DFM,かなで,video_upload_count,may_late_2026,0
2026-07-29,DFM,かなで,video_upload_count,regular_season,0
2026-07-29,DFM,かなで,video_view_count,jul_early_2026,0
2026-07-29,DFM,かなで,video_view_count,jul_late_2026,0
2026-07-29,DFM,かなで,video_view_count,jun_early_2026,0
2026-07-29,DFM,かなで,video_view_count,jun_late_2026,0
2026-07-29,DFM,かなで,video_view_count,may_early_2026,0
2026-07-29,DFM,かなで,video_view_count,may_late_2026,0
2026-07-29,DFM,かなで,video_view_count,regular_season,0
2026-07-29,DFM,かなで,watch_time,jul_early_2026,52
2026-07-29,DFM,かなで,watch_time,jul_late_2026,141
2026-07-29,DFM,かなで,watch_time,jun_early_2026,73
2026-07-29,DFM,かなで,watch_time,jun_late_2026,301
2026-07-29,DFM,かなで,watch_time,may_early_2026,157
2026-07-29,DFM,かなで,watch_time,may_late_2026,258
2026-07-29,DFM,かなで,watch_time,regular_season,141
2026-07-29,DFM,かなで,youtube_subscribers,current,541
2026-07-29,DFM,ミル,followers,current,14538
2026-07-29,DFM,ミル,stream_duration,apr_late_2026,33.8
2026-07-29,DFM,ミル,stream_duration,jul_early_2026,6.9
2026-07-29,DFM,ミル,stream_duration,jul_late_2026,9.5
2026-07-29,DFM,ミル,stream_duration,jun_early_2026,15.0
2026-07-29,DFM,ミル,stream_duration,jun_late_2026,14.1
2026-07-29,DFM,ミル,stream_duration,may_early_2026,14.1
2026-07-29,DFM,ミル,stream_duration,may_late_2026,23.3
2026-07-29,DFM,ミル,stream_duration,regular_season,16.4
2026-07-29,DFM,ミル,video_upload_count,apr_late_2026,0
2026-07-29,DFM,ミル,video_upload_count,jul_early_2026,0
2026-07-29,DFM,ミル,video_upload_count,jul_late_2026,0
2026-07-29,DFM,ミル,video_upload_count,jun_early_2026,0
2026-07-29,DFM,ミル,video_upload_count,jun_late_2026,0
2026-07-29,DFM,ミル,video_upload_count,may_early_2026,0
2026-07-29,DFM,ミル,video_upload_count,may_late_2026,0
2026-07-29,DFM,ミル,video_upload_count,regular_season,0
2026-07-29,DFM,ミル,video_view_count,jul_early_2026,0
2026-07-29,DFM,ミル,video_view_count,jul_late_2026,0
2026-07-29,DFM,ミル,video_view_count,jun_early_2026,0
2026-07-29,DFM,ミル,video_view_count,jun_late_2026,0
2026-07-29,DFM,ミル,video_view_count,may_early_2026,0
2026-07-29,DFM,ミル,video_view_count,may_late_2026,0
2026-07-29,DFM,ミル,video_view_count,regular_season,0
2026-07-29,DFM,ミル,watch_time,jul_early_2026,321
2026-07-29,DFM,ミル,watch_time,jul_late_2026,210
2026-07-29,DFM,ミル,watch_time,jun_early_2026,2284
2026-07-29,DFM,ミル,watch_time,jun_late_2026,1093
2026-07-29,DFM,ミル,watch_time,may_early_2026,691
2026-07-29,DFM,ミル,watch_time,may_late_2026,1363
2026-07-29,DFM,ミル,watch_time,regular_season,527
2026-07-29,DFM,ミル,youtube_subscribers,current,3950
2026-07-29,DFM,ユーリ,followers,current,14142
2026-07-29,DFM,ユーリ,stream_duration,apr_late_2026,56.4
2026-07-29,DFM,ユーリ,stream_duration,jul_early_2026,9.4
2026-07-29,DFM,ユーリ,stream_duration,jul_late_2026,16.7
2026-07-29,DFM,ユーリ,stream_duration,jun_early_2026,22.3
2026-07-29,DFM,ユーリ,stream_duration,jun_late_2026,27.3
2026-07-29,DFM,ユーリ,stream_duration,may_early_2026,11.7
2026-07-29,DFM,ユーリ,stream_duration,may_late_2026,19.5
2026-07-29,DFM,ユーリ,stream_duration,regular_season,26.1
2026-07-29,DFM,ユーリ,video_upload_count,apr_late_2026,0
2026-07-29,DFM,ユーリ,video_upload_count,jul_early_2026,0
2026-07-29,DFM,ユーリ,video_upload_count,jul_late_2026,0
2026-07-29,DFM,ユーリ,video_upload_count,jun_early_2026,0
2026-07-29,DFM,ユーリ,video_upload_count,jun_late_2026,0
2026-07-29,DFM,ユーリ,video_upload_count,may_early_2026,0
2026-07-29,DFM,ユーリ,video_upload_count,may_late_2026,0
2026-07-29,DFM,ユーリ,video_upload_count,regular_season,0
2026-07-29,DFM,ユーリ,video_view_count,jul_early_2026,0
2026-07-29,DFM,ユーリ,video_view_count,jul_late_2026,0
2026-07-29,DFM,ユーリ,video_view_count,jun_early_2026,0
2026-07-29,DFM,ユーリ,video_view_count,jun_late_2026,0
2026-07-29,DFM,ユーリ,video_view_count,may_early_2026,0
2026-07-29,DFM,ユーリ,video_view_count,may_late_2026,0
2026-07-29,DFM,ユーリ,video_view_count,regular_season,0
2026-07-29,DFM,ユーリ,watch_time,jul_early_2026,11134
2026-07-29,DFM,ユーリ,watch_time,jul_late_2026,5765
2026-07-29,DFM,ユーリ,watch_time,jun_early_2026,14677
2026-07-29,DFM,ユーリ,watch_time,jun_late_2026,18125
2026-07-29,DFM,ユーリ,watch_time,may_early_2026,8667
2026-07-29,DFM,ユーリ,watch_time,may_late_2026,11953
2026-07-29,DFM,ユーリ,watch_time,regular_season,17000
2026-07-29,DFM,ユーリ,youtube_subscribers,current,12300
2026-07-29,LVH,Era53,followers,current,12632
2026-07-29,LVH,Era53,stream_duration,apr_late_2026,52.3
2026-07-29,LVH,Era53,stream_duration,jul_early_2026,14.2
2026-07-29,LVH,Era53,stream_duration,jul_late_2026,23.3
2026-07-29,LVH,Era53,stream_duration,jun_early_2026,52.1
2026-07-29,LVH,Era53,stream_duration,jun_late_2026,38.9
2026-07-29,LVH,Era53,stream_duration,may_early_2026,14.4
2026-07-29,LVH,Era53,stream_duration,may_late_2026,67.1
2026-07-29,LVH,Era53,stream_duration,regular_season,32.9
2026-07-29,LVH,Era53,video_upload_count,apr_late_2026,0
2026-07-29,LVH,Era53,video_upload_count,jul_early_2026,0
2026-07-29,LVH,Era53,video_upload_count,jul_late_2026,0
2026-07-29,LVH,Era53,video_upload_count,jun_early_2026,0
2026-07-29,LVH,Era53,video_upload_count,jun_late_2026,0
2026-07-29,LVH,Era53,video_upload_count,may_early_2026,0
2026-07-29,LVH,Era53,video_upload_count,may_late_2026,0
2026-07-29,LVH,Era53,video_upload_count,regular_season,0
2026-07-29,LVH,Era53,video_view_count,jul_early_2026,0
2026-07-29,LVH,Era53,video_view_count,jul_late_2026,0
2026-07-29,LVH,Era53,video_view_count,jun_early_2026,0
2026-07-29,LVH,Era53,video_view_count,jun_late_2026,0
2026-07-29,LVH,Era53,video_view_count,may_early_2026,0
2026-07-29,LVH,Era53,video_view_count,may_late_2026,0
2026-07-29,LVH,Era53,video_view_count,regular_season,0
2026-07-29,LVH,Era53,watch_time,jul_early_2026,23904
2026-07-29,LVH,Era53,watch_time,jul_late_2026,28073
2026-07-29,LVH,Era53,watch_time,jun_early_2026,28528
2026-07-29,LVH,Era53,watch_time,jun_late_2026,34566
2026-07-29,LVH,Era53,watch_time,may_early_2026,12339
2026-07-29,LVH,Era53,watch_time,may_late_2026,54486
2026-07-29,LVH,Era53,watch_time,regular_season,47937
2026-07-29,LVH,Era53,youtube_subscribers,current,15800
2026-07-29,LVH,Hirobosu,followers,current,2898
2026-07-29,LVH,Hirobosu,stream_duration,jul_early_2026,0.0
2026-07-29,LVH,Hirobosu,stream_duration,jul_late_2026,0.0
2026-07-29,LVH,Hirobosu,stream_duration,jun_late_2026,0.0
2026-07-29,LVH,Hirobosu,stream_duration,regular_season,0.0
2026-07-29,LVH,Hirobosu,video_upload_count,jul_early_2026,0
2026-07-29,LVH,Hirobosu,video_upload_count,jul_late_2026,0
2026-07-29,LVH,Hirobosu,video_upload_count,jun_late_2026,0
2026-07-29,LVH,Hirobosu,video_upload_count,regular_season,0
2026-07-29,LVH,Hirobosu,video_view_count,jul_early_2026,0
2026-07-29,LVH,Hirobosu,video_view_count,jul_late_2026,0
2026-07-29,LVH,Hirobosu,video_view_count,regular_season,0
2026-07-29,LVH,Hirobosu,watch_time,jul_early_2026,0
2026-07-29,LVH,Hirobosu,watch_time,jul_late_2026,0
2026-07-29,LVH,Hirobosu,watch_time,regular_season,0
2026-07-29,LVH,Hirobosu,youtube_subscribers,current,448
2026-07-29,LVH,rikka,followers,current,13593
2026-07-29,LVH,rikka,stream_duration,apr_late_2026,50.5
2026-07-29,LVH,rikka,stream_duration,jul_early_2026,8.0
2026-07-29,LVH,rikka,stream_duration,jul_late_2026,19.1
2026-07-29,LVH,rikka,stream_duration,jun_early_2026,32.2
2026-07-29,LVH,rikka,stream_duration,jun_late_2026,33.0
2026-07-29,LVH,rikka,stream_duration,may_early_2026,39.5
2026-07-29,LVH,rikka,stream_duration,may_late_2026,7.5
2026-07-29,LVH,rikka,stream_duration,regular_season,19.1
2026-07-29,LVH,rikka,video_upload_count,apr_late_2026,0
2026-07-29,LVH,rikka,video_upload_count,jul_early_2026,0
2026-07-29,LVH,rikka,video_upload_count,jul_late_2026,0
2026-07-29,LVH,rikka,video_upload_count,jun_early_2026,0
2026-07-29,LVH,rikka,video_upload_count,jun_late_2026,0
2026-07-29,LVH,rikka,video_upload_count,may_early_2026,0
2026-07-29,LVH,rikka,video_upload_count,may_late_2026,0
2026-07-29,LVH,rikka,video_upload_count,regular_season,0
2026-07-29,LVH,rikka,video_view_count,jul_early_2026,0
2026-07-29,LVH,rikka,video_view_count,jul_late_2026,0
2026-07-29,LVH,rikka,video_view_count,jun_early_2026,0
2026-07-29,LVH,rikka,video_view_count,jun_late_2026,0
2026-07-29,LVH,rikka,video_view_count,may_early_2026,0
2026-07-29,LVH,rikka,video_view_count,may_late_2026,0
2026-07-29,LVH,rikka,video_view_count,regular_season,0
2026-07-29,LVH,rikka,watch_time,jul_early_2026,3688
2026-07-29,LVH,rikka,watch_time,jul_late_2026,18976
2026-07-29,LVH,rikka,watch_time,jun_early_2026,13078
2026-07-29,LVH,rikka,watch_time,jun_late_2026,16924
2026-07-29,LVH,rikka,watch_time,may_early_2026,28442
2026-07-29,LVH,rikka,watch_time,may_late_2026,2528
2026-07-29,LVH,rikka,watch_time,regular_season,18976
2026-07-29,LVH,rikka,youtube_subscribers,current,12500
2026-07-29,LVH,だーよね,followers,current,3164
2026-07-29,LVH,だーよね,stream_duration,apr_late_2026,5.6
2026-07-29,LVH,だーよね,stream_duration,jul_early_2026,4.3
2026-07-29,LVH,だーよね,stream_duration,jul_late_2026,12.0
2026-07-29,LVH,だーよね,stream_duration,jun_early_2026,11.2
2026-07-29,LVH,だーよね,stream_duration,jun_late_2026,9.2
2026-07-29,LVH,だーよね,stream_duration,may_early_2026,18.7
2026-07-29,LVH,だーよね,stream_duration,may_late_2026,17.3
2026-07-29,LVH,だーよね,stream_duration,regular_season,12.0
2026-07-29,LVH,だーよね,video_upload_count,apr_late_2026,0
2026-07-29,LVH,だーよね,video_upload_count,jul_early_2026,0
2026-07-29,LVH,だーよね,video_upload_count,jul_late_2026,0
2026-07-29,LVH,だーよね,video_upload_count,jun_early_2026,0
2026-07-29,LVH,だーよね,video_upload_count,jun_late_2026,0
2026-07-29,LVH,だーよね,video_upload_count,may_early_2026,0
2026-07-29,LVH,だーよね,video_upload_count,may_late_2026,0
2026-07-29,LVH,だーよね,video_upload_count,regular_season,0
2026-07-29,LVH,だーよね,video_view_count,jul_early_2026,0
2026-07-29,LVH,だーよね,video_view_count,jul_late_2026,0
2026-07-29,LVH,だーよね,video_view_count,jun_early_2026,0
2026-07-29,LVH,だーよね,video_view_count,jun_late_2026,0
2026-07-29,LVH,だーよね,video_view_count,may_early_2026,0
2026-07-29,LVH,だーよね,video_view_count,may_late_2026,0
2026-07-29,LVH,だーよね,video_view_count,regular_season,0
2026-07-29,LVH,だーよね,watch_time,jul_early_2026,546
2026-07-29,LVH,だーよね,watch_time,jul_late_2026,1776
2026-07-29,LVH,だーよね,watch_time,jun_early_2026,866
2026-07-29,LVH,だーよね,watch_time,jun_late_2026,1013
2026-07-29,LVH,だーよね,watch_time,may_early_2026,2621
2026-07-29,LVH,だーよね,watch_time,may_late_2026,1566
2026-07-29,LVH,だーよね,watch_time,regular_season,1776
2026-07-29,LVH,だーよね,youtube_subscribers,current,1520
2026-07-29,LVH,智念せいら,followers,current,15401
2026-07-29,LVH,智念せいら,stream_duration,jul_early_2026,19.6
2026-07-29,LVH,智念せいら,stream_duration,jul_late_2026,20.1
2026-07-29,LVH,智念せいら,stream_duration,jun_late_2026,17.6
2026-07-29,LVH,智念せいら,stream_duration,regular_season,27.3
2026-07-29,LVH,智念せいら,video_upload_count,jul_early_2026,9
2026-07-29,LVH,智念せいら,video_upload_count,jul_late_2026,2
2026-07-29,LVH,智念せいら,video_upload_count,jun_late_2026,6
2026-07-29,LVH,智念せいら,video_upload_count,regular_season,7
2026-07-29,LVH,智念せいら,video_view_count,jul_early_2026,617975
2026-07-29,LVH,智念せいら,video_view_count,jul_late_2026,148648
2026-07-29,LVH,智念せいら,video_view_count,regular_season,545964
2026-07-29,LVH,智念せいら,watch_time,jul_early_2026,30693
2026-07-29,LVH,智念せいら,watch_time,jul_late_2026,24997
2026-07-29,LVH,智念せいら,watch_time,regular_season,33092
2026-07-29,LVH,智念せいら,youtube_subscribers,current,60700
2026-07-29,MRG,Spicies,followers,current,32845
2026-07-29,MRG,Spicies,stream_duration,apr_late_2026,97.2
2026-07-29,MRG,Spicies,stream_duration,jul_early_2026,22.0
2026-07-29,MRG,Spicies,stream_duration,jul_late_2026,19.4
2026-07-29,MRG,Spicies,stream_duration,jun_early_2026,84.2
2026-07-29,MRG,Spicies,stream_duration,jun_late_2026,55.6
2026-07-29,MRG,Spicies,stream_duration,may_early_2026,40.3
2026-07-29,MRG,Spicies,stream_duration,may_late_2026,52.1
2026-07-29,MRG,Spicies,stream_duration,regular_season,28.6
2026-07-29,MRG,Spicies,video_upload_count,apr_late_2026,12
2026-07-29,MRG,Spicies,video_upload_count,jul_early_2026,2
2026-07-29,MRG,Spicies,video_upload_count,jul_late_2026,1
2026-07-29,MRG,Spicies,video_upload_count,jun_early_2026,3
2026-07-29,MRG,Spicies,video_upload_count,jun_late_2026,4
2026-07-29,MRG,Spicies,video_upload_count,may_early_2026,6
2026-07-29,MRG,Spicies,video_upload_count,may_late_2026,5
2026-07-29,MRG,Spicies,video_upload_count,regular_season,2
2026-07-29,MRG,Spicies,video_view_count,jul_early_2026,54296
2026-07-29,MRG,Spicies,video_view_count,jul_late_2026,0
2026-07-29,MRG,Spicies,video_view_count,jun_early_2026,44105
2026-07-29,MRG,Spicies,video_view_count,jun_late_2026,103158
2026-07-29,MRG,Spicies,video_view_count,may_early_2026,167728
2026-07-29,MRG,Spicies,video_view_count,may_late_2026,96387
2026-07-29,MRG,Spicies,video_view_count,regular_season,23230
2026-07-29,MRG,Spicies,watch_time,jul_early_2026,47762
2026-07-29,MRG,Spicies,watch_time,jul_late_2026,27546
2026-07-29,MRG,Spicies,watch_time,jun_early_2026,105722
2026-07-29,MRG,Spicies,watch_time,jun_late_2026,122304
2026-07-29,MRG,Spicies,watch_time,may_early_2026,99977
2026-07-29,MRG,Spicies,watch_time,may_late_2026,89154
2026-07-29,MRG,Spicies,watch_time,regular_season,50180
2026-07-29,MRG,Spicies,youtube_subscribers,current,42100
2026-07-29,MRG,Toby,followers,current,18829
2026-07-29,MRG,Toby,stream_duration,apr_late_2026,39.2
2026-07-29,MRG,Toby,stream_duration,jul_early_2026,12.6
2026-07-29,MRG,Toby,stream_duration,jul_late_2026,2.4
2026-07-29,MRG,Toby,stream_duration,jun_early_2026,6.3
2026-07-29,MRG,Toby,stream_duration,jun_late_2026,32.7
2026-07-29,MRG,Toby,stream_duration,may_early_2026,18.5
2026-07-29,MRG,Toby,stream_duration,may_late_2026,25.8
2026-07-29,MRG,Toby,stream_duration,regular_season,7.3
2026-07-29,MRG,Toby,video_upload_count,apr_late_2026,0
2026-07-29,MRG,Toby,video_upload_count,jul_early_2026,0
2026-07-29,MRG,Toby,video_upload_count,jul_late_2026,0
2026-07-29,MRG,Toby,video_upload_count,jun_early_2026,0
2026-07-29,MRG,Toby,video_upload_count,jun_late_2026,2
2026-07-29,MRG,Toby,video_upload_count,may_early_2026,0
2026-07-29,MRG,Toby,video_upload_count,may_late_2026,0
2026-07-29,MRG,Toby,video_upload_count,regular_season,0
2026-07-29,MRG,Toby,video_view_count,jul_early_2026,0
2026-07-29,MRG,Toby,video_view_count,jul_late_2026,0
2026-07-29,MRG,Toby,video_view_count,jun_early_2026,0
2026-07-29,MRG,Toby,video_view_count,jun_late_2026,14358
2026-07-29,MRG,Toby,video_view_count,may_early_2026,0
2026-07-29,MRG,Toby,video_view_count,may_late_2026,0
2026-07-29,MRG,Toby,video_view_count,regular_season,0
2026-07-29,MRG,Toby,watch_time,jul_early_2026,19385
2026-07-29,MRG,Toby,watch_time,jul_late_2026,3958
2026-07-29,MRG,Toby,watch_time,jun_early_2026,4704
2026-07-29,MRG,Toby,watch_time,jun_late_2026,66426
2026-07-29,MRG,Toby,watch_time,may_early_2026,28670
2026-07-29,MRG,Toby,watch_time,may_late_2026,19931
2026-07-29,MRG,Toby,watch_time,regular_season,10295
2026-07-29,MRG,Toby,youtube_subscribers,current,16700
2026-07-29,MRG,glory,followers,current,14905
2026-07-29,MRG,glory,stream_duration,apr_late_2026,82.8
2026-07-29,MRG,glory,stream_duration,jul_early_2026,33.2
2026-07-29,MRG,glory,stream_duration,jul_late_2026,28.6
2026-07-29,MRG,glory,stream_duration,jun_early_2026,64.5
2026-07-29,MRG,glory,stream_duration,jun_late_2026,61.2
2026-07-29,MRG,glory,stream_duration,may_early_2026,48.3
2026-07-29,MRG,glory,stream_duration,may_late_2026,82.8
2026-07-29,MRG,glory,stream_duration,regular_season,43.7
2026-07-29,MRG,glory,video_upload_count,apr_late_2026,0
2026-07-29,MRG,glory,video_upload_count,jul_early_2026,0
2026-07-29,MRG,glory,video_upload_count,jul_late_2026,0
2026-07-29,MRG,glory,video_upload_count,jun_early_2026,0
2026-07-29,MRG,glory,video_upload_count,jun_late_2026,0
2026-07-29,MRG,glory,video_upload_count,may_early_2026,0
2026-07-29,MRG,glory,video_upload_count,may_late_2026,0
2026-07-29,MRG,glory,video_upload_count,regular_season,0
2026-07-29,MRG,glory,video_view_count,jul_early_2026,0
2026-07-29,MRG,glory,video_view_count,jul_late_2026,0
2026-07-29,MRG,glory,video_view_count,jun_early_2026,0
2026-07-29,MRG,glory,video_view_count,jun_late_2026,0
2026-07-29,MRG,glory,video_view_count,may_early_2026,0
2026-07-29,MRG,glory,video_view_count,may_late_2026,0
2026-07-29,MRG,glory,video_view_count,regular_season,0
2026-07-29,MRG,glory,watch_time,jul_early_2026,28636
2026-07-29,MRG,glory,watch_time,jul_late_2026,31369
2026-07-29,MRG,glory,watch_time,jun_early_2026,23062
2026-07-29,MRG,glory,watch_time,jun_late_2026,29182
2026-07-29,MRG,glory,watch_time,may_early_2026,28275
2026-07-29,MRG,glory,watch_time,may_late_2026,42240
2026-07-29,MRG,glory,watch_time,regular_season,45050
2026-07-29,MRG,glory,youtube_subscribers,current,7960
2026-07-29,MRG,もっちゃま,followers,current,9850
2026-07-29,MRG,もっちゃま,stream_duration,jul_early_2026,82.5
2026-07-29,MRG,もっちゃま,stream_duration,jul_late_2026,48.0
2026-07-29,MRG,もっちゃま,stream_duration,jun_late_2026,40.9
2026-07-29,MRG,もっちゃま,stream_duration,regular_season,61.6
2026-07-29,MRG,もっちゃま,video_upload_count,jul_early_2026,0
2026-07-29,MRG,もっちゃま,video_upload_count,jul_late_2026,0
2026-07-29,MRG,もっちゃま,video_upload_count,jun_late_2026,0
2026-07-29,MRG,もっちゃま,video_upload_count,regular_season,0
2026-07-29,MRG,もっちゃま,video_view_count,jul_early_2026,0
2026-07-29,MRG,もっちゃま,video_view_count,jul_late_2026,0
2026-07-29,MRG,もっちゃま,video_view_count,regular_season,0
2026-07-29,MRG,もっちゃま,watch_time,jul_early_2026,116677
2026-07-29,MRG,もっちゃま,watch_time,jul_late_2026,74535
2026-07-29,MRG,もっちゃま,watch_time,regular_season,97593
2026-07-29,MRG,もっちゃま,youtube_subscribers,current,17700
2026-07-29,MRG,マイト,followers,current,11362
2026-07-29,MRG,マイト,stream_duration,apr_late_2026,90.4
2026-07-29,MRG,マイト,stream_duration,jul_early_2026,22.0
2026-07-29,MRG,マイト,stream_duration,jul_late_2026,9.9
2026-07-29,MRG,マイト,stream_duration,jun_early_2026,54.9
2026-07-29,MRG,マイト,stream_duration,jun_late_2026,51.3
2026-07-29,MRG,マイト,stream_duration,may_early_2026,49.9
2026-07-29,MRG,マイト,stream_duration,may_late_2026,60.4
2026-07-29,MRG,マイト,stream_duration,regular_season,11.8
2026-07-29,MRG,マイト,video_upload_count,apr_late_2026,1
2026-07-29,MRG,マイト,video_upload_count,jul_early_2026,3
2026-07-29,MRG,マイト,video_upload_count,jul_late_2026,2
2026-07-29,MRG,マイト,video_upload_count,jun_early_2026,0
2026-07-29,MRG,マイト,video_upload_count,jun_late_2026,4
2026-07-29,MRG,マイト,video_upload_count,may_early_2026,0
2026-07-29,MRG,マイト,video_upload_count,may_late_2026,0
2026-07-29,MRG,マイト,video_upload_count,regular_season,2
2026-07-29,MRG,マイト,video_view_count,jul_early_2026,50094
2026-07-29,MRG,マイト,video_view_count,jul_late_2026,31948
2026-07-29,MRG,マイト,video_view_count,jun_early_2026,0
2026-07-29,MRG,マイト,video_view_count,jun_late_2026,52957
2026-07-29,MRG,マイト,video_view_count,may_early_2026,0
2026-07-29,MRG,マイト,video_view_count,may_late_2026,0
2026-07-29,MRG,マイト,video_view_count,regular_season,31948
2026-07-29,MRG,マイト,watch_time,jul_early_2026,34758
2026-07-29,MRG,マイト,watch_time,jul_late_2026,9407
2026-07-29,MRG,マイト,watch_time,jun_early_2026,58593
2026-07-29,MRG,マイト,watch_time,jun_late_2026,66965
2026-07-29,MRG,マイト,watch_time,may_early_2026,73329
2026-07-29,MRG,マイト,watch_time,may_late_2026,80542
2026-07-29,MRG,マイト,watch_time,regular_season,11360
2026-07-29,MRG,マイト,youtube_subscribers,current,35900
2026-07-29,RC,あぐのむ,followers,current,27322
2026-07-29,RC,あぐのむ,stream_duration,apr_late_2026,12.7
2026-07-29,RC,あぐのむ,stream_duration,jul_early_2026,7.4
2026-07-29,RC,あぐのむ,stream_duration,jul_late_2026,1.4
2026-07-29,RC,あぐのむ,stream_duration,jun_early_2026,18.5
2026-07-29,RC,あぐのむ,stream_duration,jun_late_2026,6.1
2026-07-29,RC,あぐのむ,stream_duration,may_early_2026,12.4
2026-07-29,RC,あぐのむ,stream_duration,may_late_2026,0.9
2026-07-29,RC,あぐのむ,stream_duration,regular_season,8.8
2026-07-29,RC,あぐのむ,video_upload_count,apr_late_2026,2
2026-07-29,RC,あぐのむ,video_upload_count,jul_early_2026,1
2026-07-29,RC,あぐのむ,video_upload_count,jul_late_2026,0
2026-07-29,RC,あぐのむ,video_upload_count,jun_early_2026,0
2026-07-29,RC,あぐのむ,video_upload_count,jun_late_2026,3
2026-07-29,RC,あぐのむ,video_upload_count,may_early_2026,2
2026-07-29,RC,あぐのむ,video_upload_count,may_late_2026,0
2026-07-29,RC,あぐのむ,video_upload_count,regular_season,0
2026-07-29,RC,あぐのむ,video_view_count,jul_early_2026,17335
2026-07-29,RC,あぐのむ,video_view_count,jul_late_2026,0
2026-07-29,RC,あぐのむ,video_view_count,jun_early_2026,0
2026-07-29,RC,あぐのむ,video_view_count,jun_late_2026,52049
2026-07-29,RC,あぐのむ,video_view_count,may_early_2026,20087
2026-07-29,RC,あぐのむ,video_view_count,may_late_2026,0
2026-07-29,RC,あぐのむ,video_view_count,regular_season,0
2026-07-29,RC,あぐのむ,watch_time,jul_early_2026,4303
2026-07-29,RC,あぐのむ,watch_time,jul_late_2026,1014
2026-07-29,RC,あぐのむ,watch_time,jun_early_2026,3773
2026-07-29,RC,あぐのむ,watch_time,jun_late_2026,1718
2026-07-29,RC,あぐのむ,watch_time,may_early_2026,7048
2026-07-29,RC,あぐのむ,watch_time,may_late_2026,45
2026-07-29,RC,あぐのむ,watch_time,regular_season,5311
2026-07-29,RC,あぐのむ,youtube_subscribers,current,35400
2026-07-29,RC,たばた,followers,current,11321
2026-07-29,RC,たばた,stream_duration,apr_late_2026,3.1
2026-07-29,RC,たばた,stream_duration,jul_early_2026,9.6
2026-07-29,RC,たばた,stream_duration,jul_late_2026,4.2
2026-07-29,RC,たばた,stream_duration,jun_early_2026,49.8
2026-07-29,RC,たばた,stream_duration,jun_late_2026,19.5
2026-07-29,RC,たばた,stream_duration,may_early_2026,4.0
2026-07-29,RC,たばた,stream_duration,may_late_2026,4.6
2026-07-29,RC,たばた,stream_duration,regular_season,5.4
2026-07-29,RC,たばた,video_upload_count,apr_late_2026,0
2026-07-29,RC,たばた,video_upload_count,jul_early_2026,0
2026-07-29,RC,たばた,video_upload_count,jul_late_2026,3
2026-07-29,RC,たばた,video_upload_count,jun_early_2026,1
2026-07-29,RC,たばた,video_upload_count,jun_late_2026,2
2026-07-29,RC,たばた,video_upload_count,may_early_2026,0
2026-07-29,RC,たばた,video_upload_count,may_late_2026,1
2026-07-29,RC,たばた,video_upload_count,regular_season,3
2026-07-29,RC,たばた,video_view_count,jul_early_2026,0
2026-07-29,RC,たばた,video_view_count,jul_late_2026,4204
2026-07-29,RC,たばた,video_view_count,jun_early_2026,2922
2026-07-29,RC,たばた,video_view_count,jun_late_2026,7648
2026-07-29,RC,たばた,video_view_count,may_early_2026,0
2026-07-29,RC,たばた,video_view_count,may_late_2026,3273
2026-07-29,RC,たばた,video_view_count,regular_season,4204
2026-07-29,RC,たばた,watch_time,jul_early_2026,982
2026-07-29,RC,たばた,watch_time,jul_late_2026,1013
2026-07-29,RC,たばた,watch_time,jun_early_2026,3924
2026-07-29,RC,たばた,watch_time,jun_late_2026,1715
2026-07-29,RC,たばた,watch_time,may_early_2026,75
2026-07-29,RC,たばた,watch_time,may_late_2026,101
2026-07-29,RC,たばた,watch_time,regular_season,1270
2026-07-29,RC,たばた,youtube_subscribers,current,3870
2026-07-29,RC,つきあかめん,followers,current,3603
2026-07-29,RC,つきあかめん,stream_duration,jul_early_2026,43.3
2026-07-29,RC,つきあかめん,stream_duration,jul_late_2026,40.3
2026-07-29,RC,つきあかめん,stream_duration,jun_late_2026,41.7
2026-07-29,RC,つきあかめん,stream_duration,regular_season,52.0
2026-07-29,RC,つきあかめん,video_upload_count,jul_early_2026,3
2026-07-29,RC,つきあかめん,video_upload_count,jul_late_2026,1
2026-07-29,RC,つきあかめん,video_upload_count,jun_late_2026,1
2026-07-29,RC,つきあかめん,video_upload_count,regular_season,1
2026-07-29,RC,つきあかめん,video_view_count,jul_early_2026,34698
2026-07-29,RC,つきあかめん,video_view_count,jul_late_2026,0
2026-07-29,RC,つきあかめん,video_view_count,regular_season,0
2026-07-29,RC,つきあかめん,watch_time,jul_early_2026,17481
2026-07-29,RC,つきあかめん,watch_time,jul_late_2026,14438
2026-07-29,RC,つきあかめん,watch_time,regular_season,20372
2026-07-29,RC,つきあかめん,youtube_subscribers,current,6820
2026-07-29,RC,ぱらちゃん,followers,current,34703
2026-07-29,RC,ぱらちゃん,stream_duration,apr_late_2026,54.1
2026-07-29,RC,ぱらちゃん,stream_duration,jul_early_2026,37.5
2026-07-29,RC,ぱらちゃん,stream_duration,jul_late_2026,29.7
2026-07-29,RC,ぱらちゃん,stream_duration,jun_early_2026,20.4
2026-07-29,RC,ぱらちゃん,stream_duration,jun_late_2026,35.2
2026-07-29,RC,ぱらちゃん,stream_duration,may_early_2026,37.5
2026-07-29,RC,ぱらちゃん,stream_duration,may_late_2026,48.8
2026-07-29,RC,ぱらちゃん,stream_duration,regular_season,41.7
2026-07-29,RC,ぱらちゃん,video_upload_count,apr_late_2026,2
2026-07-29,RC,ぱらちゃん,video_upload_count,jul_early_2026,0
2026-07-29,RC,ぱらちゃん,video_upload_count,jul_late_2026,0
2026-07-29,RC,ぱらちゃん,video_upload_count,jun_early_2026,1
2026-07-29,RC,ぱらちゃん,video_upload_count,jun_late_2026,1
2026-07-29,RC,ぱらちゃん,video_upload_count,may_early_2026,9
2026-07-29,RC,ぱらちゃん,video_upload_count,may_late_2026,4
2026-07-29,RC,ぱらちゃん,video_upload_count,regular_season,0
2026-07-29,RC,ぱらちゃん,video_view_count,jul_early_2026,0
2026-07-29,RC,ぱらちゃん,video_view_count,jul_late_2026,0
2026-07-29,RC,ぱらちゃん,video_view_count,jun_early_2026,16237
2026-07-29,RC,ぱらちゃん,video_view_count,jun_late_2026,27561
2026-07-29,RC,ぱらちゃん,video_view_count,may_early_2026,159462
2026-07-29,RC,ぱらちゃん,video_view_count,may_late_2026,76393
2026-07-29,RC,ぱらちゃん,video_view_count,regular_season,0
2026-07-29,RC,ぱらちゃん,watch_time,jul_early_2026,47653
2026-07-29,RC,ぱらちゃん,watch_time,jul_late_2026,23338
2026-07-29,RC,ぱらちゃん,watch_time,jun_early_2026,14828
2026-07-29,RC,ぱらちゃん,watch_time,jun_late_2026,41002
2026-07-29,RC,ぱらちゃん,watch_time,may_early_2026,54871
2026-07-29,RC,ぱらちゃん,watch_time,may_late_2026,47272
2026-07-29,RC,ぱらちゃん,watch_time,regular_season,35616
2026-07-29,RC,ぱらちゃん,youtube_subscribers,current,45599
2026-07-29,RC,拓海,followers,current,10223
2026-07-29,RC,拓海,stream_duration,apr_late_2026,26.1
2026-07-29,RC,拓海,stream_duration,jul_early_2026,30.3
2026-07-29,RC,拓海,stream_duration,jul_late_2026,33.5
2026-07-29,RC,拓海,stream_duration,jun_early_2026,0.0
2026-07-29,RC,拓海,stream_duration,jun_late_2026,55.1
2026-07-29,RC,拓海,stream_duration,may_early_2026,33.3
2026-07-29,RC,拓海,stream_duration,may_late_2026,14.7
2026-07-29,RC,拓海,stream_duration,regular_season,40.7
2026-07-29,RC,拓海,video_upload_count,apr_late_2026,0
2026-07-29,RC,拓海,video_upload_count,jul_early_2026,1
2026-07-29,RC,拓海,video_upload_count,jul_late_2026,0
2026-07-29,RC,拓海,video_upload_count,jun_early_2026,2
2026-07-29,RC,拓海,video_upload_count,jun_late_2026,1
2026-07-29,RC,拓海,video_upload_count,may_early_2026,0
2026-07-29,RC,拓海,video_upload_count,may_late_2026,0
2026-07-29,RC,拓海,video_upload_count,regular_season,0
2026-07-29,RC,拓海,video_view_count,jul_early_2026,6767
2026-07-29,RC,拓海,video_view_count,jul_late_2026,0
2026-07-29,RC,拓海,video_view_count,jun_early_2026,32895
2026-07-29,RC,拓海,video_view_count,jun_late_2026,5275
2026-07-29,RC,拓海,video_view_count,may_early_2026,0
2026-07-29,RC,拓海,video_view_count,may_late_2026,0
2026-07-29,RC,拓海,video_view_count,regular_season,0
2026-07-29,RC,拓海,watch_time,jul_early_2026,5850
2026-07-29,RC,拓海,watch_time,jul_late_2026,7664
2026-07-29,RC,拓海,watch_time,jun_early_2026,0
2026-07-29,RC,拓海,watch_time,jun_late_2026,5019
2026-07-29,RC,拓海,watch_time,may_early_2026,2915
2026-07-29,RC,拓海,watch_time,may_late_2026,978
2026-07-29,RC,拓海,watch_time,regular_season,8795
2026-07-29,RC,拓海,youtube_subscribers,current,5510
2026-07-29,RDL,Chappy,followers,current,2547
2026-07-29,RDL,Chappy,stream_duration,jul_early_2026,78.2
2026-07-29,RDL,Chappy,stream_duration,jul_late_2026,26.9
2026-07-29,RDL,Chappy,stream_duration,jun_late_2026,93.0
2026-07-29,RDL,Chappy,stream_duration,regular_season,41.1
2026-07-29,RDL,Chappy,video_upload_count,jul_early_2026,0
2026-07-29,RDL,Chappy,video_upload_count,jul_late_2026,0
2026-07-29,RDL,Chappy,video_upload_count,jun_late_2026,0
2026-07-29,RDL,Chappy,video_upload_count,regular_season,0
2026-07-29,RDL,Chappy,video_view_count,jul_early_2026,0
2026-07-29,RDL,Chappy,video_view_count,jul_late_2026,0
2026-07-29,RDL,Chappy,video_view_count,regular_season,0
2026-07-29,RDL,Chappy,watch_time,jul_early_2026,11737
2026-07-29,RDL,Chappy,watch_time,jul_late_2026,2885
2026-07-29,RDL,Chappy,watch_time,regular_season,4809
2026-07-29,RDL,Stylish_deko,followers,current,1603
2026-07-29,RDL,Stylish_deko,stream_duration,jul_early_2026,29.9
2026-07-29,RDL,Stylish_deko,stream_duration,jul_late_2026,15.5
2026-07-29,RDL,Stylish_deko,stream_duration,jun_late_2026,39.0
2026-07-29,RDL,Stylish_deko,stream_duration,regular_season,20.6
2026-07-29,RDL,Stylish_deko,video_upload_count,jul_early_2026,1
2026-07-29,RDL,Stylish_deko,video_upload_count,jul_late_2026,0
2026-07-29,RDL,Stylish_deko,video_upload_count,jun_late_2026,2
2026-07-29,RDL,Stylish_deko,video_upload_count,regular_season,0
2026-07-29,RDL,Stylish_deko,video_view_count,jul_early_2026,932
2026-07-29,RDL,Stylish_deko,video_view_count,jul_late_2026,0
2026-07-29,RDL,Stylish_deko,video_view_count,regular_season,0
2026-07-29,RDL,Stylish_deko,watch_time,jul_early_2026,1858
2026-07-29,RDL,Stylish_deko,watch_time,jul_late_2026,1093
2026-07-29,RDL,Stylish_deko,watch_time,regular_season,1240
2026-07-29,RDL,Stylish_deko,youtube_subscribers,current,470
2026-07-29,RDL,ぱんさく,followers,current,1102
2026-07-29,RDL,ぱんさく,stream_duration,jul_early_2026,5.5
2026-07-29,RDL,ぱんさく,stream_duration,jul_late_2026,1.1
2026-07-29,RDL,ぱんさく,stream_duration,jun_late_2026,15.8
2026-07-29,RDL,ぱんさく,stream_duration,regular_season,2.9
2026-07-29,RDL,ぱんさく,video_upload_count,jul_early_2026,0
2026-07-29,RDL,ぱんさく,video_upload_count,jul_late_2026,0
2026-07-29,RDL,ぱんさく,video_upload_count,jun_late_2026,0
2026-07-29,RDL,ぱんさく,video_upload_count,regular_season,0
2026-07-29,RDL,ぱんさく,video_view_count,jul_early_2026,0
2026-07-29,RDL,ぱんさく,video_view_count,jul_late_2026,0
2026-07-29,RDL,ぱんさく,video_view_count,regular_season,0
2026-07-29,RDL,ぱんさく,watch_time,jul_early_2026,79
2026-07-29,RDL,ぱんさく,watch_time,jul_late_2026,13
2026-07-29,RDL,ぱんさく,watch_time,regular_season,50
2026-07-29,RDL,ぱんさく,youtube_subscribers,current,200
2026-07-29,RDL,山田レクイエム,followers,current,2054
2026-07-29,RDL,山田レクイエム,stream_duration,jul_early_2026,0.0
2026-07-29,RDL,山田レクイエム,stream_duration,jul_late_2026,0.0
2026-07-29,RDL,山田レクイエム,stream_duration,jun_late_2026,15.4
2026-07-29,RDL,山田レクイエム,stream_duration,regular_season,0.0
2026-07-29,RDL,山田レクイエム,video_upload_count,jul_early_2026,0
2026-07-29,RDL,山田レクイエム,video_upload_count,jul_late_2026,0
2026-07-29,RDL,山田レクイエム,video_upload_count,jun_late_2026,0
2026-07-29,RDL,山田レクイエム,video_upload_count,regular_season,0
2026-07-29,RDL,山田レクイエム,video_view_count,jul_early_2026,0
2026-07-29,RDL,山田レクイエム,video_view_count,jul_late_2026,0
2026-07-29,RDL,山田レクイエム,video_view_count,regular_season,0
2026-07-29,RDL,山田レクイエム,watch_time,jul_early_2026,0
2026-07-29,RDL,山田レクイエム,watch_time,jul_late_2026,0
2026-07-29,RDL,山田レクイエム,watch_time,regular_season,0
2026-07-29,RDL,山田レクイエム,youtube_subscribers,current,301
2026-07-29,RDL,折り紙,followers,current,5110
2026-07-29,RDL,折り紙,stream_duration,apr_late_2026,74.4
2026-07-29,RDL,折り紙,stream_duration,jul_early_2026,25.6
2026-07-29,RDL,折り紙,stream_duration,jul_late_2026,10.4
2026-07-29,RDL,折り紙,stream_duration,jun_early_2026,47.1
2026-07-29,RDL,折り紙,stream_duration,jun_late_2026,33.0
2026-07-29,RDL,折り紙,stream_duration,may_early_2026,50.5
2026-07-29,RDL,折り紙,stream_duration,may_late_2026,54.7
2026-07-29,RDL,折り紙,stream_duration,regular_season,17.5
2026-07-29,RDL,折り紙,video_upload_count,apr_late_2026,5
2026-07-29,RDL,折り紙,video_upload_count,jul_early_2026,3
2026-07-29,RDL,折り紙,video_upload_count,jul_late_2026,0
2026-07-29,RDL,折り紙,video_upload_count,jun_early_2026,3
2026-07-29,RDL,折り紙,video_upload_count,jun_late_2026,3
2026-07-29,RDL,折り紙,video_upload_count,may_early_2026,3
2026-07-29,RDL,折り紙,video_upload_count,may_late_2026,5
2026-07-29,RDL,折り紙,video_upload_count,regular_season,0
2026-07-29,RDL,折り紙,video_view_count,jul_early_2026,59767
2026-07-29,RDL,折り紙,video_view_count,jul_late_2026,0
2026-07-29,RDL,折り紙,video_view_count,jun_early_2026,43730
2026-07-29,RDL,折り紙,video_view_count,jun_late_2026,88530
2026-07-29,RDL,折り紙,video_view_count,may_early_2026,107876
2026-07-29,RDL,折り紙,video_view_count,may_late_2026,66564
2026-07-29,RDL,折り紙,video_view_count,regular_season,0
2026-07-29,RDL,折り紙,watch_time,jul_early_2026,6628
2026-07-29,RDL,折り紙,watch_time,jul_late_2026,751
2026-07-29,RDL,折り紙,watch_time,jun_early_2026,5895
2026-07-29,RDL,折り紙,watch_time,jun_late_2026,4608
2026-07-29,RDL,折り紙,watch_time,may_early_2026,7528
2026-07-29,RDL,折り紙,watch_time,may_late_2026,9118
2026-07-29,RDL,折り紙,watch_time,regular_season,2100
2026-07-29,RDL,折り紙,youtube_subscribers,current,14400
2026-07-29,VRL,Mishadow51,followers,current,2929
2026-07-29,VRL,Mishadow51,stream_duration,apr_late_2026,0.0
2026-07-29,VRL,Mishadow51,stream_duration,jul_early_2026,0.0
2026-07-29,VRL,Mishadow51,stream_duration,jul_late_2026,0.0
2026-07-29,VRL,Mishadow51,stream_duration,jun_early_2026,0.0
2026-07-29,VRL,Mishadow51,stream_duration,jun_late_2026,0.0
2026-07-29,VRL,Mishadow51,stream_duration,may_early_2026,0.0
2026-07-29,VRL,Mishadow51,stream_duration,may_late_2026,0.0
2026-07-29,VRL,Mishadow51,stream_duration,regular_season,0.0
2026-07-29,VRL,Mishadow51,video_upload_count,apr_late_2026,0
2026-07-29,VRL,Mishadow51,video_upload_count,jul_early_2026,0
2026-07-29,VRL,Mishadow51,video_upload_count,jul_late_2026,0
2026-07-29,VRL,Mishadow51,video_upload_count,jun_early_2026,0
2026-07-29,VRL,Mishadow51,video_upload_count,jun_late_2026,0
2026-07-29,VRL,Mishadow51,video_upload_count,may_early_2026,0
2026-07-29,VRL,Mishadow51,video_upload_count,may_late_2026,0
2026-07-29,VRL,Mishadow51,video_upload_count,regular_season,0
2026-07-29,VRL,Mishadow51,video_view_count,jul_early_2026,0
2026-07-29,VRL,Mishadow51,video_view_count,jul_late_2026,0
2026-07-29,VRL,Mishadow51,video_view_count,jun_early_2026,0
2026-07-29,VRL,Mishadow51,video_view_count,jun_late_2026,0
2026-07-29,VRL,Mishadow51,video_view_count,may_early_2026,0
2026-07-29,VRL,Mishadow51,video_view_count,may_late_2026,0
2026-07-29,VRL,Mishadow51,video_view_count,regular_season,0
2026-07-29,VRL,Mishadow51,watch_time,jul_early_2026,0
2026-07-29,VRL,Mishadow51,watch_time,jul_late_2026,0
2026-07-29,VRL,Mishadow51,watch_time,jun_early_2026,0
2026-07-29,VRL,Mishadow51,watch_time,jun_late_2026,0
2026-07-29,VRL,Mishadow51,watch_time,may_early_2026,0
2026-07-29,VRL,Mishadow51,watch_time,may_late_2026,0
2026-07-29,VRL,Mishadow51,watch_time,regular_season,0
2026-07-29,VRL,Mishadow51,youtube_subscribers,current,25
2026-07-29,VRL,Terarina,followers,current,3778
2026-07-29,VRL,Terarina,stream_duration,apr_late_2026,4.0
2026-07-29,VRL,Terarina,stream_duration,jul_early_2026,0.2
2026-07-29,VRL,Terarina,stream_duration,jul_late_2026,9.1
2026-07-29,VRL,Terarina,stream_duration,jun_early_2026,16.0
2026-07-29,VRL,Terarina,stream_duration,jun_late_2026,4.2
2026-07-29,VRL,Terarina,stream_duration,may_early_2026,5.1
2026-07-29,VRL,Terarina,stream_duration,may_late_2026,5.9
2026-07-29,VRL,Terarina,stream_duration,regular_season,9.1
2026-07-29,VRL,Terarina,video_upload_count,apr_late_2026,0
2026-07-29,VRL,Terarina,video_upload_count,jul_early_2026,0
2026-07-29,VRL,Terarina,video_upload_count,jul_late_2026,0
2026-07-29,VRL,Terarina,video_upload_count,jun_early_2026,0
2026-07-29,VRL,Terarina,video_upload_count,jun_late_2026,0
2026-07-29,VRL,Terarina,video_upload_count,may_early_2026,0
2026-07-29,VRL,Terarina,video_upload_count,may_late_2026,0
2026-07-29,VRL,Terarina,video_upload_count,regular_season,0
2026-07-29,VRL,Terarina,video_view_count,jul_early_2026,0
2026-07-29,VRL,Terarina,video_view_count,jul_late_2026,0
2026-07-29,VRL,Terarina,video_view_count,jun_early_2026,0
2026-07-29,VRL,Terarina,video_view_count,jun_late_2026,0
2026-07-29,VRL,Terarina,video_view_count,may_early_2026,0
2026-07-29,VRL,Terarina,video_view_count,may_late_2026,0
2026-07-29,VRL,Terarina,video_view_count,regular_season,0
2026-07-29,VRL,Terarina,watch_time,jul_early_2026,3
2026-07-29,VRL,Terarina,watch_time,jul_late_2026,65
2026-07-29,VRL,Terarina,watch_time,jun_early_2026,2920
2026-07-29,VRL,Terarina,watch_time,jun_late_2026,193
2026-07-29,VRL,Terarina,watch_time,may_early_2026,387
2026-07-29,VRL,Terarina,watch_time,may_late_2026,381
2026-07-29,VRL,Terarina,watch_time,regular_season,65
2026-07-29,VRL,Terarina,youtube_subscribers,current,1770
2026-07-29,VRL,monakawan,followers,current,1871
2026-07-29,VRL,monakawan,stream_duration,apr_late_2026,0.0
2026-07-29,VRL,monakawan,stream_duration,jul_early_2026,0.0
2026-07-29,VRL,monakawan,stream_duration,jul_late_2026,16.7
2026-07-29,VRL,monakawan,stream_duration,jun_early_2026,0.0
2026-07-29,VRL,monakawan,stream_duration,jun_late_2026,0.0
2026-07-29,VRL,monakawan,stream_duration,may_early_2026,0.0
2026-07-29,VRL,monakawan,stream_duration,may_late_2026,0.0
2026-07-29,VRL,monakawan,stream_duration,regular_season,16.7
2026-07-29,VRL,monakawan,video_upload_count,apr_late_2026,0
2026-07-29,VRL,monakawan,video_upload_count,jul_early_2026,0
2026-07-29,VRL,monakawan,video_upload_count,jul_late_2026,0
2026-07-29,VRL,monakawan,video_upload_count,jun_early_2026,0
2026-07-29,VRL,monakawan,video_upload_count,jun_late_2026,0
2026-07-29,VRL,monakawan,video_upload_count,may_early_2026,0
2026-07-29,VRL,monakawan,video_upload_count,may_late_2026,0
2026-07-29,VRL,monakawan,video_upload_count,regular_season,0
2026-07-29,VRL,monakawan,video_view_count,jul_early_2026,0
2026-07-29,VRL,monakawan,video_view_count,jul_late_2026,0
2026-07-29,VRL,monakawan,video_view_count,jun_early_2026,0
2026-07-29,VRL,monakawan,video_view_count,jun_late_2026,0
2026-07-29,VRL,monakawan,video_view_count,may_early_2026,0
2026-07-29,VRL,monakawan,video_view_count,may_late_2026,0
2026-07-29,VRL,monakawan,video_view_count,regular_season,0
2026-07-29,VRL,monakawan,watch_time,jul_early_2026,0
2026-07-29,VRL,monakawan,watch_time,jul_late_2026,262
2026-07-29,VRL,monakawan,watch_time,jun_early_2026,0
2026-07-29,VRL,monakawan,watch_time,jun_late_2026,0
2026-07-29,VRL,monakawan,watch_time,may_early_2026,0
2026-07-29,VRL,monakawan,watch_time,may_late_2026,0
2026-07-29,VRL,monakawan,watch_time,regular_season,262
2026-07-29,VRL,monakawan,youtube_subscribers,current,366
2026-07-29,VRL,まっつ,followers,current,4547
2026-07-29,VRL,まっつ,stream_duration,jul_early_2026,8.3
2026-07-29,VRL,まっつ,stream_duration,jul_late_2026,14.6
2026-07-29,VRL,まっつ,stream_duration,jun_late_2026,16.8
2026-07-29,VRL,まっつ,stream_duration,regular_season,17.6
2026-07-29,VRL,まっつ,video_upload_count,jul_early_2026,0
2026-07-29,VRL,まっつ,video_upload_count,jul_late_2026,0
2026-07-29,VRL,まっつ,video_upload_count,jun_late_2026,0
2026-07-29,VRL,まっつ,video_upload_count,regular_season,0
2026-07-29,VRL,まっつ,video_view_count,jul_early_2026,0
2026-07-29,VRL,まっつ,video_view_count,jul_late_2026,0
2026-07-29,VRL,まっつ,video_view_count,regular_season,0
2026-07-29,VRL,まっつ,watch_time,jul_early_2026,540
2026-07-29,VRL,まっつ,watch_time,jul_late_2026,1435
2026-07-29,VRL,まっつ,watch_time,regular_season,1472
2026-07-29,VRL,まっつ,youtube_subscribers,current,1600
2026-07-29,ZETA,CQCQ,followers,current,13731
2026-07-29,ZETA,CQCQ,stream_duration,apr_late_2026,21.5
2026-07-29,ZETA,CQCQ,stream_duration,jul_early_2026,2.7
2026-07-29,ZETA,CQCQ,stream_duration,jul_late_2026,20.3
2026-07-29,ZETA,CQCQ,stream_duration,jun_early_2026,18.1
2026-07-29,ZETA,CQCQ,stream_duration,jun_late_2026,20.2
2026-07-29,ZETA,CQCQ,stream_duration,may_early_2026,26.4
2026-07-29,ZETA,CQCQ,stream_duration,may_late_2026,18.6
2026-07-29,ZETA,CQCQ,stream_duration,regular_season,20.3
2026-07-29,ZETA,CQCQ,video_upload_count,apr_late_2026,2
2026-07-29,ZETA,CQCQ,video_upload_count,jul_early_2026,0
2026-07-29,ZETA,CQCQ,video_upload_count,jul_late_2026,0
2026-07-29,ZETA,CQCQ,video_upload_count,jun_early_2026,0
2026-07-29,ZETA,CQCQ,video_upload_count,jun_late_2026,0
2026-07-29,ZETA,CQCQ,video_upload_count,may_early_2026,1
2026-07-29,ZETA,CQCQ,video_upload_count,may_late_2026,0
2026-07-29,ZETA,CQCQ,video_upload_count,regular_season,0
2026-07-29,ZETA,CQCQ,video_view_count,jul_early_2026,0
2026-07-29,ZETA,CQCQ,video_view_count,jul_late_2026,0
2026-07-29,ZETA,CQCQ,video_view_count,jun_early_2026,0
2026-07-29,ZETA,CQCQ,video_view_count,jun_late_2026,0
2026-07-29,ZETA,CQCQ,video_view_count,may_early_2026,32600
2026-07-29,ZETA,CQCQ,video_view_count,may_late_2026,0
2026-07-29,ZETA,CQCQ,video_view_count,regular_season,0
2026-07-29,ZETA,CQCQ,watch_time,jul_early_2026,1808
2026-07-29,ZETA,CQCQ,watch_time,jul_late_2026,9216
2026-07-29,ZETA,CQCQ,watch_time,jun_early_2026,5188
2026-07-29,ZETA,CQCQ,watch_time,jun_late_2026,8316
2026-07-29,ZETA,CQCQ,watch_time,may_early_2026,18546
2026-07-29,ZETA,CQCQ,watch_time,may_late_2026,9708
2026-07-29,ZETA,CQCQ,watch_time,regular_season,9216
2026-07-29,ZETA,CQCQ,youtube_subscribers,current,13500
2026-07-29,ZETA,TBT,followers,current,2561
2026-07-29,ZETA,TBT,stream_duration,apr_late_2026,4.4
2026-07-29,ZETA,TBT,stream_duration,jul_early_2026,3.8
2026-07-29,ZETA,TBT,stream_duration,jul_late_2026,13.3
2026-07-29,ZETA,TBT,stream_duration,jun_early_2026,2.2
2026-07-29,ZETA,TBT,stream_duration,jun_late_2026,19.3
2026-07-29,ZETA,TBT,stream_duration,may_early_2026,0.0
2026-07-29,ZETA,TBT,stream_duration,may_late_2026,16.0
2026-07-29,ZETA,TBT,stream_duration,regular_season,13.3
2026-07-29,ZETA,TBT,video_upload_count,apr_late_2026,2
2026-07-29,ZETA,TBT,video_upload_count,jul_early_2026,0
2026-07-29,ZETA,TBT,video_upload_count,jul_late_2026,0
2026-07-29,ZETA,TBT,video_upload_count,jun_early_2026,0
2026-07-29,ZETA,TBT,video_upload_count,jun_late_2026,0
2026-07-29,ZETA,TBT,video_upload_count,may_early_2026,0
2026-07-29,ZETA,TBT,video_upload_count,may_late_2026,0
2026-07-29,ZETA,TBT,video_upload_count,regular_season,0
2026-07-29,ZETA,TBT,video_view_count,jul_early_2026,0
2026-07-29,ZETA,TBT,video_view_count,jul_late_2026,0
2026-07-29,ZETA,TBT,video_view_count,jun_early_2026,0
2026-07-29,ZETA,TBT,video_view_count,jun_late_2026,0
2026-07-29,ZETA,TBT,video_view_count,may_early_2026,0
2026-07-29,ZETA,TBT,video_view_count,may_late_2026,0
2026-07-29,ZETA,TBT,video_view_count,regular_season,0
2026-07-29,ZETA,TBT,watch_time,jul_early_2026,319
2026-07-29,ZETA,TBT,watch_time,jul_late_2026,1679
2026-07-29,ZETA,TBT,watch_time,jun_early_2026,258
2026-07-29,ZETA,TBT,watch_time,jun_late_2026,1414
2026-07-29,ZETA,TBT,watch_time,may_early_2026,0
2026-07-29,ZETA,TBT,watch_time,may_late_2026,2626
2026-07-29,ZETA,TBT,watch_time,regular_season,1679
2026-07-29,ZETA,TBT,youtube_subscribers,current,1130
2026-07-29,ZETA,ねぎま,followers,current,3220
2026-07-29,ZETA,ねぎま,stream_duration,jul_early_2026,14.6
2026-07-29,ZETA,ねぎま,stream_duration,jul_late_2026,37.6
2026-07-29,ZETA,ねぎま,stream_duration,jun_late_2026,77.4
2026-07-29,ZETA,ねぎま,stream_duration,regular_season,37.6
2026-07-29,ZETA,ねぎま,video_upload_count,jul_early_2026,0
2026-07-29,ZETA,ねぎま,video_upload_count,jul_late_2026,0
2026-07-29,ZETA,ねぎま,video_upload_count,jun_late_2026,1
2026-07-29,ZETA,ねぎま,video_upload_count,regular_season,0
2026-07-29,ZETA,ねぎま,video_view_count,jul_early_2026,0
2026-07-29,ZETA,ねぎま,video_view_count,jul_late_2026,0
2026-07-29,ZETA,ねぎま,video_view_count,regular_season,0
2026-07-29,ZETA,ねぎま,watch_time,jul_early_2026,1479
2026-07-29,ZETA,ねぎま,watch_time,jul_late_2026,6211
2026-07-29,ZETA,ねぎま,watch_time,regular_season,6211
2026-07-29,ZETA,ねぎま,youtube_subscribers,current,1480
2026-07-29,ZETA,ヘイム,followers,current,6320
2026-07-29,ZETA,ヘイム,stream_duration,apr_late_2026,57.1
2026-07-29,ZETA,ヘイム,stream_duration,jul_early_2026,8.1
2026-07-29,ZETA,ヘイム,stream_duration,jul_late_2026,22.7
2026-07-29,ZETA,ヘイム,stream_duration,jun_early_2026,41.3
2026-07-29,ZETA,ヘイム,stream_duration,jun_late_2026,11.1
2026-07-29,ZETA,ヘイム,stream_duration,may_early_2026,63.6
2026-07-29,ZETA,ヘイム,stream_duration,may_late_2026,80.1
2026-07-29,ZETA,ヘイム,stream_duration,regular_season,23.9
2026-07-29,ZETA,ヘイム,video_upload_count,apr_late_2026,0
2026-07-29,ZETA,ヘイム,video_upload_count,jul_early_2026,0
2026-07-29,ZETA,ヘイム,video_upload_count,jul_late_2026,0
2026-07-29,ZETA,ヘイム,video_upload_count,jun_early_2026,0
2026-07-29,ZETA,ヘイム,video_upload_count,jun_late_2026,0
2026-07-29,ZETA,ヘイム,video_upload_count,may_early_2026,0
2026-07-29,ZETA,ヘイム,video_upload_count,may_late_2026,0
2026-07-29,ZETA,ヘイム,video_upload_count,regular_season,0
2026-07-29,ZETA,ヘイム,video_view_count,jul_early_2026,0
2026-07-29,ZETA,ヘイム,video_view_count,jul_late_2026,0
2026-07-29,ZETA,ヘイム,video_view_count,jun_early_2026,0
2026-07-29,ZETA,ヘイム,video_view_count,jun_late_2026,0
2026-07-29,ZETA,ヘイム,video_view_count,may_early_2026,0
2026-07-29,ZETA,ヘイム,video_view_count,may_late_2026,0
2026-07-29,ZETA,ヘイム,video_view_count,regular_season,0
2026-07-29,ZETA,ヘイム,watch_time,jul_early_2026,1205
2026-07-29,ZETA,ヘイム,watch_time,jul_late_2026,6332
2026-07-29,ZETA,ヘイム,watch_time,jun_early_2026,6920
2026-07-29,ZETA,ヘイム,watch_time,jun_late_2026,1119
2026-07-29,ZETA,ヘイム,watch_time,may_early_2026,30598
2026-07-29,ZETA,ヘイム,watch_time,may_late_2026,19810
2026-07-29,ZETA,ヘイム,watch_time,regular_season,6538
2026-07-29,ZETA,ヘイム,youtube_subscribers,current,5050
2026-07-30,CR,Atom,followers,current,13197
2026-07-30,CR,Atom,stream_duration,apr_late_2026,35.5
2026-07-30,CR,Atom,stream_duration,jul_early_2026,0.8
2026-07-30,CR,Atom,stream_duration,jul_late_2026,15.4
2026-07-30,CR,Atom,stream_duration,jun_early_2026,3.6
2026-07-30,CR,Atom,stream_duration,jun_late_2026,0.0
2026-07-30,CR,Atom,stream_duration,may_early_2026,21.2
2026-07-30,CR,Atom,stream_duration,may_late_2026,15.3
2026-07-30,CR,Atom,stream_duration,regular_season,16.2
2026-07-30,CR,Atom,video_upload_count,apr_late_2026,0
2026-07-30,CR,Atom,video_upload_count,jul_early_2026,0
2026-07-30,CR,Atom,video_upload_count,jul_late_2026,0
2026-07-30,CR,Atom,video_upload_count,jun_early_2026,0
2026-07-30,CR,Atom,video_upload_count,jun_late_2026,0
2026-07-30,CR,Atom,video_upload_count,may_early_2026,0
2026-07-30,CR,Atom,video_upload_count,may_late_2026,0
2026-07-30,CR,Atom,video_upload_count,regular_season,0
2026-07-30,CR,Atom,video_view_count,jul_early_2026,0
2026-07-30,CR,Atom,video_view_count,jul_late_2026,0
2026-07-30,CR,Atom,video_view_count,jun_early_2026,0
2026-07-30,CR,Atom,video_view_count,jun_late_2026,0
2026-07-30,CR,Atom,video_view_count,may_early_2026,0
2026-07-30,CR,Atom,video_view_count,may_late_2026,0
2026-07-30,CR,Atom,video_view_count,regular_season,0
2026-07-30,CR,Atom,watch_time,jul_early_2026,209
2026-07-30,CR,Atom,watch_time,jul_late_2026,4353
2026-07-30,CR,Atom,watch_time,jun_early_2026,2778
2026-07-30,CR,Atom,watch_time,jun_late_2026,0
2026-07-30,CR,Atom,watch_time,may_early_2026,17519
2026-07-30,CR,Atom,watch_time,may_late_2026,9365
2026-07-30,CR,Atom,watch_time,regular_season,4564
2026-07-30,CR,Atom,youtube_subscribers,current,8010
2026-07-30,CR,Winter,followers,current,2904
2026-07-30,CR,Winter,stream_duration,apr_late_2026,0.0
2026-07-30,CR,Winter,stream_duration,jul_early_2026,0.0
2026-07-30,CR,Winter,stream_duration,jul_late_2026,15.1
2026-07-30,CR,Winter,stream_duration,jun_early_2026,0.0
2026-07-30,CR,Winter,stream_duration,jun_late_2026,5.5
2026-07-30,CR,Winter,stream_duration,may_early_2026,0.0
2026-07-30,CR,Winter,stream_duration,may_late_2026,4.7
2026-07-30,CR,Winter,stream_duration,regular_season,15.1
2026-07-30,CR,Winter,video_upload_count,apr_late_2026,0
2026-07-30,CR,Winter,video_upload_count,jul_early_2026,0
2026-07-30,CR,Winter,video_upload_count,jul_late_2026,0
2026-07-30,CR,Winter,video_upload_count,jun_early_2026,0
2026-07-30,CR,Winter,video_upload_count,jun_late_2026,0
2026-07-30,CR,Winter,video_upload_count,may_early_2026,0
2026-07-30,CR,Winter,video_upload_count,may_late_2026,0
2026-07-30,CR,Winter,video_upload_count,regular_season,0
2026-07-30,CR,Winter,video_view_count,jul_early_2026,0
2026-07-30,CR,Winter,video_view_count,jul_late_2026,0
2026-07-30,CR,Winter,video_view_count,jun_early_2026,0
2026-07-30,CR,Winter,video_view_count,jun_late_2026,0
2026-07-30,CR,Winter,video_view_count,may_early_2026,0
2026-07-30,CR,Winter,video_view_count,may_late_2026,0
2026-07-30,CR,Winter,video_view_count,regular_season,0
2026-07-30,CR,Winter,watch_time,jul_early_2026,0
2026-07-30,CR,Winter,watch_time,jul_late_2026,825
2026-07-30,CR,Winter,watch_time,jun_early_2026,0
2026-07-30,CR,Winter,watch_time,jun_late_2026,346
2026-07-30,CR,Winter,watch_time,may_early_2026,0
2026-07-30,CR,Winter,watch_time,may_late_2026,260
2026-07-30,CR,Winter,watch_time,regular_season,825
2026-07-30,CR,Winter,youtube_subscribers,current,969
2026-07-30,CR,ふぇぐ,followers,current,34312
2026-07-30,CR,ふぇぐ,stream_duration,jul_early_2026,1.0
2026-07-30,CR,ふぇぐ,stream_duration,jul_late_2026,11.2
2026-07-30,CR,ふぇぐ,stream_duration,jun_late_2026,17.7
2026-07-30,CR,ふぇぐ,stream_duration,regular_season,11.2
2026-07-30,CR,ふぇぐ,video_upload_count,jul_early_2026,0
2026-07-30,CR,ふぇぐ,video_upload_count,jul_late_2026,1
2026-07-30,CR,ふぇぐ,video_upload_count,jun_late_2026,0
2026-07-30,CR,ふぇぐ,video_upload_count,regular_season,1
2026-07-30,CR,ふぇぐ,video_view_count,jul_early_2026,0
2026-07-30,CR,ふぇぐ,video_view_count,jul_late_2026,0
2026-07-30,CR,ふぇぐ,video_view_count,regular_season,0
2026-07-30,CR,ふぇぐ,watch_time,jul_early_2026,80
2026-07-30,CR,ふぇぐ,watch_time,jul_late_2026,1006
2026-07-30,CR,ふぇぐ,watch_time,regular_season,1006
2026-07-30,CR,ふぇぐ,youtube_subscribers,current,6280
2026-07-30,CR,ふえた,followers,current,3723
2026-07-30,CR,ふえた,stream_duration,apr_late_2026,11.3
2026-07-30,CR,ふえた,stream_duration,jul_early_2026,0.0
2026-07-30,CR,ふえた,stream_duration,jul_late_2026,12.6
2026-07-30,CR,ふえた,stream_duration,jun_early_2026,25.3
2026-07-30,CR,ふえた,stream_duration,jun_late_2026,10.4
2026-07-30,CR,ふえた,stream_duration,may_early_2026,0.0
2026-07-30,CR,ふえた,stream_duration,may_late_2026,1.3
2026-07-30,CR,ふえた,stream_duration,regular_season,12.6
2026-07-30,CR,ふえた,video_upload_count,apr_late_2026,0
2026-07-30,CR,ふえた,video_upload_count,jul_early_2026,0
2026-07-30,CR,ふえた,video_upload_count,jul_late_2026,2
2026-07-30,CR,ふえた,video_upload_count,jun_early_2026,0
2026-07-30,CR,ふえた,video_upload_count,jun_late_2026,0
2026-07-30,CR,ふえた,video_upload_count,may_early_2026,0
2026-07-30,CR,ふえた,video_upload_count,may_late_2026,0
2026-07-30,CR,ふえた,video_upload_count,regular_season,2
2026-07-30,CR,ふえた,video_view_count,jul_early_2026,0
2026-07-30,CR,ふえた,video_view_count,jul_late_2026,0
2026-07-30,CR,ふえた,video_view_count,jun_early_2026,0
2026-07-30,CR,ふえた,video_view_count,jun_late_2026,0
2026-07-30,CR,ふえた,video_view_count,may_early_2026,0
2026-07-30,CR,ふえた,video_view_count,may_late_2026,0
2026-07-30,CR,ふえた,video_view_count,regular_season,0
2026-07-30,CR,ふえた,watch_time,jul_early_2026,0
2026-07-30,CR,ふえた,watch_time,jul_late_2026,626
2026-07-30,CR,ふえた,watch_time,jun_early_2026,1221
2026-07-30,CR,ふえた,watch_time,jun_late_2026,742
2026-07-30,CR,ふえた,watch_time,may_early_2026,0
2026-07-30,CR,ふえた,watch_time,may_late_2026,15
2026-07-30,CR,ふえた,watch_time,regular_season,626
2026-07-30,CR,ふえた,youtube_subscribers,current,1160
2026-07-30,CR,空白,followers,current,3857
2026-07-30,CR,空白,stream_duration,apr_late_2026,23.8
2026-07-30,CR,空白,stream_duration,jul_early_2026,0.0
2026-07-30,CR,空白,stream_duration,jul_late_2026,20.7
2026-07-30,CR,空白,stream_duration,jun_early_2026,26.8
2026-07-30,CR,空白,stream_duration,jun_late_2026,20.3
2026-07-30,CR,空白,stream_duration,may_early_2026,24.5
2026-07-30,CR,空白,stream_duration,may_late_2026,33.6
2026-07-30,CR,空白,stream_duration,regular_season,20.7
2026-07-30,CR,空白,video_upload_count,apr_late_2026,0
2026-07-30,CR,空白,video_upload_count,jul_early_2026,0
2026-07-30,CR,空白,video_upload_count,jul_late_2026,0
2026-07-30,CR,空白,video_upload_count,jun_early_2026,0
2026-07-30,CR,空白,video_upload_count,jun_late_2026,0
2026-07-30,CR,空白,video_upload_count,may_early_2026,0
2026-07-30,CR,空白,video_upload_count,may_late_2026,0
2026-07-30,CR,空白,video_upload_count,regular_season,0
2026-07-30,CR,空白,video_view_count,jul_early_2026,0
2026-07-30,CR,空白,video_view_count,jul_late_2026,0
2026-07-30,CR,空白,video_view_count,jun_early_2026,0
2026-07-30,CR,空白,video_view_count,jun_late_2026,0
2026-07-30,CR,空白,video_view_count,may_early_2026,0
2026-07-30,CR,空白,video_view_count,may_late_2026,0
2026-07-30,CR,空白,video_view_count,regular_season,0
2026-07-30,CR,空白,watch_time,jul_early_2026,0
2026-07-30,CR,空白,watch_time,jul_late_2026,722
2026-07-30,CR,空白,watch_time,jun_early_2026,1152
2026-07-30,CR,空白,watch_time,jun_late_2026,2339
2026-07-30,CR,空白,watch_time,may_early_2026,2243
2026-07-30,CR,空白,watch_time,may_late_2026,1811
2026-07-30,CR,空白,watch_time,regular_season,722
2026-07-30,CR,空白,youtube_subscribers,current,1640
2026-07-30,DFM,MingiGod,followers,current,3473
2026-07-30,DFM,MingiGod,stream_duration,jul_early_2026,8.9
2026-07-30,DFM,MingiGod,stream_duration,jul_late_2026,14.9
2026-07-30,DFM,MingiGod,stream_duration,jun_late_2026,16.6
2026-07-30,DFM,MingiGod,stream_duration,regular_season,23.8
2026-07-30,DFM,MingiGod,video_upload_count,jul_early_2026,0
2026-07-30,DFM,MingiGod,video_upload_count,jul_late_2026,0
2026-07-30,DFM,MingiGod,video_upload_count,jun_late_2026,1
2026-07-30,DFM,MingiGod,video_upload_count,regular_season,0
2026-07-30,DFM,MingiGod,video_view_count,jul_early_2026,0
2026-07-30,DFM,MingiGod,video_view_count,jul_late_2026,0
2026-07-30,DFM,MingiGod,video_view_count,regular_season,0
2026-07-30,DFM,MingiGod,watch_time,jul_early_2026,996
2026-07-30,DFM,MingiGod,watch_time,jul_late_2026,1262
2026-07-30,DFM,MingiGod,watch_time,regular_season,2258
2026-07-30,DFM,MingiGod,youtube_subscribers,current,1740
2026-07-30,DFM,かなで,followers,current,2138
2026-07-30,DFM,かなで,stream_duration,apr_late_2026,9.2
2026-07-30,DFM,かなで,stream_duration,jul_early_2026,2.1
2026-07-30,DFM,かなで,stream_duration,jul_late_2026,6.8
2026-07-30,DFM,かなで,stream_duration,jun_early_2026,4.8
2026-07-30,DFM,かなで,stream_duration,jun_late_2026,9.7
2026-07-30,DFM,かなで,stream_duration,may_early_2026,4.5
2026-07-30,DFM,かなで,stream_duration,may_late_2026,9.4
2026-07-30,DFM,かなで,stream_duration,regular_season,6.8
2026-07-30,DFM,かなで,video_upload_count,apr_late_2026,0
2026-07-30,DFM,かなで,video_upload_count,jul_early_2026,0
2026-07-30,DFM,かなで,video_upload_count,jul_late_2026,0
2026-07-30,DFM,かなで,video_upload_count,jun_early_2026,0
2026-07-30,DFM,かなで,video_upload_count,jun_late_2026,0
2026-07-30,DFM,かなで,video_upload_count,may_early_2026,0
2026-07-30,DFM,かなで,video_upload_count,may_late_2026,0
2026-07-30,DFM,かなで,video_upload_count,regular_season,0
2026-07-30,DFM,かなで,video_view_count,jul_early_2026,0
2026-07-30,DFM,かなで,video_view_count,jul_late_2026,0
2026-07-30,DFM,かなで,video_view_count,jun_early_2026,0
2026-07-30,DFM,かなで,video_view_count,jun_late_2026,0
2026-07-30,DFM,かなで,video_view_count,may_early_2026,0
2026-07-30,DFM,かなで,video_view_count,may_late_2026,0
2026-07-30,DFM,かなで,video_view_count,regular_season,0
2026-07-30,DFM,かなで,watch_time,jul_early_2026,52
2026-07-30,DFM,かなで,watch_time,jul_late_2026,141
2026-07-30,DFM,かなで,watch_time,jun_early_2026,73
2026-07-30,DFM,かなで,watch_time,jun_late_2026,301
2026-07-30,DFM,かなで,watch_time,may_early_2026,157
2026-07-30,DFM,かなで,watch_time,may_late_2026,258
2026-07-30,DFM,かなで,watch_time,regular_season,141
2026-07-30,DFM,かなで,youtube_subscribers,current,541
2026-07-30,DFM,ミル,followers,current,14538
2026-07-30,DFM,ミル,stream_duration,apr_late_2026,33.8
2026-07-30,DFM,ミル,stream_duration,jul_early_2026,6.9
2026-07-30,DFM,ミル,stream_duration,jul_late_2026,9.5
2026-07-30,DFM,ミル,stream_duration,jun_early_2026,15.0
2026-07-30,DFM,ミル,stream_duration,jun_late_2026,14.1
2026-07-30,DFM,ミル,stream_duration,may_early_2026,14.1
2026-07-30,DFM,ミル,stream_duration,may_late_2026,23.3
2026-07-30,DFM,ミル,stream_duration,regular_season,16.4
2026-07-30,DFM,ミル,video_upload_count,apr_late_2026,0
2026-07-30,DFM,ミル,video_upload_count,jul_early_2026,0
2026-07-30,DFM,ミル,video_upload_count,jul_late_2026,0
2026-07-30,DFM,ミル,video_upload_count,jun_early_2026,0
2026-07-30,DFM,ミル,video_upload_count,jun_late_2026,0
2026-07-30,DFM,ミル,video_upload_count,may_early_2026,0
2026-07-30,DFM,ミル,video_upload_count,may_late_2026,0
2026-07-30,DFM,ミル,video_upload_count,regular_season,0
2026-07-30,DFM,ミル,video_view_count,jul_early_2026,0
2026-07-30,DFM,ミル,video_view_count,jul_late_2026,0
2026-07-30,DFM,ミル,video_view_count,jun_early_2026,0
2026-07-30,DFM,ミル,video_view_count,jun_late_2026,0
2026-07-30,DFM,ミル,video_view_count,may_early_2026,0
2026-07-30,DFM,ミル,video_view_count,may_late_2026,0
2026-07-30,DFM,ミル,video_view_count,regular_season,0
2026-07-30,DFM,ミル,watch_time,jul_early_2026,321
2026-07-30,DFM,ミル,watch_time,jul_late_2026,210
2026-07-30,DFM,ミル,watch_time,jun_early_2026,2284
2026-07-30,DFM,ミル,watch_time,jun_late_2026,1093
2026-07-30,DFM,ミル,watch_time,may_early_2026,691
2026-07-30,DFM,ミル,watch_time,may_late_2026,1363
2026-07-30,DFM,ミル,watch_time,regular_season,527
2026-07-30,DFM,ミル,youtube_subscribers,current,3950
2026-07-30,DFM,ユーリ,followers,current,14142
2026-07-30,DFM,ユーリ,stream_duration,apr_late_2026,56.4
2026-07-30,DFM,ユーリ,stream_duration,jul_early_2026,9.4
2026-07-30,DFM,ユーリ,stream_duration,jul_late_2026,16.7
2026-07-30,DFM,ユーリ,stream_duration,jun_early_2026,22.3
2026-07-30,DFM,ユーリ,stream_duration,jun_late_2026,27.3
2026-07-30,DFM,ユーリ,stream_duration,may_early_2026,11.7
2026-07-30,DFM,ユーリ,stream_duration,may_late_2026,19.5
2026-07-30,DFM,ユーリ,stream_duration,regular_season,26.1
2026-07-30,DFM,ユーリ,video_upload_count,apr_late_2026,0
2026-07-30,DFM,ユーリ,video_upload_count,jul_early_2026,0
2026-07-30,DFM,ユーリ,video_upload_count,jul_late_2026,0
2026-07-30,DFM,ユーリ,video_upload_count,jun_early_2026,0
2026-07-30,DFM,ユーリ,video_upload_count,jun_late_2026,0
2026-07-30,DFM,ユーリ,video_upload_count,may_early_2026,0
2026-07-30,DFM,ユーリ,video_upload_count,may_late_2026,0
2026-07-30,DFM,ユーリ,video_upload_count,regular_season,0
2026-07-30,DFM,ユーリ,video_view_count,jul_early_2026,0
2026-07-30,DFM,ユーリ,video_view_count,jul_late_2026,0
2026-07-30,DFM,ユーリ,video_view_count,jun_early_2026,0
2026-07-30,DFM,ユーリ,video_view_count,jun_late_2026,0
2026-07-30,DFM,ユーリ,video_view_count,may_early_2026,0
2026-07-30,DFM,ユーリ,video_view_count,may_late_2026,0
2026-07-30,DFM,ユーリ,video_view_count,regular_season,0
2026-07-30,DFM,ユーリ,watch_time,jul_early_2026,11134
2026-07-30,DFM,ユーリ,watch_time,jul_late_2026,5765
2026-07-30,DFM,ユーリ,watch_time,jun_early_2026,14677
2026-07-30,DFM,ユーリ,watch_time,jun_late_2026,18125
2026-07-30,DFM,ユーリ,watch_time,may_early_2026,8667
2026-07-30,DFM,ユーリ,watch_time,may_late_2026,11953
2026-07-30,DFM,ユーリ,watch_time,regular_season,17000
2026-07-30,DFM,ユーリ,youtube_subscribers,current,12300
2026-07-30,LVH,Era53,followers,current,12632
2026-07-30,LVH,Era53,stream_duration,apr_late_2026,52.3
2026-07-30,LVH,Era53,stream_duration,jul_early_2026,14.2
2026-07-30,LVH,Era53,stream_duration,jul_late_2026,23.3
2026-07-30,LVH,Era53,stream_duration,jun_early_2026,52.1
2026-07-30,LVH,Era53,stream_duration,jun_late_2026,38.9
2026-07-30,LVH,Era53,stream_duration,may_early_2026,14.4
2026-07-30,LVH,Era53,stream_duration,may_late_2026,67.1
2026-07-30,LVH,Era53,stream_duration,regular_season,32.9
2026-07-30,LVH,Era53,video_upload_count,apr_late_2026,0
2026-07-30,LVH,Era53,video_upload_count,jul_early_2026,0
2026-07-30,LVH,Era53,video_upload_count,jul_late_2026,0
2026-07-30,LVH,Era53,video_upload_count,jun_early_2026,0
2026-07-30,LVH,Era53,video_upload_count,jun_late_2026,0
2026-07-30,LVH,Era53,video_upload_count,may_early_2026,0
2026-07-30,LVH,Era53,video_upload_count,may_late_2026,0
2026-07-30,LVH,Era53,video_upload_count,regular_season,0
2026-07-30,LVH,Era53,video_view_count,jul_early_2026,0
2026-07-30,LVH,Era53,video_view_count,jul_late_2026,0
2026-07-30,LVH,Era53,video_view_count,jun_early_2026,0
2026-07-30,LVH,Era53,video_view_count,jun_late_2026,0
2026-07-30,LVH,Era53,video_view_count,may_early_2026,0
2026-07-30,LVH,Era53,video_view_count,may_late_2026,0
2026-07-30,LVH,Era53,video_view_count,regular_season,0
2026-07-30,LVH,Era53,watch_time,jul_early_2026,23904
2026-07-30,LVH,Era53,watch_time,jul_late_2026,28073
2026-07-30,LVH,Era53,watch_time,jun_early_2026,28528
2026-07-30,LVH,Era53,watch_time,jun_late_2026,34566
2026-07-30,LVH,Era53,watch_time,may_early_2026,12339
2026-07-30,LVH,Era53,watch_time,may_late_2026,54486
2026-07-30,LVH,Era53,watch_time,regular_season,47937
2026-07-30,LVH,Era53,youtube_subscribers,current,15800
2026-07-30,LVH,Hirobosu,followers,current,2898
2026-07-30,LVH,Hirobosu,stream_duration,jul_early_2026,0.0
2026-07-30,LVH,Hirobosu,stream_duration,jul_late_2026,0.0
2026-07-30,LVH,Hirobosu,stream_duration,jun_late_2026,0.0
2026-07-30,LVH,Hirobosu,stream_duration,regular_season,0.0
2026-07-30,LVH,Hirobosu,video_upload_count,jul_early_2026,0
2026-07-30,LVH,Hirobosu,video_upload_count,jul_late_2026,0
2026-07-30,LVH,Hirobosu,video_upload_count,jun_late_2026,0
2026-07-30,LVH,Hirobosu,video_upload_count,regular_season,0
2026-07-30,LVH,Hirobosu,video_view_count,jul_early_2026,0
2026-07-30,LVH,Hirobosu,video_view_count,jul_late_2026,0
2026-07-30,LVH,Hirobosu,video_view_count,regular_season,0
2026-07-30,LVH,Hirobosu,watch_time,jul_early_2026,0
2026-07-30,LVH,Hirobosu,watch_time,jul_late_2026,0
2026-07-30,LVH,Hirobosu,watch_time,regular_season,0
2026-07-30,LVH,Hirobosu,youtube_subscribers,current,448
2026-07-30,LVH,rikka,followers,current,13593
2026-07-30,LVH,rikka,stream_duration,apr_late_2026,50.5
2026-07-30,LVH,rikka,stream_duration,jul_early_2026,8.0
2026-07-30,LVH,rikka,stream_duration,jul_late_2026,19.1
2026-07-30,LVH,rikka,stream_duration,jun_early_2026,32.2
2026-07-30,LVH,rikka,stream_duration,jun_late_2026,33.0
2026-07-30,LVH,rikka,stream_duration,may_early_2026,39.5
2026-07-30,LVH,rikka,stream_duration,may_late_2026,7.5
2026-07-30,LVH,rikka,stream_duration,regular_season,19.1
2026-07-30,LVH,rikka,video_upload_count,apr_late_2026,0
2026-07-30,LVH,rikka,video_upload_count,jul_early_2026,0
2026-07-30,LVH,rikka,video_upload_count,jul_late_2026,0
2026-07-30,LVH,rikka,video_upload_count,jun_early_2026,0
2026-07-30,LVH,rikka,video_upload_count,jun_late_2026,0
2026-07-30,LVH,rikka,video_upload_count,may_early_2026,0
2026-07-30,LVH,rikka,video_upload_count,may_late_2026,0
2026-07-30,LVH,rikka,video_upload_count,regular_season,0
2026-07-30,LVH,rikka,video_view_count,jul_early_2026,0
2026-07-30,LVH,rikka,video_view_count,jul_late_2026,0
2026-07-30,LVH,rikka,video_view_count,jun_early_2026,0
2026-07-30,LVH,rikka,video_view_count,jun_late_2026,0
2026-07-30,LVH,rikka,video_view_count,may_early_2026,0
2026-07-30,LVH,rikka,video_view_count,may_late_2026,0
2026-07-30,LVH,rikka,video_view_count,regular_season,0
2026-07-30,LVH,rikka,watch_time,jul_early_2026,3688
2026-07-30,LVH,rikka,watch_time,jul_late_2026,18976
2026-07-30,LVH,rikka,watch_time,jun_early_2026,13078
2026-07-30,LVH,rikka,watch_time,jun_late_2026,16924
2026-07-30,LVH,rikka,watch_time,may_early_2026,28442
2026-07-30,LVH,rikka,watch_time,may_late_2026,2528
2026-07-30,LVH,rikka,watch_time,regular_season,18976
2026-07-30,LVH,rikka,youtube_subscribers,current,12500
2026-07-30,LVH,だーよね,followers,current,3164
2026-07-30,LVH,だーよね,stream_duration,apr_late_2026,5.6
2026-07-30,LVH,だーよね,stream_duration,jul_early_2026,4.3
2026-07-30,LVH,だーよね,stream_duration,jul_late_2026,12.0
2026-07-30,LVH,だーよね,stream_duration,jun_early_2026,11.2
2026-07-30,LVH,だーよね,stream_duration,jun_late_2026,9.2
2026-07-30,LVH,だーよね,stream_duration,may_early_2026,18.7
2026-07-30,LVH,だーよね,stream_duration,may_late_2026,17.3
2026-07-30,LVH,だーよね,stream_duration,regular_season,12.0
2026-07-30,LVH,だーよね,video_upload_count,apr_late_2026,0
2026-07-30,LVH,だーよね,video_upload_count,jul_early_2026,0
2026-07-30,LVH,だーよね,video_upload_count,jul_late_2026,0
2026-07-30,LVH,だーよね,video_upload_count,jun_early_2026,0
2026-07-30,LVH,だーよね,video_upload_count,jun_late_2026,0
2026-07-30,LVH,だーよね,video_upload_count,may_early_2026,0
2026-07-30,LVH,だーよね,video_upload_count,may_late_2026,0
2026-07-30,LVH,だーよね,video_upload_count,regular_season,0
2026-07-30,LVH,だーよね,video_view_count,jul_early_2026,0
2026-07-30,LVH,だーよね,video_view_count,jul_late_2026,0
2026-07-30,LVH,だーよね,video_view_count,jun_early_2026,0
2026-07-30,LVH,だーよね,video_view_count,jun_late_2026,0
2026-07-30,LVH,だーよね,video_view_count,may_early_2026,0
2026-07-30,LVH,だーよね,video_view_count,may_late_2026,0
2026-07-30,LVH,だーよね,video_view_count,regular_season,0
2026-07-30,LVH,だーよね,watch_time,jul_early_2026,546
2026-07-30,LVH,だーよね,watch_time,jul_late_2026,1776
2026-07-30,LVH,だーよね,watch_time,jun_early_2026,866
2026-07-30,LVH,だーよね,watch_time,jun_late_2026,1013
2026-07-30,LVH,だーよね,watch_time,may_early_2026,2621
2026-07-30,LVH,だーよね,watch_time,may_late_2026,1566
2026-07-30,LVH,だーよね,watch_time,regular_season,1776
2026-07-30,LVH,だーよね,youtube_subscribers,current,1520
2026-07-30,LVH,智念せいら,followers,current,15401
2026-07-30,LVH,智念せいら,stream_duration,jul_early_2026,19.6
2026-07-30,LVH,智念せいら,stream_duration,jul_late_2026,21.5
2026-07-30,LVH,智念せいら,stream_duration,jun_late_2026,17.6
2026-07-30,LVH,智念せいら,stream_duration,regular_season,28.7
2026-07-30,LVH,智念せいら,video_upload_count,jul_early_2026,9
2026-07-30,LVH,智念せいら,video_upload_count,jul_late_2026,2
2026-07-30,LVH,智念せいら,video_upload_count,jun_late_2026,6
2026-07-30,LVH,智念せいら,video_upload_count,regular_season,7
2026-07-30,LVH,智念せいら,video_view_count,jul_early_2026,617975
2026-07-30,LVH,智念せいら,video_view_count,jul_late_2026,148648
2026-07-30,LVH,智念せいら,video_view_count,regular_season,545964
2026-07-30,LVH,智念せいら,watch_time,jul_early_2026,30693
2026-07-30,LVH,智念せいら,watch_time,jul_late_2026,26610
2026-07-30,LVH,智念せいら,watch_time,regular_season,34707
2026-07-30,LVH,智念せいら,youtube_subscribers,current,60700
2026-07-30,MRG,Spicies,followers,current,32845
2026-07-30,MRG,Spicies,stream_duration,apr_late_2026,97.2
2026-07-30,MRG,Spicies,stream_duration,jul_early_2026,22.0
2026-07-30,MRG,Spicies,stream_duration,jul_late_2026,20.1
2026-07-30,MRG,Spicies,stream_duration,jun_early_2026,84.2
2026-07-30,MRG,Spicies,stream_duration,jun_late_2026,55.6
2026-07-30,MRG,Spicies,stream_duration,may_early_2026,40.3
2026-07-30,MRG,Spicies,stream_duration,may_late_2026,52.1
2026-07-30,MRG,Spicies,stream_duration,regular_season,29.3
2026-07-30,MRG,Spicies,video_upload_count,apr_late_2026,12
2026-07-30,MRG,Spicies,video_upload_count,jul_early_2026,2
2026-07-30,MRG,Spicies,video_upload_count,jul_late_2026,1
2026-07-30,MRG,Spicies,video_upload_count,jun_early_2026,3
2026-07-30,MRG,Spicies,video_upload_count,jun_late_2026,4
2026-07-30,MRG,Spicies,video_upload_count,may_early_2026,6
2026-07-30,MRG,Spicies,video_upload_count,may_late_2026,5
2026-07-30,MRG,Spicies,video_upload_count,regular_season,2
2026-07-30,MRG,Spicies,video_view_count,jul_early_2026,54296
2026-07-30,MRG,Spicies,video_view_count,jul_late_2026,0
2026-07-30,MRG,Spicies,video_view_count,jun_early_2026,44105
2026-07-30,MRG,Spicies,video_view_count,jun_late_2026,103158
2026-07-30,MRG,Spicies,video_view_count,may_early_2026,167728
2026-07-30,MRG,Spicies,video_view_count,may_late_2026,96387
2026-07-30,MRG,Spicies,video_view_count,regular_season,23230
2026-07-30,MRG,Spicies,watch_time,jul_early_2026,47762
2026-07-30,MRG,Spicies,watch_time,jul_late_2026,27943
2026-07-30,MRG,Spicies,watch_time,jun_early_2026,105722
2026-07-30,MRG,Spicies,watch_time,jun_late_2026,122304
2026-07-30,MRG,Spicies,watch_time,may_early_2026,99977
2026-07-30,MRG,Spicies,watch_time,may_late_2026,89154
2026-07-30,MRG,Spicies,watch_time,regular_season,50627
2026-07-30,MRG,Spicies,youtube_subscribers,current,42100
2026-07-30,MRG,Toby,followers,current,18829
2026-07-30,MRG,Toby,stream_duration,apr_late_2026,39.2
2026-07-30,MRG,Toby,stream_duration,jul_early_2026,12.6
2026-07-30,MRG,Toby,stream_duration,jul_late_2026,2.4
2026-07-30,MRG,Toby,stream_duration,jun_early_2026,6.3
2026-07-30,MRG,Toby,stream_duration,jun_late_2026,32.7
2026-07-30,MRG,Toby,stream_duration,may_early_2026,18.5
2026-07-30,MRG,Toby,stream_duration,may_late_2026,25.8
2026-07-30,MRG,Toby,stream_duration,regular_season,7.3
2026-07-30,MRG,Toby,video_upload_count,apr_late_2026,0
2026-07-30,MRG,Toby,video_upload_count,jul_early_2026,0
2026-07-30,MRG,Toby,video_upload_count,jul_late_2026,0
2026-07-30,MRG,Toby,video_upload_count,jun_early_2026,0
2026-07-30,MRG,Toby,video_upload_count,jun_late_2026,2
2026-07-30,MRG,Toby,video_upload_count,may_early_2026,0
2026-07-30,MRG,Toby,video_upload_count,may_late_2026,0
2026-07-30,MRG,Toby,video_upload_count,regular_season,0
2026-07-30,MRG,Toby,video_view_count,jul_early_2026,0
2026-07-30,MRG,Toby,video_view_count,jul_late_2026,0
2026-07-30,MRG,Toby,video_view_count,jun_early_2026,0
2026-07-30,MRG,Toby,video_view_count,jun_late_2026,14358
2026-07-30,MRG,Toby,video_view_count,may_early_2026,0
2026-07-30,MRG,Toby,video_view_count,may_late_2026,0
2026-07-30,MRG,Toby,video_view_count,regular_season,0
2026-07-30,MRG,Toby,watch_time,jul_early_2026,19385
2026-07-30,MRG,Toby,watch_time,jul_late_2026,3958
2026-07-30,MRG,Toby,watch_time,jun_early_2026,4704
2026-07-30,MRG,Toby,watch_time,jun_late_2026,66426
2026-07-30,MRG,Toby,watch_time,may_early_2026,28670
2026-07-30,MRG,Toby,watch_time,may_late_2026,19931
2026-07-30,MRG,Toby,watch_time,regular_season,10295
2026-07-30,MRG,Toby,youtube_subscribers,current,16700
2026-07-30,MRG,glory,followers,current,14905
2026-07-30,MRG,glory,stream_duration,apr_late_2026,82.8
2026-07-30,MRG,glory,stream_duration,jul_early_2026,33.2
2026-07-30,MRG,glory,stream_duration,jul_late_2026,28.6
2026-07-30,MRG,glory,stream_duration,jun_early_2026,64.5
2026-07-30,MRG,glory,stream_duration,jun_late_2026,61.2
2026-07-30,MRG,glory,stream_duration,may_early_2026,48.3
2026-07-30,MRG,glory,stream_duration,may_late_2026,82.8
2026-07-30,MRG,glory,stream_duration,regular_season,43.7
2026-07-30,MRG,glory,video_upload_count,apr_late_2026,0
2026-07-30,MRG,glory,video_upload_count,jul_early_2026,0
2026-07-30,MRG,glory,video_upload_count,jul_late_2026,0
2026-07-30,MRG,glory,video_upload_count,jun_early_2026,0
2026-07-30,MRG,glory,video_upload_count,jun_late_2026,0
2026-07-30,MRG,glory,video_upload_count,may_early_2026,0
2026-07-30,MRG,glory,video_upload_count,may_late_2026,0
2026-07-30,MRG,glory,video_upload_count,regular_season,0
2026-07-30,MRG,glory,video_view_count,jul_early_2026,0
2026-07-30,MRG,glory,video_view_count,jul_late_2026,0
2026-07-30,MRG,glory,video_view_count,jun_early_2026,0
2026-07-30,MRG,glory,video_view_count,jun_late_2026,0
2026-07-30,MRG,glory,video_view_count,may_early_2026,0
2026-07-30,MRG,glory,video_view_count,may_late_2026,0
2026-07-30,MRG,glory,video_view_count,regular_season,0
2026-07-30,MRG,glory,watch_time,jul_early_2026,28636
2026-07-30,MRG,glory,watch_time,jul_late_2026,31369
2026-07-30,MRG,glory,watch_time,jun_early_2026,23062
2026-07-30,MRG,glory,watch_time,jun_late_2026,29182
2026-07-30,MRG,glory,watch_time,may_early_2026,28275
2026-07-30,MRG,glory,watch_time,may_late_2026,42240
2026-07-30,MRG,glory,watch_time,regular_season,45050
2026-07-30,MRG,glory,youtube_subscribers,current,7960
2026-07-30,MRG,もっちゃま,followers,current,9850
2026-07-30,MRG,もっちゃま,stream_duration,jul_early_2026,82.5
2026-07-30,MRG,もっちゃま,stream_duration,jul_late_2026,60.1
2026-07-30,MRG,もっちゃま,stream_duration,jun_late_2026,40.9
2026-07-30,MRG,もっちゃま,stream_duration,regular_season,73.7
2026-07-30,MRG,もっちゃま,video_upload_count,jul_early_2026,0
2026-07-30,MRG,もっちゃま,video_upload_count,jul_late_2026,0
2026-07-30,MRG,もっちゃま,video_upload_count,jun_late_2026,0
2026-07-30,MRG,もっちゃま,video_upload_count,regular_season,0
2026-07-30,MRG,もっちゃま,video_view_count,jul_early_2026,0
2026-07-30,MRG,もっちゃま,video_view_count,jul_late_2026,0
2026-07-30,MRG,もっちゃま,video_view_count,regular_season,0
2026-07-30,MRG,もっちゃま,watch_time,jul_early_2026,116677
2026-07-30,MRG,もっちゃま,watch_time,jul_late_2026,93566
2026-07-30,MRG,もっちゃま,watch_time,regular_season,116619
2026-07-30,MRG,もっちゃま,youtube_subscribers,current,17900
2026-07-30,MRG,マイト,followers,current,11362
2026-07-30,MRG,マイト,stream_duration,apr_late_2026,90.4
2026-07-30,MRG,マイト,stream_duration,jul_early_2026,22.0
2026-07-30,MRG,マイト,stream_duration,jul_late_2026,9.9
2026-07-30,MRG,マイト,stream_duration,jun_early_2026,54.9
2026-07-30,MRG,マイト,stream_duration,jun_late_2026,51.3
2026-07-30,MRG,マイト,stream_duration,may_early_2026,49.9
2026-07-30,MRG,マイト,stream_duration,may_late_2026,60.4
2026-07-30,MRG,マイト,stream_duration,regular_season,11.8
2026-07-30,MRG,マイト,video_upload_count,apr_late_2026,1
2026-07-30,MRG,マイト,video_upload_count,jul_early_2026,3
2026-07-30,MRG,マイト,video_upload_count,jul_late_2026,2
2026-07-30,MRG,マイト,video_upload_count,jun_early_2026,0
2026-07-30,MRG,マイト,video_upload_count,jun_late_2026,4
2026-07-30,MRG,マイト,video_upload_count,may_early_2026,0
2026-07-30,MRG,マイト,video_upload_count,may_late_2026,0
2026-07-30,MRG,マイト,video_upload_count,regular_season,2
2026-07-30,MRG,マイト,video_view_count,jul_early_2026,50094
2026-07-30,MRG,マイト,video_view_count,jul_late_2026,31948
2026-07-30,MRG,マイト,video_view_count,jun_early_2026,0
2026-07-30,MRG,マイト,video_view_count,jun_late_2026,52957
2026-07-30,MRG,マイト,video_view_count,may_early_2026,0
2026-07-30,MRG,マイト,video_view_count,may_late_2026,0
2026-07-30,MRG,マイト,video_view_count,regular_season,31948
2026-07-30,MRG,マイト,watch_time,jul_early_2026,34758
2026-07-30,MRG,マイト,watch_time,jul_late_2026,9407
2026-07-30,MRG,マイト,watch_time,jun_early_2026,58593
2026-07-30,MRG,マイト,watch_time,jun_late_2026,66965
2026-07-30,MRG,マイト,watch_time,may_early_2026,73329
2026-07-30,MRG,マイト,watch_time,may_late_2026,80542
2026-07-30,MRG,マイト,watch_time,regular_season,11360
2026-07-30,MRG,マイト,youtube_subscribers,current,35900
2026-07-30,RC,あぐのむ,followers,current,27322
2026-07-30,RC,あぐのむ,stream_duration,apr_late_2026,12.7
2026-07-30,RC,あぐのむ,stream_duration,jul_early_2026,7.4
2026-07-30,RC,あぐのむ,stream_duration,jul_late_2026,1.4
2026-07-30,RC,あぐのむ,stream_duration,jun_early_2026,18.5
2026-07-30,RC,あぐのむ,stream_duration,jun_late_2026,6.1
2026-07-30,RC,あぐのむ,stream_duration,may_early_2026,12.4
2026-07-30,RC,あぐのむ,stream_duration,may_late_2026,0.9
2026-07-30,RC,あぐのむ,stream_duration,regular_season,8.8
2026-07-30,RC,あぐのむ,video_upload_count,apr_late_2026,2
2026-07-30,RC,あぐのむ,video_upload_count,jul_early_2026,1
2026-07-30,RC,あぐのむ,video_upload_count,jul_late_2026,0
2026-07-30,RC,あぐのむ,video_upload_count,jun_early_2026,0
2026-07-30,RC,あぐのむ,video_upload_count,jun_late_2026,3
2026-07-30,RC,あぐのむ,video_upload_count,may_early_2026,2
2026-07-30,RC,あぐのむ,video_upload_count,may_late_2026,0
2026-07-30,RC,あぐのむ,video_upload_count,regular_season,0
2026-07-30,RC,あぐのむ,video_view_count,jul_early_2026,17335
2026-07-30,RC,あぐのむ,video_view_count,jul_late_2026,0
2026-07-30,RC,あぐのむ,video_view_count,jun_early_2026,0
2026-07-30,RC,あぐのむ,video_view_count,jun_late_2026,52049
2026-07-30,RC,あぐのむ,video_view_count,may_early_2026,20087
2026-07-30,RC,あぐのむ,video_view_count,may_late_2026,0
2026-07-30,RC,あぐのむ,video_view_count,regular_season,0
2026-07-30,RC,あぐのむ,watch_time,jul_early_2026,4303
2026-07-30,RC,あぐのむ,watch_time,jul_late_2026,1014
2026-07-30,RC,あぐのむ,watch_time,jun_early_2026,3773
2026-07-30,RC,あぐのむ,watch_time,jun_late_2026,1718
2026-07-30,RC,あぐのむ,watch_time,may_early_2026,7048
2026-07-30,RC,あぐのむ,watch_time,may_late_2026,45
2026-07-30,RC,あぐのむ,watch_time,regular_season,5311
2026-07-30,RC,あぐのむ,youtube_subscribers,current,35400
2026-07-30,RC,たばた,followers,current,11321
2026-07-30,RC,たばた,stream_duration,apr_late_2026,3.1
2026-07-30,RC,たばた,stream_duration,jul_early_2026,9.6
2026-07-30,RC,たばた,stream_duration,jul_late_2026,4.2
2026-07-30,RC,たばた,stream_duration,jun_early_2026,49.8
2026-07-30,RC,たばた,stream_duration,jun_late_2026,19.5
2026-07-30,RC,たばた,stream_duration,may_early_2026,4.0
2026-07-30,RC,たばた,stream_duration,may_late_2026,4.6
2026-07-30,RC,たばた,stream_duration,regular_season,5.4
2026-07-30,RC,たばた,video_upload_count,apr_late_2026,0
2026-07-30,RC,たばた,video_upload_count,jul_early_2026,0
2026-07-30,RC,たばた,video_upload_count,jul_late_2026,3
2026-07-30,RC,たばた,video_upload_count,jun_early_2026,1
2026-07-30,RC,たばた,video_upload_count,jun_late_2026,2
2026-07-30,RC,たばた,video_upload_count,may_early_2026,0
2026-07-30,RC,たばた,video_upload_count,may_late_2026,1
2026-07-30,RC,たばた,video_upload_count,regular_season,3
2026-07-30,RC,たばた,video_view_count,jul_early_2026,0
2026-07-30,RC,たばた,video_view_count,jul_late_2026,4204
2026-07-30,RC,たばた,video_view_count,jun_early_2026,2922
2026-07-30,RC,たばた,video_view_count,jun_late_2026,7648
2026-07-30,RC,たばた,video_view_count,may_early_2026,0
2026-07-30,RC,たばた,video_view_count,may_late_2026,3273
2026-07-30,RC,たばた,video_view_count,regular_season,4204
2026-07-30,RC,たばた,watch_time,jul_early_2026,982
2026-07-30,RC,たばた,watch_time,jul_late_2026,1013
2026-07-30,RC,たばた,watch_time,jun_early_2026,3924
2026-07-30,RC,たばた,watch_time,jun_late_2026,1715
2026-07-30,RC,たばた,watch_time,may_early_2026,75
2026-07-30,RC,たばた,watch_time,may_late_2026,101
2026-07-30,RC,たばた,watch_time,regular_season,1270
2026-07-30,RC,たばた,youtube_subscribers,current,3870
2026-07-30,RC,つきあかめん,followers,current,3603
2026-07-30,RC,つきあかめん,stream_duration,jul_early_2026,43.3
2026-07-30,RC,つきあかめん,stream_duration,jul_late_2026,40.3
2026-07-30,RC,つきあかめん,stream_duration,jun_late_2026,41.7
2026-07-30,RC,つきあかめん,stream_duration,regular_season,52.0
2026-07-30,RC,つきあかめん,video_upload_count,jul_early_2026,3
2026-07-30,RC,つきあかめん,video_upload_count,jul_late_2026,1
2026-07-30,RC,つきあかめん,video_upload_count,jun_late_2026,1
2026-07-30,RC,つきあかめん,video_upload_count,regular_season,1
2026-07-30,RC,つきあかめん,video_view_count,jul_early_2026,34698
2026-07-30,RC,つきあかめん,video_view_count,jul_late_2026,0
2026-07-30,RC,つきあかめん,video_view_count,regular_season,0
2026-07-30,RC,つきあかめん,watch_time,jul_early_2026,17481
2026-07-30,RC,つきあかめん,watch_time,jul_late_2026,14438
2026-07-30,RC,つきあかめん,watch_time,regular_season,20372
2026-07-30,RC,つきあかめん,youtube_subscribers,current,6820
2026-07-30,RC,ぱらちゃん,followers,current,34703
2026-07-30,RC,ぱらちゃん,stream_duration,apr_late_2026,54.1
2026-07-30,RC,ぱらちゃん,stream_duration,jul_early_2026,37.5
2026-07-30,RC,ぱらちゃん,stream_duration,jul_late_2026,29.7
2026-07-30,RC,ぱらちゃん,stream_duration,jun_early_2026,20.4
2026-07-30,RC,ぱらちゃん,stream_duration,jun_late_2026,35.2
2026-07-30,RC,ぱらちゃん,stream_duration,may_early_2026,37.5
2026-07-30,RC,ぱらちゃん,stream_duration,may_late_2026,48.8
2026-07-30,RC,ぱらちゃん,stream_duration,regular_season,41.7
2026-07-30,RC,ぱらちゃん,video_upload_count,apr_late_2026,2
2026-07-30,RC,ぱらちゃん,video_upload_count,jul_early_2026,0
2026-07-30,RC,ぱらちゃん,video_upload_count,jul_late_2026,0
2026-07-30,RC,ぱらちゃん,video_upload_count,jun_early_2026,1
2026-07-30,RC,ぱらちゃん,video_upload_count,jun_late_2026,1
2026-07-30,RC,ぱらちゃん,video_upload_count,may_early_2026,9
2026-07-30,RC,ぱらちゃん,video_upload_count,may_late_2026,4
2026-07-30,RC,ぱらちゃん,video_upload_count,regular_season,0
2026-07-30,RC,ぱらちゃん,video_view_count,jul_early_2026,0
2026-07-30,RC,ぱらちゃん,video_view_count,jul_late_2026,0
2026-07-30,RC,ぱらちゃん,video_view_count,jun_early_2026,16237
2026-07-30,RC,ぱらちゃん,video_view_count,jun_late_2026,27561
2026-07-30,RC,ぱらちゃん,video_view_count,may_early_2026,159462
2026-07-30,RC,ぱらちゃん,video_view_count,may_late_2026,76393
2026-07-30,RC,ぱらちゃん,video_view_count,regular_season,0
2026-07-30,RC,ぱらちゃん,watch_time,jul_early_2026,47653
2026-07-30,RC,ぱらちゃん,watch_time,jul_late_2026,23338
2026-07-30,RC,ぱらちゃん,watch_time,jun_early_2026,14828
2026-07-30,RC,ぱらちゃん,watch_time,jun_late_2026,41002
2026-07-30,RC,ぱらちゃん,watch_time,may_early_2026,54871
2026-07-30,RC,ぱらちゃん,watch_time,may_late_2026,47272
2026-07-30,RC,ぱらちゃん,watch_time,regular_season,35616
2026-07-30,RC,ぱらちゃん,youtube_subscribers,current,45599
2026-07-30,RC,拓海,followers,current,10223
2026-07-30,RC,拓海,stream_duration,apr_late_2026,26.1
2026-07-30,RC,拓海,stream_duration,jul_early_2026,30.3
2026-07-30,RC,拓海,stream_duration,jul_late_2026,36.4
2026-07-30,RC,拓海,stream_duration,jun_early_2026,0.0
2026-07-30,RC,拓海,stream_duration,jun_late_2026,55.1
2026-07-30,RC,拓海,stream_duration,may_early_2026,33.3
2026-07-30,RC,拓海,stream_duration,may_late_2026,14.7
2026-07-30,RC,拓海,stream_duration,regular_season,43.6
2026-07-30,RC,拓海,video_upload_count,apr_late_2026,0
2026-07-30,RC,拓海,video_upload_count,jul_early_2026,1
2026-07-30,RC,拓海,video_upload_count,jul_late_2026,0
2026-07-30,RC,拓海,video_upload_count,jun_early_2026,2
2026-07-30,RC,拓海,video_upload_count,jun_late_2026,1
2026-07-30,RC,拓海,video_upload_count,may_early_2026,0
2026-07-30,RC,拓海,video_upload_count,may_late_2026,0
2026-07-30,RC,拓海,video_upload_count,regular_season,0
2026-07-30,RC,拓海,video_view_count,jul_early_2026,6767
2026-07-30,RC,拓海,video_view_count,jul_late_2026,0
2026-07-30,RC,拓海,video_view_count,jun_early_2026,32895
2026-07-30,RC,拓海,video_view_count,jun_late_2026,5275
2026-07-30,RC,拓海,video_view_count,may_early_2026,0
2026-07-30,RC,拓海,video_view_count,may_late_2026,0
2026-07-30,RC,拓海,video_view_count,regular_season,0
2026-07-30,RC,拓海,watch_time,jul_early_2026,5850
2026-07-30,RC,拓海,watch_time,jul_late_2026,8114
2026-07-30,RC,拓海,watch_time,jun_early_2026,0
2026-07-30,RC,拓海,watch_time,jun_late_2026,5019
2026-07-30,RC,拓海,watch_time,may_early_2026,2915
2026-07-30,RC,拓海,watch_time,may_late_2026,978
2026-07-30,RC,拓海,watch_time,regular_season,9245
2026-07-30,RC,拓海,youtube_subscribers,current,5520
2026-07-30,RDL,Chappy,followers,current,2547
2026-07-30,RDL,Chappy,stream_duration,jul_early_2026,78.2
2026-07-30,RDL,Chappy,stream_duration,jul_late_2026,26.9
2026-07-30,RDL,Chappy,stream_duration,jun_late_2026,93.0
2026-07-30,RDL,Chappy,stream_duration,regular_season,41.1
2026-07-30,RDL,Chappy,video_upload_count,jul_early_2026,0
2026-07-30,RDL,Chappy,video_upload_count,jul_late_2026,0
2026-07-30,RDL,Chappy,video_upload_count,jun_late_2026,0
2026-07-30,RDL,Chappy,video_upload_count,regular_season,0
2026-07-30,RDL,Chappy,video_view_count,jul_early_2026,0
2026-07-30,RDL,Chappy,video_view_count,jul_late_2026,0
2026-07-30,RDL,Chappy,video_view_count,regular_season,0
2026-07-30,RDL,Chappy,watch_time,jul_early_2026,11737
2026-07-30,RDL,Chappy,watch_time,jul_late_2026,2885
2026-07-30,RDL,Chappy,watch_time,regular_season,4809
2026-07-30,RDL,Stylish_deko,followers,current,1603
2026-07-30,RDL,Stylish_deko,stream_duration,jul_early_2026,29.9
2026-07-30,RDL,Stylish_deko,stream_duration,jul_late_2026,15.5
2026-07-30,RDL,Stylish_deko,stream_duration,jun_late_2026,39.0
2026-07-30,RDL,Stylish_deko,stream_duration,regular_season,20.6
2026-07-30,RDL,Stylish_deko,video_upload_count,jul_early_2026,1
2026-07-30,RDL,Stylish_deko,video_upload_count,jul_late_2026,0
2026-07-30,RDL,Stylish_deko,video_upload_count,jun_late_2026,2
2026-07-30,RDL,Stylish_deko,video_upload_count,regular_season,0
2026-07-30,RDL,Stylish_deko,video_view_count,jul_early_2026,932
2026-07-30,RDL,Stylish_deko,video_view_count,jul_late_2026,0
2026-07-30,RDL,Stylish_deko,video_view_count,regular_season,0
2026-07-30,RDL,Stylish_deko,watch_time,jul_early_2026,1858
2026-07-30,RDL,Stylish_deko,watch_time,jul_late_2026,1093
2026-07-30,RDL,Stylish_deko,watch_time,regular_season,1240
2026-07-30,RDL,Stylish_deko,youtube_subscribers,current,474
2026-07-30,RDL,ぱんさく,followers,current,1102
2026-07-30,RDL,ぱんさく,stream_duration,jul_early_2026,5.5
2026-07-30,RDL,ぱんさく,stream_duration,jul_late_2026,1.1
2026-07-30,RDL,ぱんさく,stream_duration,jun_late_2026,15.8
2026-07-30,RDL,ぱんさく,stream_duration,regular_season,2.9
2026-07-30,RDL,ぱんさく,video_upload_count,jul_early_2026,0
2026-07-30,RDL,ぱんさく,video_upload_count,jul_late_2026,0
2026-07-30,RDL,ぱんさく,video_upload_count,jun_late_2026,0
2026-07-30,RDL,ぱんさく,video_upload_count,regular_season,0
2026-07-30,RDL,ぱんさく,video_view_count,jul_early_2026,0
2026-07-30,RDL,ぱんさく,video_view_count,jul_late_2026,0
2026-07-30,RDL,ぱんさく,video_view_count,regular_season,0
2026-07-30,RDL,ぱんさく,watch_time,jul_early_2026,79
2026-07-30,RDL,ぱんさく,watch_time,jul_late_2026,13
2026-07-30,RDL,ぱんさく,watch_time,regular_season,50
2026-07-30,RDL,ぱんさく,youtube_subscribers,current,202
2026-07-30,RDL,山田レクイエム,followers,current,2054
2026-07-30,RDL,山田レクイエム,stream_duration,jul_early_2026,0.0
2026-07-30,RDL,山田レクイエム,stream_duration,jul_late_2026,0.0
2026-07-30,RDL,山田レクイエム,stream_duration,jun_late_2026,15.4
2026-07-30,RDL,山田レクイエム,stream_duration,regular_season,0.0
2026-07-30,RDL,山田レクイエム,video_upload_count,jul_early_2026,0
2026-07-30,RDL,山田レクイエム,video_upload_count,jul_late_2026,0
2026-07-30,RDL,山田レクイエム,video_upload_count,jun_late_2026,0
2026-07-30,RDL,山田レクイエム,video_upload_count,regular_season,0
2026-07-30,RDL,山田レクイエム,video_view_count,jul_early_2026,0
2026-07-30,RDL,山田レクイエム,video_view_count,jul_late_2026,0
2026-07-30,RDL,山田レクイエム,video_view_count,regular_season,0
2026-07-30,RDL,山田レクイエム,watch_time,jul_early_2026,0
2026-07-30,RDL,山田レクイエム,watch_time,jul_late_2026,0
2026-07-30,RDL,山田レクイエム,watch_time,regular_season,0
2026-07-30,RDL,山田レクイエム,youtube_subscribers,current,302
2026-07-30,RDL,折り紙,followers,current,5110
2026-07-30,RDL,折り紙,stream_duration,apr_late_2026,74.4
2026-07-30,RDL,折り紙,stream_duration,jul_early_2026,25.6
2026-07-30,RDL,折り紙,stream_duration,jul_late_2026,10.4
2026-07-30,RDL,折り紙,stream_duration,jun_early_2026,47.1
2026-07-30,RDL,折り紙,stream_duration,jun_late_2026,33.0
2026-07-30,RDL,折り紙,stream_duration,may_early_2026,50.5
2026-07-30,RDL,折り紙,stream_duration,may_late_2026,54.7
2026-07-30,RDL,折り紙,stream_duration,regular_season,17.5
2026-07-30,RDL,折り紙,video_upload_count,apr_late_2026,5
2026-07-30,RDL,折り紙,video_upload_count,jul_early_2026,3
2026-07-30,RDL,折り紙,video_upload_count,jul_late_2026,0
2026-07-30,RDL,折り紙,video_upload_count,jun_early_2026,3
2026-07-30,RDL,折り紙,video_upload_count,jun_late_2026,3
2026-07-30,RDL,折り紙,video_upload_count,may_early_2026,3
2026-07-30,RDL,折り紙,video_upload_count,may_late_2026,5
2026-07-30,RDL,折り紙,video_upload_count,regular_season,0
2026-07-30,RDL,折り紙,video_view_count,jul_early_2026,59767
2026-07-30,RDL,折り紙,video_view_count,jul_late_2026,0
2026-07-30,RDL,折り紙,video_view_count,jun_early_2026,43730
2026-07-30,RDL,折り紙,video_view_count,jun_late_2026,88530
2026-07-30,RDL,折り紙,video_view_count,may_early_2026,107876
2026-07-30,RDL,折り紙,video_view_count,may_late_2026,66564
2026-07-30,RDL,折り紙,video_view_count,regular_season,0
2026-07-30,RDL,折り紙,watch_time,jul_early_2026,6628
2026-07-30,RDL,折り紙,watch_time,jul_late_2026,751
2026-07-30,RDL,折り紙,watch_time,jun_early_2026,5895
2026-07-30,RDL,折り紙,watch_time,jun_late_2026,4608
2026-07-30,RDL,折り紙,watch_time,may_early_2026,7528
2026-07-30,RDL,折り紙,watch_time,may_late_2026,9118
2026-07-30,RDL,折り紙,watch_time,regular_season,2100
2026-07-30,RDL,折り紙,youtube_subscribers,current,14400
2026-07-30,VRL,Mishadow51,followers,current,2929
2026-07-30,VRL,Mishadow51,stream_duration,apr_late_2026,0.0
2026-07-30,VRL,Mishadow51,stream_duration,jul_early_2026,0.0
2026-07-30,VRL,Mishadow51,stream_duration,jul_late_2026,0.0
2026-07-30,VRL,Mishadow51,stream_duration,jun_early_2026,0.0
2026-07-30,VRL,Mishadow51,stream_duration,jun_late_2026,0.0
2026-07-30,VRL,Mishadow51,stream_duration,may_early_2026,0.0
2026-07-30,VRL,Mishadow51,stream_duration,may_late_2026,0.0
2026-07-30,VRL,Mishadow51,stream_duration,regular_season,0.0
2026-07-30,VRL,Mishadow51,video_upload_count,apr_late_2026,0
2026-07-30,VRL,Mishadow51,video_upload_count,jul_early_2026,0
2026-07-30,VRL,Mishadow51,video_upload_count,jul_late_2026,0
2026-07-30,VRL,Mishadow51,video_upload_count,jun_early_2026,0
2026-07-30,VRL,Mishadow51,video_upload_count,jun_late_2026,0
2026-07-30,VRL,Mishadow51,video_upload_count,may_early_2026,0
2026-07-30,VRL,Mishadow51,video_upload_count,may_late_2026,0
2026-07-30,VRL,Mishadow51,video_upload_count,regular_season,0
2026-07-30,VRL,Mishadow51,video_view_count,jul_early_2026,0
2026-07-30,VRL,Mishadow51,video_view_count,jul_late_2026,0
2026-07-30,VRL,Mishadow51,video_view_count,jun_early_2026,0
2026-07-30,VRL,Mishadow51,video_view_count,jun_late_2026,0
2026-07-30,VRL,Mishadow51,video_view_count,may_early_2026,0
2026-07-30,VRL,Mishadow51,video_view_count,may_late_2026,0
2026-07-30,VRL,Mishadow51,video_view_count,regular_season,0
2026-07-30,VRL,Mishadow51,watch_time,jul_early_2026,0
2026-07-30,VRL,Mishadow51,watch_time,jul_late_2026,0
2026-07-30,VRL,Mishadow51,watch_time,jun_early_2026,0
2026-07-30,VRL,Mishadow51,watch_time,jun_late_2026,0
2026-07-30,VRL,Mishadow51,watch_time,may_early_2026,0
2026-07-30,VRL,Mishadow51,watch_time,may_late_2026,0
2026-07-30,VRL,Mishadow51,watch_time,regular_season,0
2026-07-30,VRL,Mishadow51,youtube_subscribers,current,26
2026-07-30,VRL,Terarina,followers,current,3778
2026-07-30,VRL,Terarina,stream_duration,apr_late_2026,4.0
2026-07-30,VRL,Terarina,stream_duration,jul_early_2026,0.2
2026-07-30,VRL,Terarina,stream_duration,jul_late_2026,9.1
2026-07-30,VRL,Terarina,stream_duration,jun_early_2026,16.0
2026-07-30,VRL,Terarina,stream_duration,jun_late_2026,4.2
2026-07-30,VRL,Terarina,stream_duration,may_early_2026,5.1
2026-07-30,VRL,Terarina,stream_duration,may_late_2026,5.9
2026-07-30,VRL,Terarina,stream_duration,regular_season,9.1
2026-07-30,VRL,Terarina,video_upload_count,apr_late_2026,0
2026-07-30,VRL,Terarina,video_upload_count,jul_early_2026,0
2026-07-30,VRL,Terarina,video_upload_count,jul_late_2026,0
2026-07-30,VRL,Terarina,video_upload_count,jun_early_2026,0
2026-07-30,VRL,Terarina,video_upload_count,jun_late_2026,0
2026-07-30,VRL,Terarina,video_upload_count,may_early_2026,0
2026-07-30,VRL,Terarina,video_upload_count,may_late_2026,0
2026-07-30,VRL,Terarina,video_upload_count,regular_season,0
2026-07-30,VRL,Terarina,video_view_count,jul_early_2026,0
2026-07-30,VRL,Terarina,video_view_count,jul_late_2026,0
2026-07-30,VRL,Terarina,video_view_count,jun_early_2026,0
2026-07-30,VRL,Terarina,video_view_count,jun_late_2026,0
2026-07-30,VRL,Terarina,video_view_count,may_early_2026,0
2026-07-30,VRL,Terarina,video_view_count,may_late_2026,0
2026-07-30,VRL,Terarina,video_view_count,regular_season,0
2026-07-30,VRL,Terarina,watch_time,jul_early_2026,3
2026-07-30,VRL,Terarina,watch_time,jul_late_2026,65
2026-07-30,VRL,Terarina,watch_time,jun_early_2026,2920
2026-07-30,VRL,Terarina,watch_time,jun_late_2026,193
2026-07-30,VRL,Terarina,watch_time,may_early_2026,387
2026-07-30,VRL,Terarina,watch_time,may_late_2026,381
2026-07-30,VRL,Terarina,watch_time,regular_season,65
2026-07-30,VRL,Terarina,youtube_subscribers,current,1770
2026-07-30,VRL,monakawan,followers,current,1871
2026-07-30,VRL,monakawan,stream_duration,apr_late_2026,0.0
2026-07-30,VRL,monakawan,stream_duration,jul_early_2026,0.0
2026-07-30,VRL,monakawan,stream_duration,jul_late_2026,16.7
2026-07-30,VRL,monakawan,stream_duration,jun_early_2026,0.0
2026-07-30,VRL,monakawan,stream_duration,jun_late_2026,0.0
2026-07-30,VRL,monakawan,stream_duration,may_early_2026,0.0
2026-07-30,VRL,monakawan,stream_duration,may_late_2026,0.0
2026-07-30,VRL,monakawan,stream_duration,regular_season,16.7
2026-07-30,VRL,monakawan,video_upload_count,apr_late_2026,0
2026-07-30,VRL,monakawan,video_upload_count,jul_early_2026,0
2026-07-30,VRL,monakawan,video_upload_count,jul_late_2026,0
2026-07-30,VRL,monakawan,video_upload_count,jun_early_2026,0
2026-07-30,VRL,monakawan,video_upload_count,jun_late_2026,0
2026-07-30,VRL,monakawan,video_upload_count,may_early_2026,0
2026-07-30,VRL,monakawan,video_upload_count,may_late_2026,0
2026-07-30,VRL,monakawan,video_upload_count,regular_season,0
2026-07-30,VRL,monakawan,video_view_count,jul_early_2026,0
2026-07-30,VRL,monakawan,video_view_count,jul_late_2026,0
2026-07-30,VRL,monakawan,video_view_count,jun_early_2026,0
2026-07-30,VRL,monakawan,video_view_count,jun_late_2026,0
2026-07-30,VRL,monakawan,video_view_count,may_early_2026,0
2026-07-30,VRL,monakawan,video_view_count,may_late_2026,0
2026-07-30,VRL,monakawan,video_view_count,regular_season,0
2026-07-30,VRL,monakawan,watch_time,jul_early_2026,0
2026-07-30,VRL,monakawan,watch_time,jul_late_2026,262
2026-07-30,VRL,monakawan,watch_time,jun_early_2026,0
2026-07-30,VRL,monakawan,watch_time,jun_late_2026,0
2026-07-30,VRL,monakawan,watch_time,may_early_2026,0
2026-07-30,VRL,monakawan,watch_time,may_late_2026,0
2026-07-30,VRL,monakawan,watch_time,regular_season,262
2026-07-30,VRL,monakawan,youtube_subscribers,current,366
2026-07-30,VRL,まっつ,followers,current,4547
2026-07-30,VRL,まっつ,stream_duration,jul_early_2026,8.3
2026-07-30,VRL,まっつ,stream_duration,jul_late_2026,14.6
2026-07-30,VRL,まっつ,stream_duration,jun_late_2026,16.8
2026-07-30,VRL,まっつ,stream_duration,regular_season,17.6
2026-07-30,VRL,まっつ,video_upload_count,jul_early_2026,0
2026-07-30,VRL,まっつ,video_upload_count,jul_late_2026,0
2026-07-30,VRL,まっつ,video_upload_count,jun_late_2026,0
2026-07-30,VRL,まっつ,video_upload_count,regular_season,0
2026-07-30,VRL,まっつ,video_view_count,jul_early_2026,0
2026-07-30,VRL,まっつ,video_view_count,jul_late_2026,0
2026-07-30,VRL,まっつ,video_view_count,regular_season,0
2026-07-30,VRL,まっつ,watch_time,jul_early_2026,540
2026-07-30,VRL,まっつ,watch_time,jul_late_2026,1435
2026-07-30,VRL,まっつ,watch_time,regular_season,1472
2026-07-30,VRL,まっつ,youtube_subscribers,current,1600
2026-07-30,ZETA,CQCQ,followers,current,13731
2026-07-30,ZETA,CQCQ,stream_duration,apr_late_2026,21.5
2026-07-30,ZETA,CQCQ,stream_duration,jul_early_2026,2.7
2026-07-30,ZETA,CQCQ,stream_duration,jul_late_2026,26.9
2026-07-30,ZETA,CQCQ,stream_duration,jun_early_2026,18.1
2026-07-30,ZETA,CQCQ,stream_duration,jun_late_2026,20.2
2026-07-30,ZETA,CQCQ,stream_duration,may_early_2026,26.4
2026-07-30,ZETA,CQCQ,stream_duration,may_late_2026,18.6
2026-07-30,ZETA,CQCQ,stream_duration,regular_season,26.9
2026-07-30,ZETA,CQCQ,video_upload_count,apr_late_2026,2
2026-07-30,ZETA,CQCQ,video_upload_count,jul_early_2026,0
2026-07-30,ZETA,CQCQ,video_upload_count,jul_late_2026,0
2026-07-30,ZETA,CQCQ,video_upload_count,jun_early_2026,0
2026-07-30,ZETA,CQCQ,video_upload_count,jun_late_2026,0
2026-07-30,ZETA,CQCQ,video_upload_count,may_early_2026,1
2026-07-30,ZETA,CQCQ,video_upload_count,may_late_2026,0
2026-07-30,ZETA,CQCQ,video_upload_count,regular_season,0
2026-07-30,ZETA,CQCQ,video_view_count,jul_early_2026,0
2026-07-30,ZETA,CQCQ,video_view_count,jul_late_2026,0
2026-07-30,ZETA,CQCQ,video_view_count,jun_early_2026,0
2026-07-30,ZETA,CQCQ,video_view_count,jun_late_2026,0
2026-07-30,ZETA,CQCQ,video_view_count,may_early_2026,32600
2026-07-30,ZETA,CQCQ,video_view_count,may_late_2026,0
2026-07-30,ZETA,CQCQ,video_view_count,regular_season,0
2026-07-30,ZETA,CQCQ,watch_time,jul_early_2026,1808
2026-07-30,ZETA,CQCQ,watch_time,jul_late_2026,12525
2026-07-30,ZETA,CQCQ,watch_time,jun_early_2026,5188
2026-07-30,ZETA,CQCQ,watch_time,jun_late_2026,8316
2026-07-30,ZETA,CQCQ,watch_time,may_early_2026,18546
2026-07-30,ZETA,CQCQ,watch_time,may_late_2026,9708
2026-07-30,ZETA,CQCQ,watch_time,regular_season,12525
2026-07-30,ZETA,CQCQ,youtube_subscribers,current,13600
2026-07-30,ZETA,TBT,followers,current,2561
2026-07-30,ZETA,TBT,stream_duration,apr_late_2026,4.4
2026-07-30,ZETA,TBT,stream_duration,jul_early_2026,3.8
2026-07-30,ZETA,TBT,stream_duration,jul_late_2026,16.7
2026-07-30,ZETA,TBT,stream_duration,jun_early_2026,2.2
2026-07-30,ZETA,TBT,stream_duration,jun_late_2026,19.3
2026-07-30,ZETA,TBT,stream_duration,may_early_2026,0.0
2026-07-30,ZETA,TBT,stream_duration,may_late_2026,16.0
2026-07-30,ZETA,TBT,stream_duration,regular_season,16.7
2026-07-30,ZETA,TBT,video_upload_count,apr_late_2026,2
2026-07-30,ZETA,TBT,video_upload_count,jul_early_2026,0
2026-07-30,ZETA,TBT,video_upload_count,jul_late_2026,0
2026-07-30,ZETA,TBT,video_upload_count,jun_early_2026,0
2026-07-30,ZETA,TBT,video_upload_count,jun_late_2026,0
2026-07-30,ZETA,TBT,video_upload_count,may_early_2026,0
2026-07-30,ZETA,TBT,video_upload_count,may_late_2026,0
2026-07-30,ZETA,TBT,video_upload_count,regular_season,0
2026-07-30,ZETA,TBT,video_view_count,jul_early_2026,0
2026-07-30,ZETA,TBT,video_view_count,jul_late_2026,0
2026-07-30,ZETA,TBT,video_view_count,jun_early_2026,0
2026-07-30,ZETA,TBT,video_view_count,jun_late_2026,0
2026-07-30,ZETA,TBT,video_view_count,may_early_2026,0
2026-07-30,ZETA,TBT,video_view_count,may_late_2026,0
2026-07-30,ZETA,TBT,video_view_count,regular_season,0
2026-07-30,ZETA,TBT,watch_time,jul_early_2026,319
2026-07-30,ZETA,TBT,watch_time,jul_late_2026,1828
2026-07-30,ZETA,TBT,watch_time,jun_early_2026,258
2026-07-30,ZETA,TBT,watch_time,jun_late_2026,1414
2026-07-30,ZETA,TBT,watch_time,may_early_2026,0
2026-07-30,ZETA,TBT,watch_time,may_late_2026,2626
2026-07-30,ZETA,TBT,watch_time,regular_season,1828
2026-07-30,ZETA,TBT,youtube_subscribers,current,1140
2026-07-30,ZETA,ねぎま,followers,current,3220
2026-07-30,ZETA,ねぎま,stream_duration,jul_early_2026,14.6
2026-07-30,ZETA,ねぎま,stream_duration,jul_late_2026,37.6
2026-07-30,ZETA,ねぎま,stream_duration,jun_late_2026,77.4
2026-07-30,ZETA,ねぎま,stream_duration,regular_season,37.6
2026-07-30,ZETA,ねぎま,video_upload_count,jul_early_2026,0
2026-07-30,ZETA,ねぎま,video_upload_count,jul_late_2026,0
2026-07-30,ZETA,ねぎま,video_upload_count,jun_late_2026,1
2026-07-30,ZETA,ねぎま,video_upload_count,regular_season,0
2026-07-30,ZETA,ねぎま,video_view_count,jul_early_2026,0
2026-07-30,ZETA,ねぎま,video_view_count,jul_late_2026,0
2026-07-30,ZETA,ねぎま,video_view_count,regular_season,0
2026-07-30,ZETA,ねぎま,watch_time,jul_early_2026,1479
2026-07-30,ZETA,ねぎま,watch_time,jul_late_2026,6211
2026-07-30,ZETA,ねぎま,watch_time,regular_season,6211
2026-07-30,ZETA,ねぎま,youtube_subscribers,current,1480
2026-07-30,ZETA,ヘイム,followers,current,6320
2026-07-30,ZETA,ヘイム,stream_duration,apr_late_2026,57.1
2026-07-30,ZETA,ヘイム,stream_duration,jul_early_2026,8.1
2026-07-30,ZETA,ヘイム,stream_duration,jul_late_2026,22.7
2026-07-30,ZETA,ヘイム,stream_duration,jun_early_2026,41.3
2026-07-30,ZETA,ヘイム,stream_duration,jun_late_2026,11.1
2026-07-30,ZETA,ヘイム,stream_duration,may_early_2026,63.6
2026-07-30,ZETA,ヘイム,stream_duration,may_late_2026,80.1
2026-07-30,ZETA,ヘイム,stream_duration,regular_season,23.9
2026-07-30,ZETA,ヘイム,video_upload_count,apr_late_2026,0
2026-07-30,ZETA,ヘイム,video_upload_count,jul_early_2026,0
2026-07-30,ZETA,ヘイム,video_upload_count,jul_late_2026,0
2026-07-30,ZETA,ヘイム,video_upload_count,jun_early_2026,0
2026-07-30,ZETA,ヘイム,video_upload_count,jun_late_2026,0
2026-07-30,ZETA,ヘイム,video_upload_count,may_early_2026,0
2026-07-30,ZETA,ヘイム,video_upload_count,may_late_2026,0
2026-07-30,ZETA,ヘイム,video_upload_count,regular_season,0
2026-07-30,ZETA,ヘイム,video_view_count,jul_early_2026,0
2026-07-30,ZETA,ヘイム,video_view_count,jul_late_2026,0
2026-07-30,ZETA,ヘイム,video_view_count,jun_early_2026,0
2026-07-30,ZETA,ヘイム,video_view_count,jun_late_2026,0
2026-07-30,ZETA,ヘイム,video_view_count,may_early_2026,0
2026-07-30,ZETA,ヘイム,video_view_count,may_late_2026,0
2026-07-30,ZETA,ヘイム,video_view_count,regular_season,0
2026-07-30,ZETA,ヘイム,watch_time,jul_early_2026,1205
2026-07-30,ZETA,ヘイム,watch_time,jul_late_2026,6332
2026-07-30,ZETA,ヘイム,watch_time,jun_early_2026,6920
2026-07-30,ZETA,ヘイム,watch_time,jun_late_2026,1119
2026-07-30,ZETA,ヘイム,watch_time,may_early_2026,30598
2026-07-30,ZETA,ヘイム,watch_time,may_late_2026,19810
2026-07-30,ZETA,ヘイム,watch_time,regular_season,6538
2026-07-30,ZETA,ヘイム,youtube_subscribers,current,5050
2026-07-31,CR,Atom,followers,current,13211
2026-07-31,CR,Atom,stream_duration,apr_late_2026,35.5
2026-07-31,CR,Atom,stream_duration,jul_early_2026,0.8
2026-07-31,CR,Atom,stream_duration,jul_late_2026,15.4
2026-07-31,CR,Atom,stream_duration,jun_early_2026,3.6
2026-07-31,CR,Atom,stream_duration,jun_late_2026,0.0
2026-07-31,CR,Atom,stream_duration,may_early_2026,21.2
2026-07-31,CR,Atom,stream_duration,may_late_2026,15.3
2026-07-31,CR,Atom,stream_duration,regular_season,16.2
2026-07-31,CR,Atom,video_upload_count,apr_late_2026,0
2026-07-31,CR,Atom,video_upload_count,jul_early_2026,0
2026-07-31,CR,Atom,video_upload_count,jul_late_2026,0
2026-07-31,CR,Atom,video_upload_count,jun_early_2026,0
2026-07-31,CR,Atom,video_upload_count,jun_late_2026,0
2026-07-31,CR,Atom,video_upload_count,may_early_2026,0
2026-07-31,CR,Atom,video_upload_count,may_late_2026,0
2026-07-31,CR,Atom,video_upload_count,regular_season,0
2026-07-31,CR,Atom,video_view_count,jul_early_2026,0
2026-07-31,CR,Atom,video_view_count,jul_late_2026,0
2026-07-31,CR,Atom,video_view_count,jun_early_2026,0
2026-07-31,CR,Atom,video_view_count,jun_late_2026,0
2026-07-31,CR,Atom,video_view_count,may_early_2026,0
2026-07-31,CR,Atom,video_view_count,may_late_2026,0
2026-07-31,CR,Atom,video_view_count,regular_season,0
2026-07-31,CR,Atom,watch_time,jul_early_2026,209
2026-07-31,CR,Atom,watch_time,jul_late_2026,4353
2026-07-31,CR,Atom,watch_time,jun_early_2026,2778
2026-07-31,CR,Atom,watch_time,jun_late_2026,0
2026-07-31,CR,Atom,watch_time,may_early_2026,17519
2026-07-31,CR,Atom,watch_time,may_late_2026,9365
2026-07-31,CR,Atom,watch_time,regular_season,4564
2026-07-31,CR,Atom,youtube_subscribers,current,8010
2026-07-31,CR,Winter,followers,current,2972
2026-07-31,CR,Winter,stream_duration,apr_late_2026,0.0
2026-07-31,CR,Winter,stream_duration,jul_early_2026,0.0
2026-07-31,CR,Winter,stream_duration,jul_late_2026,15.1
2026-07-31,CR,Winter,stream_duration,jun_early_2026,0.0
2026-07-31,CR,Winter,stream_duration,jun_late_2026,5.5
2026-07-31,CR,Winter,stream_duration,may_early_2026,0.0
2026-07-31,CR,Winter,stream_duration,may_late_2026,4.7
2026-07-31,CR,Winter,stream_duration,regular_season,15.1
2026-07-31,CR,Winter,video_upload_count,apr_late_2026,0
2026-07-31,CR,Winter,video_upload_count,jul_early_2026,0
2026-07-31,CR,Winter,video_upload_count,jul_late_2026,0
2026-07-31,CR,Winter,video_upload_count,jun_early_2026,0
2026-07-31,CR,Winter,video_upload_count,jun_late_2026,0
2026-07-31,CR,Winter,video_upload_count,may_early_2026,0
2026-07-31,CR,Winter,video_upload_count,may_late_2026,0
2026-07-31,CR,Winter,video_upload_count,regular_season,0
2026-07-31,CR,Winter,video_view_count,jul_early_2026,0
2026-07-31,CR,Winter,video_view_count,jul_late_2026,0
2026-07-31,CR,Winter,video_view_count,jun_early_2026,0
2026-07-31,CR,Winter,video_view_count,jun_late_2026,0
2026-07-31,CR,Winter,video_view_count,may_early_2026,0
2026-07-31,CR,Winter,video_view_count,may_late_2026,0
2026-07-31,CR,Winter,video_view_count,regular_season,0
2026-07-31,CR,Winter,watch_time,jul_early_2026,0
2026-07-31,CR,Winter,watch_time,jul_late_2026,825
2026-07-31,CR,Winter,watch_time,jun_early_2026,0
2026-07-31,CR,Winter,watch_time,jun_late_2026,346
2026-07-31,CR,Winter,watch_time,may_early_2026,0
2026-07-31,CR,Winter,watch_time,may_late_2026,260
2026-07-31,CR,Winter,watch_time,regular_season,825
2026-07-31,CR,Winter,youtube_subscribers,current,973
2026-07-31,CR,ふぇぐ,followers,current,34324
2026-07-31,CR,ふぇぐ,stream_duration,jul_early_2026,1.0
2026-07-31,CR,ふぇぐ,stream_duration,jul_late_2026,11.2
2026-07-31,CR,ふぇぐ,stream_duration,jun_late_2026,17.7
2026-07-31,CR,ふぇぐ,stream_duration,regular_season,11.2
2026-07-31,CR,ふぇぐ,video_upload_count,jul_early_2026,0
2026-07-31,CR,ふぇぐ,video_upload_count,jul_late_2026,1
2026-07-31,CR,ふぇぐ,video_upload_count,jun_late_2026,0
2026-07-31,CR,ふぇぐ,video_upload_count,regular_season,1
2026-07-31,CR,ふぇぐ,video_view_count,jul_early_2026,0
2026-07-31,CR,ふぇぐ,video_view_count,jul_late_2026,0
2026-07-31,CR,ふぇぐ,video_view_count,regular_season,0
2026-07-31,CR,ふぇぐ,watch_time,jul_early_2026,80
2026-07-31,CR,ふぇぐ,watch_time,jul_late_2026,1006
2026-07-31,CR,ふぇぐ,watch_time,regular_season,1006
2026-07-31,CR,ふぇぐ,youtube_subscribers,current,6280
2026-07-31,CR,ふえた,followers,current,3751
2026-07-31,CR,ふえた,stream_duration,apr_late_2026,11.3
2026-07-31,CR,ふえた,stream_duration,jul_early_2026,0.0
2026-07-31,CR,ふえた,stream_duration,jul_late_2026,12.6
2026-07-31,CR,ふえた,stream_duration,jun_early_2026,25.3
2026-07-31,CR,ふえた,stream_duration,jun_late_2026,10.4
2026-07-31,CR,ふえた,stream_duration,may_early_2026,0.0
2026-07-31,CR,ふえた,stream_duration,may_late_2026,1.3
2026-07-31,CR,ふえた,stream_duration,regular_season,12.6
2026-07-31,CR,ふえた,video_upload_count,apr_late_2026,0
2026-07-31,CR,ふえた,video_upload_count,jul_early_2026,0
2026-07-31,CR,ふえた,video_upload_count,jul_late_2026,2
2026-07-31,CR,ふえた,video_upload_count,jun_early_2026,0
2026-07-31,CR,ふえた,video_upload_count,jun_late_2026,0
2026-07-31,CR,ふえた,video_upload_count,may_early_2026,0
2026-07-31,CR,ふえた,video_upload_count,may_late_2026,0
2026-07-31,CR,ふえた,video_upload_count,regular_season,2
2026-07-31,CR,ふえた,video_view_count,jul_early_2026,0
2026-07-31,CR,ふえた,video_view_count,jul_late_2026,0
2026-07-31,CR,ふえた,video_view_count,jun_early_2026,0
2026-07-31,CR,ふえた,video_view_count,jun_late_2026,0
2026-07-31,CR,ふえた,video_view_count,may_early_2026,0
2026-07-31,CR,ふえた,video_view_count,may_late_2026,0
2026-07-31,CR,ふえた,video_view_count,regular_season,0
2026-07-31,CR,ふえた,watch_time,jul_early_2026,0
2026-07-31,CR,ふえた,watch_time,jul_late_2026,626
2026-07-31,CR,ふえた,watch_time,jun_early_2026,1221
2026-07-31,CR,ふえた,watch_time,jun_late_2026,742
2026-07-31,CR,ふえた,watch_time,may_early_2026,0
2026-07-31,CR,ふえた,watch_time,may_late_2026,15
2026-07-31,CR,ふえた,watch_time,regular_season,626
2026-07-31,CR,ふえた,youtube_subscribers,current,1160
2026-07-31,CR,空白,followers,current,3910
2026-07-31,CR,空白,stream_duration,apr_late_2026,23.8
2026-07-31,CR,空白,stream_duration,jul_early_2026,0.0
2026-07-31,CR,空白,stream_duration,jul_late_2026,20.7
2026-07-31,CR,空白,stream_duration,jun_early_2026,26.8
2026-07-31,CR,空白,stream_duration,jun_late_2026,20.3
2026-07-31,CR,空白,stream_duration,may_early_2026,24.5
2026-07-31,CR,空白,stream_duration,may_late_2026,33.6
2026-07-31,CR,空白,stream_duration,regular_season,20.7
2026-07-31,CR,空白,video_upload_count,apr_late_2026,0
2026-07-31,CR,空白,video_upload_count,jul_early_2026,0
2026-07-31,CR,空白,video_upload_count,jul_late_2026,0
2026-07-31,CR,空白,video_upload_count,jun_early_2026,0
2026-07-31,CR,空白,video_upload_count,jun_late_2026,0
2026-07-31,CR,空白,video_upload_count,may_early_2026,0
2026-07-31,CR,空白,video_upload_count,may_late_2026,0
2026-07-31,CR,空白,video_upload_count,regular_season,0
2026-07-31,CR,空白,video_view_count,jul_early_2026,0
2026-07-31,CR,空白,video_view_count,jul_late_2026,0
2026-07-31,CR,空白,video_view_count,jun_early_2026,0
2026-07-31,CR,空白,video_view_count,jun_late_2026,0
2026-07-31,CR,空白,video_view_count,may_early_2026,0
2026-07-31,CR,空白,video_view_count,may_late_2026,0
2026-07-31,CR,空白,video_view_count,regular_season,0
2026-07-31,CR,空白,watch_time,jul_early_2026,0
2026-07-31,CR,空白,watch_time,jul_late_2026,722
2026-07-31,CR,空白,watch_time,jun_early_2026,1152
2026-07-31,CR,空白,watch_time,jun_late_2026,2339
2026-07-31,CR,空白,watch_time,may_early_2026,2243
2026-07-31,CR,空白,watch_time,may_late_2026,1811
2026-07-31,CR,空白,watch_time,regular_season,722
2026-07-31,CR,空白,youtube_subscribers,current,1640
2026-07-31,DFM,MingiGod,followers,current,3531
2026-07-31,DFM,MingiGod,stream_duration,jul_early_2026,8.9
2026-07-31,DFM,MingiGod,stream_duration,jul_late_2026,14.9
2026-07-31,DFM,MingiGod,stream_duration,jun_late_2026,16.6
2026-07-31,DFM,MingiGod,stream_duration,regular_season,23.8
2026-07-31,DFM,MingiGod,video_upload_count,jul_early_2026,0
2026-07-31,DFM,MingiGod,video_upload_count,jul_late_2026,0
2026-07-31,DFM,MingiGod,video_upload_count,jun_late_2026,1
2026-07-31,DFM,MingiGod,video_upload_count,regular_season,0
2026-07-31,DFM,MingiGod,video_view_count,jul_early_2026,0
2026-07-31,DFM,MingiGod,video_view_count,jul_late_2026,0
2026-07-31,DFM,MingiGod,video_view_count,regular_season,0
2026-07-31,DFM,MingiGod,watch_time,jul_early_2026,996
2026-07-31,DFM,MingiGod,watch_time,jul_late_2026,1262
2026-07-31,DFM,MingiGod,watch_time,regular_season,2258
2026-07-31,DFM,MingiGod,youtube_subscribers,current,1740
2026-07-31,DFM,かなで,followers,current,2147
2026-07-31,DFM,かなで,stream_duration,apr_late_2026,9.2
2026-07-31,DFM,かなで,stream_duration,jul_early_2026,2.1
2026-07-31,DFM,かなで,stream_duration,jul_late_2026,6.8
2026-07-31,DFM,かなで,stream_duration,jun_early_2026,4.8
2026-07-31,DFM,かなで,stream_duration,jun_late_2026,9.7
2026-07-31,DFM,かなで,stream_duration,may_early_2026,4.5
2026-07-31,DFM,かなで,stream_duration,may_late_2026,9.4
2026-07-31,DFM,かなで,stream_duration,regular_season,6.8
2026-07-31,DFM,かなで,video_upload_count,apr_late_2026,0
2026-07-31,DFM,かなで,video_upload_count,jul_early_2026,0
2026-07-31,DFM,かなで,video_upload_count,jul_late_2026,0
2026-07-31,DFM,かなで,video_upload_count,jun_early_2026,0
2026-07-31,DFM,かなで,video_upload_count,jun_late_2026,0
2026-07-31,DFM,かなで,video_upload_count,may_early_2026,0
2026-07-31,DFM,かなで,video_upload_count,may_late_2026,0
2026-07-31,DFM,かなで,video_upload_count,regular_season,0
2026-07-31,DFM,かなで,video_view_count,jul_early_2026,0
2026-07-31,DFM,かなで,video_view_count,jul_late_2026,0
2026-07-31,DFM,かなで,video_view_count,jun_early_2026,0
2026-07-31,DFM,かなで,video_view_count,jun_late_2026,0
2026-07-31,DFM,かなで,video_view_count,may_early_2026,0
2026-07-31,DFM,かなで,video_view_count,may_late_2026,0
2026-07-31,DFM,かなで,video_view_count,regular_season,0
2026-07-31,DFM,かなで,watch_time,jul_early_2026,52
2026-07-31,DFM,かなで,watch_time,jul_late_2026,141
2026-07-31,DFM,かなで,watch_time,jun_early_2026,73
2026-07-31,DFM,かなで,watch_time,jun_late_2026,301
2026-07-31,DFM,かなで,watch_time,may_early_2026,157
2026-07-31,DFM,かなで,watch_time,may_late_2026,258
2026-07-31,DFM,かなで,watch_time,regular_season,141
2026-07-31,DFM,かなで,youtube_subscribers,current,540
2026-07-31,DFM,ミル,followers,current,14540
2026-07-31,DFM,ミル,stream_duration,apr_late_2026,33.8
2026-07-31,DFM,ミル,stream_duration,jul_early_2026,6.9
2026-07-31,DFM,ミル,stream_duration,jul_late_2026,9.5
2026-07-31,DFM,ミル,stream_duration,jun_early_2026,15.0
2026-07-31,DFM,ミル,stream_duration,jun_late_2026,14.1
2026-07-31,DFM,ミル,stream_duration,may_early_2026,14.1
2026-07-31,DFM,ミル,stream_duration,may_late_2026,23.3
2026-07-31,DFM,ミル,stream_duration,regular_season,16.4
2026-07-31,DFM,ミル,video_upload_count,apr_late_2026,0
2026-07-31,DFM,ミル,video_upload_count,jul_early_2026,0
2026-07-31,DFM,ミル,video_upload_count,jul_late_2026,0
2026-07-31,DFM,ミル,video_upload_count,jun_early_2026,0
2026-07-31,DFM,ミル,video_upload_count,jun_late_2026,0
2026-07-31,DFM,ミル,video_upload_count,may_early_2026,0
2026-07-31,DFM,ミル,video_upload_count,may_late_2026,0
2026-07-31,DFM,ミル,video_upload_count,regular_season,0
2026-07-31,DFM,ミル,video_view_count,jul_early_2026,0
2026-07-31,DFM,ミル,video_view_count,jul_late_2026,0
2026-07-31,DFM,ミル,video_view_count,jun_early_2026,0
2026-07-31,DFM,ミル,video_view_count,jun_late_2026,0
2026-07-31,DFM,ミル,video_view_count,may_early_2026,0
2026-07-31,DFM,ミル,video_view_count,may_late_2026,0
2026-07-31,DFM,ミル,video_view_count,regular_season,0
2026-07-31,DFM,ミル,watch_time,jul_early_2026,321
2026-07-31,DFM,ミル,watch_time,jul_late_2026,210
2026-07-31,DFM,ミル,watch_time,jun_early_2026,2284
2026-07-31,DFM,ミル,watch_time,jun_late_2026,1093
2026-07-31,DFM,ミル,watch_time,may_early_2026,691
2026-07-31,DFM,ミル,watch_time,may_late_2026,1363
2026-07-31,DFM,ミル,watch_time,regular_season,527
2026-07-31,DFM,ミル,youtube_subscribers,current,3950
2026-07-31,DFM,ユーリ,followers,current,14194
2026-07-31,DFM,ユーリ,stream_duration,apr_late_2026,56.4
2026-07-31,DFM,ユーリ,stream_duration,jul_early_2026,9.4
2026-07-31,DFM,ユーリ,stream_duration,jul_late_2026,16.7
2026-07-31,DFM,ユーリ,stream_duration,jun_early_2026,22.3
2026-07-31,DFM,ユーリ,stream_duration,jun_late_2026,27.3
2026-07-31,DFM,ユーリ,stream_duration,may_early_2026,11.7
2026-07-31,DFM,ユーリ,stream_duration,may_late_2026,19.5
2026-07-31,DFM,ユーリ,stream_duration,regular_season,26.1
2026-07-31,DFM,ユーリ,video_upload_count,apr_late_2026,0
2026-07-31,DFM,ユーリ,video_upload_count,jul_early_2026,0
2026-07-31,DFM,ユーリ,video_upload_count,jul_late_2026,0
2026-07-31,DFM,ユーリ,video_upload_count,jun_early_2026,0
2026-07-31,DFM,ユーリ,video_upload_count,jun_late_2026,0
2026-07-31,DFM,ユーリ,video_upload_count,may_early_2026,0
2026-07-31,DFM,ユーリ,video_upload_count,may_late_2026,0
2026-07-31,DFM,ユーリ,video_upload_count,regular_season,0
2026-07-31,DFM,ユーリ,video_view_count,jul_early_2026,0
2026-07-31,DFM,ユーリ,video_view_count,jul_late_2026,0
2026-07-31,DFM,ユーリ,video_view_count,jun_early_2026,0
2026-07-31,DFM,ユーリ,video_view_count,jun_late_2026,0
2026-07-31,DFM,ユーリ,video_view_count,may_early_2026,0
2026-07-31,DFM,ユーリ,video_view_count,may_late_2026,0
2026-07-31,DFM,ユーリ,video_view_count,regular_season,0
2026-07-31,DFM,ユーリ,watch_time,jul_early_2026,11134
2026-07-31,DFM,ユーリ,watch_time,jul_late_2026,5765
2026-07-31,DFM,ユーリ,watch_time,jun_early_2026,14677
2026-07-31,DFM,ユーリ,watch_time,jun_late_2026,18125
2026-07-31,DFM,ユーリ,watch_time,may_early_2026,8667
2026-07-31,DFM,ユーリ,watch_time,may_late_2026,11953
2026-07-31,DFM,ユーリ,watch_time,regular_season,17000
2026-07-31,DFM,ユーリ,youtube_subscribers,current,12300
2026-07-31,LVH,Era53,followers,current,12670
2026-07-31,LVH,Era53,stream_duration,apr_late_2026,52.3
2026-07-31,LVH,Era53,stream_duration,jul_early_2026,14.2
2026-07-31,LVH,Era53,stream_duration,jul_late_2026,25.2
2026-07-31,LVH,Era53,stream_duration,jun_early_2026,52.1
2026-07-31,LVH,Era53,stream_duration,jun_late_2026,38.9
2026-07-31,LVH,Era53,stream_duration,may_early_2026,14.4
2026-07-31,LVH,Era53,stream_duration,may_late_2026,67.1
2026-07-31,LVH,Era53,stream_duration,regular_season,34.8
2026-07-31,LVH,Era53,video_upload_count,apr_late_2026,0
2026-07-31,LVH,Era53,video_upload_count,jul_early_2026,0
2026-07-31,LVH,Era53,video_upload_count,jul_late_2026,0
2026-07-31,LVH,Era53,video_upload_count,jun_early_2026,0
2026-07-31,LVH,Era53,video_upload_count,jun_late_2026,0
2026-07-31,LVH,Era53,video_upload_count,may_early_2026,0
2026-07-31,LVH,Era53,video_upload_count,may_late_2026,0
2026-07-31,LVH,Era53,video_upload_count,regular_season,0
2026-07-31,LVH,Era53,video_view_count,jul_early_2026,0
2026-07-31,LVH,Era53,video_view_count,jul_late_2026,0
2026-07-31,LVH,Era53,video_view_count,jun_early_2026,0
2026-07-31,LVH,Era53,video_view_count,jun_late_2026,0
2026-07-31,LVH,Era53,video_view_count,may_early_2026,0
2026-07-31,LVH,Era53,video_view_count,may_late_2026,0
2026-07-31,LVH,Era53,video_view_count,regular_season,0
2026-07-31,LVH,Era53,watch_time,jul_early_2026,23904
2026-07-31,LVH,Era53,watch_time,jul_late_2026,29897
2026-07-31,LVH,Era53,watch_time,jun_early_2026,28528
2026-07-31,LVH,Era53,watch_time,jun_late_2026,34566
2026-07-31,LVH,Era53,watch_time,may_early_2026,12339
2026-07-31,LVH,Era53,watch_time,may_late_2026,54486
2026-07-31,LVH,Era53,watch_time,regular_season,49797
2026-07-31,LVH,Era53,youtube_subscribers,current,15800
2026-07-31,LVH,Hirobosu,followers,current,2920
2026-07-31,LVH,Hirobosu,stream_duration,jul_early_2026,0.0
2026-07-31,LVH,Hirobosu,stream_duration,jul_late_2026,0.0
2026-07-31,LVH,Hirobosu,stream_duration,jun_late_2026,0.0
2026-07-31,LVH,Hirobosu,stream_duration,regular_season,0.0
2026-07-31,LVH,Hirobosu,video_upload_count,jul_early_2026,0
2026-07-31,LVH,Hirobosu,video_upload_count,jul_late_2026,0
2026-07-31,LVH,Hirobosu,video_upload_count,jun_late_2026,0
2026-07-31,LVH,Hirobosu,video_upload_count,regular_season,0
2026-07-31,LVH,Hirobosu,video_view_count,jul_early_2026,0
2026-07-31,LVH,Hirobosu,video_view_count,jul_late_2026,0
2026-07-31,LVH,Hirobosu,video_view_count,regular_season,0
2026-07-31,LVH,Hirobosu,watch_time,jul_early_2026,0
2026-07-31,LVH,Hirobosu,watch_time,jul_late_2026,0
2026-07-31,LVH,Hirobosu,watch_time,regular_season,0
2026-07-31,LVH,Hirobosu,youtube_subscribers,current,448
2026-07-31,LVH,rikka,followers,current,13707
2026-07-31,LVH,rikka,stream_duration,apr_late_2026,50.5
2026-07-31,LVH,rikka,stream_duration,jul_early_2026,8.0
2026-07-31,LVH,rikka,stream_duration,jul_late_2026,19.1
2026-07-31,LVH,rikka,stream_duration,jun_early_2026,32.2
2026-07-31,LVH,rikka,stream_duration,jun_late_2026,33.0
2026-07-31,LVH,rikka,stream_duration,may_early_2026,39.5
2026-07-31,LVH,rikka,stream_duration,may_late_2026,7.5
2026-07-31,LVH,rikka,stream_duration,regular_season,19.1
2026-07-31,LVH,rikka,video_upload_count,apr_late_2026,0
2026-07-31,LVH,rikka,video_upload_count,jul_early_2026,0
2026-07-31,LVH,rikka,video_upload_count,jul_late_2026,0
2026-07-31,LVH,rikka,video_upload_count,jun_early_2026,0
2026-07-31,LVH,rikka,video_upload_count,jun_late_2026,0
2026-07-31,LVH,rikka,video_upload_count,may_early_2026,0
2026-07-31,LVH,rikka,video_upload_count,may_late_2026,0
2026-07-31,LVH,rikka,video_upload_count,regular_season,0
2026-07-31,LVH,rikka,video_view_count,jul_early_2026,0
2026-07-31,LVH,rikka,video_view_count,jul_late_2026,0
2026-07-31,LVH,rikka,video_view_count,jun_early_2026,0
2026-07-31,LVH,rikka,video_view_count,jun_late_2026,0
2026-07-31,LVH,rikka,video_view_count,may_early_2026,0
2026-07-31,LVH,rikka,video_view_count,may_late_2026,0
2026-07-31,LVH,rikka,video_view_count,regular_season,0
2026-07-31,LVH,rikka,watch_time,jul_early_2026,3688
2026-07-31,LVH,rikka,watch_time,jul_late_2026,18976
2026-07-31,LVH,rikka,watch_time,jun_early_2026,13078
2026-07-31,LVH,rikka,watch_time,jun_late_2026,16924
2026-07-31,LVH,rikka,watch_time,may_early_2026,28442
2026-07-31,LVH,rikka,watch_time,may_late_2026,2528
2026-07-31,LVH,rikka,watch_time,regular_season,18976
2026-07-31,LVH,rikka,youtube_subscribers,current,12500
2026-07-31,LVH,だーよね,followers,current,3201
2026-07-31,LVH,だーよね,stream_duration,apr_late_2026,5.6
2026-07-31,LVH,だーよね,stream_duration,jul_early_2026,4.3
2026-07-31,LVH,だーよね,stream_duration,jul_late_2026,12.0
2026-07-31,LVH,だーよね,stream_duration,jun_early_2026,11.2
2026-07-31,LVH,だーよね,stream_duration,jun_late_2026,9.2
2026-07-31,LVH,だーよね,stream_duration,may_early_2026,18.7
2026-07-31,LVH,だーよね,stream_duration,may_late_2026,17.3
2026-07-31,LVH,だーよね,stream_duration,regular_season,12.0
2026-07-31,LVH,だーよね,video_upload_count,apr_late_2026,0
2026-07-31,LVH,だーよね,video_upload_count,jul_early_2026,0
2026-07-31,LVH,だーよね,video_upload_count,jul_late_2026,0
2026-07-31,LVH,だーよね,video_upload_count,jun_early_2026,0
2026-07-31,LVH,だーよね,video_upload_count,jun_late_2026,0
2026-07-31,LVH,だーよね,video_upload_count,may_early_2026,0
2026-07-31,LVH,だーよね,video_upload_count,may_late_2026,0
2026-07-31,LVH,だーよね,video_upload_count,regular_season,0
2026-07-31,LVH,だーよね,video_view_count,jul_early_2026,0
2026-07-31,LVH,だーよね,video_view_count,jul_late_2026,0
2026-07-31,LVH,だーよね,video_view_count,jun_early_2026,0
2026-07-31,LVH,だーよね,video_view_count,jun_late_2026,0
2026-07-31,LVH,だーよね,video_view_count,may_early_2026,0
2026-07-31,LVH,だーよね,video_view_count,may_late_2026,0
2026-07-31,LVH,だーよね,video_view_count,regular_season,0
2026-07-31,LVH,だーよね,watch_time,jul_early_2026,546
2026-07-31,LVH,だーよね,watch_time,jul_late_2026,1776
2026-07-31,LVH,だーよね,watch_time,jun_early_2026,866
2026-07-31,LVH,だーよね,watch_time,jun_late_2026,1013
2026-07-31,LVH,だーよね,watch_time,may_early_2026,2621
2026-07-31,LVH,だーよね,watch_time,may_late_2026,1566
2026-07-31,LVH,だーよね,watch_time,regular_season,1776
2026-07-31,LVH,だーよね,youtube_subscribers,current,1520
2026-07-31,LVH,智念せいら,followers,current,15468
2026-07-31,LVH,智念せいら,stream_duration,jul_early_2026,19.6
2026-07-31,LVH,智念せいら,stream_duration,jul_late_2026,21.5
2026-07-31,LVH,智念せいら,stream_duration,jun_late_2026,17.6
2026-07-31,LVH,智念せいら,stream_duration,regular_season,28.7
2026-07-31,LVH,智念せいら,video_upload_count,jul_early_2026,9
2026-07-31,LVH,智念せいら,video_upload_count,jul_late_2026,2
2026-07-31,LVH,智念せいら,video_upload_count,jun_late_2026,6
2026-07-31,LVH,智念せいら,video_upload_count,regular_season,7
2026-07-31,LVH,智念せいら,video_view_count,jul_early_2026,617975
2026-07-31,LVH,智念せいら,video_view_count,jul_late_2026,148648
2026-07-31,LVH,智念せいら,video_view_count,regular_season,545964
2026-07-31,LVH,智念せいら,watch_time,jul_early_2026,30693
2026-07-31,LVH,智念せいら,watch_time,jul_late_2026,26610
2026-07-31,LVH,智念せいら,watch_time,regular_season,34707
2026-07-31,LVH,智念せいら,youtube_subscribers,current,60700
2026-07-31,MRG,Spicies,followers,current,32938
2026-07-31,MRG,Spicies,stream_duration,apr_late_2026,97.2
2026-07-31,MRG,Spicies,stream_duration,jul_early_2026,22.0
2026-07-31,MRG,Spicies,stream_duration,jul_late_2026,20.6
2026-07-31,MRG,Spicies,stream_duration,jun_early_2026,84.2
2026-07-31,MRG,Spicies,stream_duration,jun_late_2026,55.6
2026-07-31,MRG,Spicies,stream_duration,may_early_2026,40.3
2026-07-31,MRG,Spicies,stream_duration,may_late_2026,52.1
2026-07-31,MRG,Spicies,stream_duration,regular_season,29.9
2026-07-31,MRG,Spicies,video_upload_count,apr_late_2026,12
2026-07-31,MRG,Spicies,video_upload_count,jul_early_2026,2
2026-07-31,MRG,Spicies,video_upload_count,jul_late_2026,1
2026-07-31,MRG,Spicies,video_upload_count,jun_early_2026,3
2026-07-31,MRG,Spicies,video_upload_count,jun_late_2026,4
2026-07-31,MRG,Spicies,video_upload_count,may_early_2026,6
2026-07-31,MRG,Spicies,video_upload_count,may_late_2026,5
2026-07-31,MRG,Spicies,video_upload_count,regular_season,2
2026-07-31,MRG,Spicies,video_view_count,jul_early_2026,54296
2026-07-31,MRG,Spicies,video_view_count,jul_late_2026,0
2026-07-31,MRG,Spicies,video_view_count,jun_early_2026,44105
2026-07-31,MRG,Spicies,video_view_count,jun_late_2026,103158
2026-07-31,MRG,Spicies,video_view_count,may_early_2026,167728
2026-07-31,MRG,Spicies,video_view_count,may_late_2026,96387
2026-07-31,MRG,Spicies,video_view_count,regular_season,23230
2026-07-31,MRG,Spicies,watch_time,jul_early_2026,47762
2026-07-31,MRG,Spicies,watch_time,jul_late_2026,28397
2026-07-31,MRG,Spicies,watch_time,jun_early_2026,105722
2026-07-31,MRG,Spicies,watch_time,jun_late_2026,122304
2026-07-31,MRG,Spicies,watch_time,may_early_2026,99977
2026-07-31,MRG,Spicies,watch_time,may_late_2026,89154
2026-07-31,MRG,Spicies,watch_time,regular_season,51153
2026-07-31,MRG,Spicies,youtube_subscribers,current,42100
2026-07-31,MRG,Toby,followers,current,18890
2026-07-31,MRG,Toby,stream_duration,apr_late_2026,39.2
2026-07-31,MRG,Toby,stream_duration,jul_early_2026,12.6
2026-07-31,MRG,Toby,stream_duration,jul_late_2026,2.4
2026-07-31,MRG,Toby,stream_duration,jun_early_2026,6.3
2026-07-31,MRG,Toby,stream_duration,jun_late_2026,32.7
2026-07-31,MRG,Toby,stream_duration,may_early_2026,18.5
2026-07-31,MRG,Toby,stream_duration,may_late_2026,25.8
2026-07-31,MRG,Toby,stream_duration,regular_season,7.3
2026-07-31,MRG,Toby,video_upload_count,apr_late_2026,0
2026-07-31,MRG,Toby,video_upload_count,jul_early_2026,0
2026-07-31,MRG,Toby,video_upload_count,jul_late_2026,0
2026-07-31,MRG,Toby,video_upload_count,jun_early_2026,0
2026-07-31,MRG,Toby,video_upload_count,jun_late_2026,2
2026-07-31,MRG,Toby,video_upload_count,may_early_2026,0
2026-07-31,MRG,Toby,video_upload_count,may_late_2026,0
2026-07-31,MRG,Toby,video_upload_count,regular_season,0
2026-07-31,MRG,Toby,video_view_count,jul_early_2026,0
2026-07-31,MRG,Toby,video_view_count,jul_late_2026,0
2026-07-31,MRG,Toby,video_view_count,jun_early_2026,0
2026-07-31,MRG,Toby,video_view_count,jun_late_2026,14358
2026-07-31,MRG,Toby,video_view_count,may_early_2026,0
2026-07-31,MRG,Toby,video_view_count,may_late_2026,0
2026-07-31,MRG,Toby,video_view_count,regular_season,0
2026-07-31,MRG,Toby,watch_time,jul_early_2026,19385
2026-07-31,MRG,Toby,watch_time,jul_late_2026,3958
2026-07-31,MRG,Toby,watch_time,jun_early_2026,4704
2026-07-31,MRG,Toby,watch_time,jun_late_2026,66426
2026-07-31,MRG,Toby,watch_time,may_early_2026,28670
2026-07-31,MRG,Toby,watch_time,may_late_2026,19931
2026-07-31,MRG,Toby,watch_time,regular_season,10295
2026-07-31,MRG,Toby,youtube_subscribers,current,16700
2026-07-31,MRG,glory,followers,current,14959
2026-07-31,MRG,glory,stream_duration,apr_late_2026,82.8
2026-07-31,MRG,glory,stream_duration,jul_early_2026,33.2
2026-07-31,MRG,glory,stream_duration,jul_late_2026,28.6
2026-07-31,MRG,glory,stream_duration,jun_early_2026,64.5
2026-07-31,MRG,glory,stream_duration,jun_late_2026,61.2
2026-07-31,MRG,glory,stream_duration,may_early_2026,48.3
2026-07-31,MRG,glory,stream_duration,may_late_2026,82.8
2026-07-31,MRG,glory,stream_duration,regular_season,43.7
2026-07-31,MRG,glory,video_upload_count,apr_late_2026,0
2026-07-31,MRG,glory,video_upload_count,jul_early_2026,0
2026-07-31,MRG,glory,video_upload_count,jul_late_2026,0
2026-07-31,MRG,glory,video_upload_count,jun_early_2026,0
2026-07-31,MRG,glory,video_upload_count,jun_late_2026,0
2026-07-31,MRG,glory,video_upload_count,may_early_2026,0
2026-07-31,MRG,glory,video_upload_count,may_late_2026,0
2026-07-31,MRG,glory,video_upload_count,regular_season,0
2026-07-31,MRG,glory,video_view_count,jul_early_2026,0
2026-07-31,MRG,glory,video_view_count,jul_late_2026,0
2026-07-31,MRG,glory,video_view_count,jun_early_2026,0
2026-07-31,MRG,glory,video_view_count,jun_late_2026,0
2026-07-31,MRG,glory,video_view_count,may_early_2026,0
2026-07-31,MRG,glory,video_view_count,may_late_2026,0
2026-07-31,MRG,glory,video_view_count,regular_season,0
2026-07-31,MRG,glory,watch_time,jul_early_2026,28636
2026-07-31,MRG,glory,watch_time,jul_late_2026,31369
2026-07-31,MRG,glory,watch_time,jun_early_2026,23062
2026-07-31,MRG,glory,watch_time,jun_late_2026,29182
2026-07-31,MRG,glory,watch_time,may_early_2026,28275
2026-07-31,MRG,glory,watch_time,may_late_2026,42240
2026-07-31,MRG,glory,watch_time,regular_season,45050
2026-07-31,MRG,glory,youtube_subscribers,current,7960
2026-07-31,MRG,もっちゃま,followers,current,10033
2026-07-31,MRG,もっちゃま,stream_duration,jul_early_2026,82.5
2026-07-31,MRG,もっちゃま,stream_duration,jul_late_2026,60.1
2026-07-31,MRG,もっちゃま,stream_duration,jun_late_2026,40.9
2026-07-31,MRG,もっちゃま,stream_duration,regular_season,73.7
2026-07-31,MRG,もっちゃま,video_upload_count,jul_early_2026,0
2026-07-31,MRG,もっちゃま,video_upload_count,jul_late_2026,0
2026-07-31,MRG,もっちゃま,video_upload_count,jun_late_2026,0
2026-07-31,MRG,もっちゃま,video_upload_count,regular_season,0
2026-07-31,MRG,もっちゃま,video_view_count,jul_early_2026,0
2026-07-31,MRG,もっちゃま,video_view_count,jul_late_2026,0
2026-07-31,MRG,もっちゃま,video_view_count,regular_season,0
2026-07-31,MRG,もっちゃま,watch_time,jul_early_2026,116677
2026-07-31,MRG,もっちゃま,watch_time,jul_late_2026,93566
2026-07-31,MRG,もっちゃま,watch_time,regular_season,116619
2026-07-31,MRG,もっちゃま,youtube_subscribers,current,17900
2026-07-31,MRG,マイト,followers,current,11478
2026-07-31,MRG,マイト,stream_duration,apr_late_2026,90.4
2026-07-31,MRG,マイト,stream_duration,jul_early_2026,22.0
2026-07-31,MRG,マイト,stream_duration,jul_late_2026,9.9
2026-07-31,MRG,マイト,stream_duration,jun_early_2026,54.9
2026-07-31,MRG,マイト,stream_duration,jun_late_2026,51.3
2026-07-31,MRG,マイト,stream_duration,may_early_2026,49.9
2026-07-31,MRG,マイト,stream_duration,may_late_2026,60.4
2026-07-31,MRG,マイト,stream_duration,regular_season,11.8
2026-07-31,MRG,マイト,video_upload_count,apr_late_2026,1
2026-07-31,MRG,マイト,video_upload_count,jul_early_2026,3
2026-07-31,MRG,マイト,video_upload_count,jul_late_2026,3
2026-07-31,MRG,マイト,video_upload_count,jun_early_2026,0
2026-07-31,MRG,マイト,video_upload_count,jun_late_2026,4
2026-07-31,MRG,マイト,video_upload_count,may_early_2026,0
2026-07-31,MRG,マイト,video_upload_count,may_late_2026,0
2026-07-31,MRG,マイト,video_upload_count,regular_season,3
2026-07-31,MRG,マイト,video_view_count,jul_early_2026,50094
2026-07-31,MRG,マイト,video_view_count,jul_late_2026,31948
2026-07-31,MRG,マイト,video_view_count,jun_early_2026,0
2026-07-31,MRG,マイト,video_view_count,jun_late_2026,52957
2026-07-31,MRG,マイト,video_view_count,may_early_2026,0
2026-07-31,MRG,マイト,video_view_count,may_late_2026,0
2026-07-31,MRG,マイト,video_view_count,regular_season,31948
2026-07-31,MRG,マイト,watch_time,jul_early_2026,34758
2026-07-31,MRG,マイト,watch_time,jul_late_2026,9407
2026-07-31,MRG,マイト,watch_time,jun_early_2026,58593
2026-07-31,MRG,マイト,watch_time,jun_late_2026,66965
2026-07-31,MRG,マイト,watch_time,may_early_2026,73329
2026-07-31,MRG,マイト,watch_time,may_late_2026,80542
2026-07-31,MRG,マイト,watch_time,regular_season,11360
2026-07-31,MRG,マイト,youtube_subscribers,current,35800
2026-07-31,RC,あぐのむ,followers,current,27318
2026-07-31,RC,あぐのむ,stream_duration,apr_late_2026,12.7
2026-07-31,RC,あぐのむ,stream_duration,jul_early_2026,7.4
2026-07-31,RC,あぐのむ,stream_duration,jul_late_2026,1.4
2026-07-31,RC,あぐのむ,stream_duration,jun_early_2026,18.5
2026-07-31,RC,あぐのむ,stream_duration,jun_late_2026,6.1
2026-07-31,RC,あぐのむ,stream_duration,may_early_2026,12.4
2026-07-31,RC,あぐのむ,stream_duration,may_late_2026,0.9
2026-07-31,RC,あぐのむ,stream_duration,regular_season,8.8
2026-07-31,RC,あぐのむ,video_upload_count,apr_late_2026,2
2026-07-31,RC,あぐのむ,video_upload_count,jul_early_2026,1
2026-07-31,RC,あぐのむ,video_upload_count,jul_late_2026,0
2026-07-31,RC,あぐのむ,video_upload_count,jun_early_2026,0
2026-07-31,RC,あぐのむ,video_upload_count,jun_late_2026,3
2026-07-31,RC,あぐのむ,video_upload_count,may_early_2026,2
2026-07-31,RC,あぐのむ,video_upload_count,may_late_2026,0
2026-07-31,RC,あぐのむ,video_upload_count,regular_season,0
2026-07-31,RC,あぐのむ,video_view_count,jul_early_2026,17335
2026-07-31,RC,あぐのむ,video_view_count,jul_late_2026,0
2026-07-31,RC,あぐのむ,video_view_count,jun_early_2026,0
2026-07-31,RC,あぐのむ,video_view_count,jun_late_2026,52049
2026-07-31,RC,あぐのむ,video_view_count,may_early_2026,20087
2026-07-31,RC,あぐのむ,video_view_count,may_late_2026,0
2026-07-31,RC,あぐのむ,video_view_count,regular_season,0
2026-07-31,RC,あぐのむ,watch_time,jul_early_2026,4303
2026-07-31,RC,あぐのむ,watch_time,jul_late_2026,1014
2026-07-31,RC,あぐのむ,watch_time,jun_early_2026,3773
2026-07-31,RC,あぐのむ,watch_time,jun_late_2026,1718
2026-07-31,RC,あぐのむ,watch_time,may_early_2026,7048
2026-07-31,RC,あぐのむ,watch_time,may_late_2026,45
2026-07-31,RC,あぐのむ,watch_time,regular_season,5311
2026-07-31,RC,あぐのむ,youtube_subscribers,current,35400
2026-07-31,RC,たばた,followers,current,11338
2026-07-31,RC,たばた,stream_duration,apr_late_2026,3.1
2026-07-31,RC,たばた,stream_duration,jul_early_2026,9.6
2026-07-31,RC,たばた,stream_duration,jul_late_2026,8.3
2026-07-31,RC,たばた,stream_duration,jun_early_2026,49.8
2026-07-31,RC,たばた,stream_duration,jun_late_2026,19.5
2026-07-31,RC,たばた,stream_duration,may_early_2026,4.0
2026-07-31,RC,たばた,stream_duration,may_late_2026,4.6
2026-07-31,RC,たばた,stream_duration,regular_season,9.5
2026-07-31,RC,たばた,video_upload_count,apr_late_2026,0
2026-07-31,RC,たばた,video_upload_count,jul_early_2026,0
2026-07-31,RC,たばた,video_upload_count,jul_late_2026,3
2026-07-31,RC,たばた,video_upload_count,jun_early_2026,1
2026-07-31,RC,たばた,video_upload_count,jun_late_2026,2
2026-07-31,RC,たばた,video_upload_count,may_early_2026,0
2026-07-31,RC,たばた,video_upload_count,may_late_2026,1
2026-07-31,RC,たばた,video_upload_count,regular_season,3
2026-07-31,RC,たばた,video_view_count,jul_early_2026,0
2026-07-31,RC,たばた,video_view_count,jul_late_2026,10813
2026-07-31,RC,たばた,video_view_count,jun_early_2026,2922
2026-07-31,RC,たばた,video_view_count,jun_late_2026,7648
2026-07-31,RC,たばた,video_view_count,may_early_2026,0
2026-07-31,RC,たばた,video_view_count,may_late_2026,3273
2026-07-31,RC,たばた,video_view_count,regular_season,10813
2026-07-31,RC,たばた,watch_time,jul_early_2026,982
2026-07-31,RC,たばた,watch_time,jul_late_2026,2352
2026-07-31,RC,たばた,watch_time,jun_early_2026,3924
2026-07-31,RC,たばた,watch_time,jun_late_2026,1715
2026-07-31,RC,たばた,watch_time,may_early_2026,75
2026-07-31,RC,たばた,watch_time,may_late_2026,101
2026-07-31,RC,たばた,watch_time,regular_season,2616
2026-07-31,RC,たばた,youtube_subscribers,current,3950
2026-07-31,RC,つきあかめん,followers,current,3664
2026-07-31,RC,つきあかめん,stream_duration,jul_early_2026,43.3
2026-07-31,RC,つきあかめん,stream_duration,jul_late_2026,40.3
2026-07-31,RC,つきあかめん,stream_duration,jun_late_2026,41.7
2026-07-31,RC,つきあかめん,stream_duration,regular_season,52.0
2026-07-31,RC,つきあかめん,video_upload_count,jul_early_2026,3
2026-07-31,RC,つきあかめん,video_upload_count,jul_late_2026,1
2026-07-31,RC,つきあかめん,video_upload_count,jun_late_2026,1
2026-07-31,RC,つきあかめん,video_upload_count,regular_season,1
2026-07-31,RC,つきあかめん,video_view_count,jul_early_2026,34698
2026-07-31,RC,つきあかめん,video_view_count,jul_late_2026,0
2026-07-31,RC,つきあかめん,video_view_count,regular_season,0
2026-07-31,RC,つきあかめん,watch_time,jul_early_2026,17481
2026-07-31,RC,つきあかめん,watch_time,jul_late_2026,14438
2026-07-31,RC,つきあかめん,watch_time,regular_season,20372
2026-07-31,RC,つきあかめん,youtube_subscribers,current,6840
2026-07-31,RC,ぱらちゃん,followers,current,34713
2026-07-31,RC,ぱらちゃん,stream_duration,apr_late_2026,54.1
2026-07-31,RC,ぱらちゃん,stream_duration,jul_early_2026,37.5
2026-07-31,RC,ぱらちゃん,stream_duration,jul_late_2026,33.0
2026-07-31,RC,ぱらちゃん,stream_duration,jun_early_2026,20.4
2026-07-31,RC,ぱらちゃん,stream_duration,jun_late_2026,35.2
2026-07-31,RC,ぱらちゃん,stream_duration,may_early_2026,37.5
2026-07-31,RC,ぱらちゃん,stream_duration,may_late_2026,48.8
2026-07-31,RC,ぱらちゃん,stream_duration,regular_season,45.0
2026-07-31,RC,ぱらちゃん,video_upload_count,apr_late_2026,2
2026-07-31,RC,ぱらちゃん,video_upload_count,jul_early_2026,0
2026-07-31,RC,ぱらちゃん,video_upload_count,jul_late_2026,0
2026-07-31,RC,ぱらちゃん,video_upload_count,jun_early_2026,1
2026-07-31,RC,ぱらちゃん,video_upload_count,jun_late_2026,1
2026-07-31,RC,ぱらちゃん,video_upload_count,may_early_2026,9
2026-07-31,RC,ぱらちゃん,video_upload_count,may_late_2026,4
2026-07-31,RC,ぱらちゃん,video_upload_count,regular_season,0
2026-07-31,RC,ぱらちゃん,video_view_count,jul_early_2026,0
2026-07-31,RC,ぱらちゃん,video_view_count,jul_late_2026,0
2026-07-31,RC,ぱらちゃん,video_view_count,jun_early_2026,16237
2026-07-31,RC,ぱらちゃん,video_view_count,jun_late_2026,27561
2026-07-31,RC,ぱらちゃん,video_view_count,may_early_2026,159462
2026-07-31,RC,ぱらちゃん,video_view_count,may_late_2026,76393
2026-07-31,RC,ぱらちゃん,video_view_count,regular_season,0
2026-07-31,RC,ぱらちゃん,watch_time,jul_early_2026,47653
2026-07-31,RC,ぱらちゃん,watch_time,jul_late_2026,28629
2026-07-31,RC,ぱらちゃん,watch_time,jun_early_2026,14828
2026-07-31,RC,ぱらちゃん,watch_time,jun_late_2026,41002
2026-07-31,RC,ぱらちゃん,watch_time,may_early_2026,54871
2026-07-31,RC,ぱらちゃん,watch_time,may_late_2026,47272
2026-07-31,RC,ぱらちゃん,watch_time,regular_season,40900
2026-07-31,RC,ぱらちゃん,youtube_subscribers,current,45599
2026-07-31,RC,拓海,followers,current,10264
2026-07-31,RC,拓海,stream_duration,apr_late_2026,26.1
2026-07-31,RC,拓海,stream_duration,jul_early_2026,30.3
2026-07-31,RC,拓海,stream_duration,jul_late_2026,36.4
2026-07-31,RC,拓海,stream_duration,jun_early_2026,0.0
2026-07-31,RC,拓海,stream_duration,jun_late_2026,55.1
2026-07-31,RC,拓海,stream_duration,may_early_2026,33.3
2026-07-31,RC,拓海,stream_duration,may_late_2026,14.7
2026-07-31,RC,拓海,stream_duration,regular_season,43.6
2026-07-31,RC,拓海,video_upload_count,apr_late_2026,0
2026-07-31,RC,拓海,video_upload_count,jul_early_2026,1
2026-07-31,RC,拓海,video_upload_count,jul_late_2026,0
2026-07-31,RC,拓海,video_upload_count,jun_early_2026,2
2026-07-31,RC,拓海,video_upload_count,jun_late_2026,1
2026-07-31,RC,拓海,video_upload_count,may_early_2026,0
2026-07-31,RC,拓海,video_upload_count,may_late_2026,0
2026-07-31,RC,拓海,video_upload_count,regular_season,0
2026-07-31,RC,拓海,video_view_count,jul_early_2026,6767
2026-07-31,RC,拓海,video_view_count,jul_late_2026,0
2026-07-31,RC,拓海,video_view_count,jun_early_2026,32895
2026-07-31,RC,拓海,video_view_count,jun_late_2026,5275
2026-07-31,RC,拓海,video_view_count,may_early_2026,0
2026-07-31,RC,拓海,video_view_count,may_late_2026,0
2026-07-31,RC,拓海,video_view_count,regular_season,0
2026-07-31,RC,拓海,watch_time,jul_early_2026,5850
2026-07-31,RC,拓海,watch_time,jul_late_2026,8114
2026-07-31,RC,拓海,watch_time,jun_early_2026,0
2026-07-31,RC,拓海,watch_time,jun_late_2026,5019
2026-07-31,RC,拓海,watch_time,may_early_2026,2915
2026-07-31,RC,拓海,watch_time,may_late_2026,978
2026-07-31,RC,拓海,watch_time,regular_season,9245
2026-07-31,RC,拓海,youtube_subscribers,current,5520
2026-07-31,RDL,Chappy,followers,current,2571
2026-07-31,RDL,Chappy,stream_duration,jul_early_2026,78.2
2026-07-31,RDL,Chappy,stream_duration,jul_late_2026,29.5
2026-07-31,RDL,Chappy,stream_duration,jun_late_2026,93.0
2026-07-31,RDL,Chappy,stream_duration,regular_season,43.7
2026-07-31,RDL,Chappy,video_upload_count,jul_early_2026,0
2026-07-31,RDL,Chappy,video_upload_count,jul_late_2026,0
2026-07-31,RDL,Chappy,video_upload_count,jun_late_2026,0
2026-07-31,RDL,Chappy,video_upload_count,regular_season,0
2026-07-31,RDL,Chappy,video_view_count,jul_early_2026,0
2026-07-31,RDL,Chappy,video_view_count,jul_late_2026,0
2026-07-31,RDL,Chappy,video_view_count,regular_season,0
2026-07-31,RDL,Chappy,watch_time,jul_early_2026,11737
2026-07-31,RDL,Chappy,watch_time,jul_late_2026,3130
2026-07-31,RDL,Chappy,watch_time,regular_season,5054
2026-07-31,RDL,Stylish_deko,followers,current,1641
2026-07-31,RDL,Stylish_deko,stream_duration,jul_early_2026,29.9
2026-07-31,RDL,Stylish_deko,stream_duration,jul_late_2026,17.5
2026-07-31,RDL,Stylish_deko,stream_duration,jun_late_2026,39.0
2026-07-31,RDL,Stylish_deko,stream_duration,regular_season,22.6
2026-07-31,RDL,Stylish_deko,video_upload_count,jul_early_2026,1
2026-07-31,RDL,Stylish_deko,video_upload_count,jul_late_2026,0
2026-07-31,RDL,Stylish_deko,video_upload_count,jun_late_2026,2
2026-07-31,RDL,Stylish_deko,video_upload_count,regular_season,0
2026-07-31,RDL,Stylish_deko,video_view_count,jul_early_2026,932
2026-07-31,RDL,Stylish_deko,video_view_count,jul_late_2026,0
2026-07-31,RDL,Stylish_deko,video_view_count,regular_season,0
2026-07-31,RDL,Stylish_deko,watch_time,jul_early_2026,1858
2026-07-31,RDL,Stylish_deko,watch_time,jul_late_2026,1179
2026-07-31,RDL,Stylish_deko,watch_time,regular_season,1327
2026-07-31,RDL,Stylish_deko,youtube_subscribers,current,480
2026-07-31,RDL,ぱんさく,followers,current,1137
2026-07-31,RDL,ぱんさく,stream_duration,jul_early_2026,5.5
2026-07-31,RDL,ぱんさく,stream_duration,jul_late_2026,1.1
2026-07-31,RDL,ぱんさく,stream_duration,jun_late_2026,15.8
2026-07-31,RDL,ぱんさく,stream_duration,regular_season,2.9
2026-07-31,RDL,ぱんさく,video_upload_count,jul_early_2026,0
2026-07-31,RDL,ぱんさく,video_upload_count,jul_late_2026,0
2026-07-31,RDL,ぱんさく,video_upload_count,jun_late_2026,0
2026-07-31,RDL,ぱんさく,video_upload_count,regular_season,0
2026-07-31,RDL,ぱんさく,video_view_count,jul_early_2026,0
2026-07-31,RDL,ぱんさく,video_view_count,jul_late_2026,0
2026-07-31,RDL,ぱんさく,video_view_count,regular_season,0
2026-07-31,RDL,ぱんさく,watch_time,jul_early_2026,79
2026-07-31,RDL,ぱんさく,watch_time,jul_late_2026,13
2026-07-31,RDL,ぱんさく,watch_time,regular_season,50
2026-07-31,RDL,ぱんさく,youtube_subscribers,current,203
2026-07-31,RDL,山田レクイエム,followers,current,2085
2026-07-31,RDL,山田レクイエム,stream_duration,jul_early_2026,0.0
2026-07-31,RDL,山田レクイエム,stream_duration,jul_late_2026,0.0
2026-07-31,RDL,山田レクイエム,stream_duration,jun_late_2026,15.4
2026-07-31,RDL,山田レクイエム,stream_duration,regular_season,0.0
2026-07-31,RDL,山田レクイエム,video_upload_count,jul_early_2026,0
2026-07-31,RDL,山田レクイエム,video_upload_count,jul_late_2026,0
2026-07-31,RDL,山田レクイエム,video_upload_count,jun_late_2026,0
2026-07-31,RDL,山田レクイエム,video_upload_count,regular_season,0
2026-07-31,RDL,山田レクイエム,video_view_count,jul_early_2026,0
2026-07-31,RDL,山田レクイエム,video_view_count,jul_late_2026,0
2026-07-31,RDL,山田レクイエム,video_view_count,regular_season,0
2026-07-31,RDL,山田レクイエム,watch_time,jul_early_2026,0
2026-07-31,RDL,山田レクイエム,watch_time,jul_late_2026,0
2026-07-31,RDL,山田レクイエム,watch_time,regular_season,0
2026-07-31,RDL,山田レクイエム,youtube_subscribers,current,302
2026-07-31,RDL,折り紙,followers,current,5122
2026-07-31,RDL,折り紙,stream_duration,apr_late_2026,74.4
2026-07-31,RDL,折り紙,stream_duration,jul_early_2026,25.6
2026-07-31,RDL,折り紙,stream_duration,jul_late_2026,10.4
2026-07-31,RDL,折り紙,stream_duration,jun_early_2026,47.1
2026-07-31,RDL,折り紙,stream_duration,jun_late_2026,33.0
2026-07-31,RDL,折り紙,stream_duration,may_early_2026,50.5
2026-07-31,RDL,折り紙,stream_duration,may_late_2026,54.7
2026-07-31,RDL,折り紙,stream_duration,regular_season,17.5
2026-07-31,RDL,折り紙,video_upload_count,apr_late_2026,5
2026-07-31,RDL,折り紙,video_upload_count,jul_early_2026,3
2026-07-31,RDL,折り紙,video_upload_count,jul_late_2026,0
2026-07-31,RDL,折り紙,video_upload_count,jun_early_2026,3
2026-07-31,RDL,折り紙,video_upload_count,jun_late_2026,3
2026-07-31,RDL,折り紙,video_upload_count,may_early_2026,3
2026-07-31,RDL,折り紙,video_upload_count,may_late_2026,5
2026-07-31,RDL,折り紙,video_upload_count,regular_season,0
2026-07-31,RDL,折り紙,video_view_count,jul_early_2026,59767
2026-07-31,RDL,折り紙,video_view_count,jul_late_2026,0
2026-07-31,RDL,折り紙,video_view_count,jun_early_2026,43730
2026-07-31,RDL,折り紙,video_view_count,jun_late_2026,88530
2026-07-31,RDL,折り紙,video_view_count,may_early_2026,107876
2026-07-31,RDL,折り紙,video_view_count,may_late_2026,66564
2026-07-31,RDL,折り紙,video_view_count,regular_season,0
2026-07-31,RDL,折り紙,watch_time,jul_early_2026,6628
2026-07-31,RDL,折り紙,watch_time,jul_late_2026,751
2026-07-31,RDL,折り紙,watch_time,jun_early_2026,5895
2026-07-31,RDL,折り紙,watch_time,jun_late_2026,4608
2026-07-31,RDL,折り紙,watch_time,may_early_2026,7528
2026-07-31,RDL,折り紙,watch_time,may_late_2026,9118
2026-07-31,RDL,折り紙,watch_time,regular_season,2100
2026-07-31,RDL,折り紙,youtube_subscribers,current,14400
2026-07-31,VRL,Mishadow51,followers,current,2969
2026-07-31,VRL,Mishadow51,stream_duration,apr_late_2026,0.0
2026-07-31,VRL,Mishadow51,stream_duration,jul_early_2026,0.0
2026-07-31,VRL,Mishadow51,stream_duration,jul_late_2026,0.0
2026-07-31,VRL,Mishadow51,stream_duration,jun_early_2026,0.0
2026-07-31,VRL,Mishadow51,stream_duration,jun_late_2026,0.0
2026-07-31,VRL,Mishadow51,stream_duration,may_early_2026,0.0
2026-07-31,VRL,Mishadow51,stream_duration,may_late_2026,0.0
2026-07-31,VRL,Mishadow51,stream_duration,regular_season,0.0
2026-07-31,VRL,Mishadow51,video_upload_count,apr_late_2026,0
2026-07-31,VRL,Mishadow51,video_upload_count,jul_early_2026,0
2026-07-31,VRL,Mishadow51,video_upload_count,jul_late_2026,0
2026-07-31,VRL,Mishadow51,video_upload_count,jun_early_2026,0
2026-07-31,VRL,Mishadow51,video_upload_count,jun_late_2026,0
2026-07-31,VRL,Mishadow51,video_upload_count,may_early_2026,0
2026-07-31,VRL,Mishadow51,video_upload_count,may_late_2026,0
2026-07-31,VRL,Mishadow51,video_upload_count,regular_season,0
2026-07-31,VRL,Mishadow51,video_view_count,jul_early_2026,0
2026-07-31,VRL,Mishadow51,video_view_count,jul_late_2026,0
2026-07-31,VRL,Mishadow51,video_view_count,jun_early_2026,0
2026-07-31,VRL,Mishadow51,video_view_count,jun_late_2026,0
2026-07-31,VRL,Mishadow51,video_view_count,may_early_2026,0
2026-07-31,VRL,Mishadow51,video_view_count,may_late_2026,0
2026-07-31,VRL,Mishadow51,video_view_count,regular_season,0
2026-07-31,VRL,Mishadow51,watch_time,jul_early_2026,0
2026-07-31,VRL,Mishadow51,watch_time,jul_late_2026,0
2026-07-31,VRL,Mishadow51,watch_time,jun_early_2026,0
2026-07-31,VRL,Mishadow51,watch_time,jun_late_2026,0
2026-07-31,VRL,Mishadow51,watch_time,may_early_2026,0
2026-07-31,VRL,Mishadow51,watch_time,may_late_2026,0
2026-07-31,VRL,Mishadow51,watch_time,regular_season,0
2026-07-31,VRL,Mishadow51,youtube_subscribers,current,26
2026-07-31,VRL,Terarina,followers,current,3799
2026-07-31,VRL,Terarina,stream_duration,apr_late_2026,4.0
2026-07-31,VRL,Terarina,stream_duration,jul_early_2026,0.2
2026-07-31,VRL,Terarina,stream_duration,jul_late_2026,9.1
2026-07-31,VRL,Terarina,stream_duration,jun_early_2026,16.0
2026-07-31,VRL,Terarina,stream_duration,jun_late_2026,4.2
2026-07-31,VRL,Terarina,stream_duration,may_early_2026,5.1
2026-07-31,VRL,Terarina,stream_duration,may_late_2026,5.9
2026-07-31,VRL,Terarina,stream_duration,regular_season,9.1
2026-07-31,VRL,Terarina,video_upload_count,apr_late_2026,0
2026-07-31,VRL,Terarina,video_upload_count,jul_early_2026,0
2026-07-31,VRL,Terarina,video_upload_count,jul_late_2026,0
2026-07-31,VRL,Terarina,video_upload_count,jun_early_2026,0
2026-07-31,VRL,Terarina,video_upload_count,jun_late_2026,0
2026-07-31,VRL,Terarina,video_upload_count,may_early_2026,0
2026-07-31,VRL,Terarina,video_upload_count,may_late_2026,0
2026-07-31,VRL,Terarina,video_upload_count,regular_season,0
2026-07-31,VRL,Terarina,video_view_count,jul_early_2026,0
2026-07-31,VRL,Terarina,video_view_count,jul_late_2026,0
2026-07-31,VRL,Terarina,video_view_count,jun_early_2026,0
2026-07-31,VRL,Terarina,video_view_count,jun_late_2026,0
2026-07-31,VRL,Terarina,video_view_count,may_early_2026,0
2026-07-31,VRL,Terarina,video_view_count,may_late_2026,0
2026-07-31,VRL,Terarina,video_view_count,regular_season,0
2026-07-31,VRL,Terarina,watch_time,jul_early_2026,3
2026-07-31,VRL,Terarina,watch_time,jul_late_2026,65
2026-07-31,VRL,Terarina,watch_time,jun_early_2026,2920
2026-07-31,VRL,Terarina,watch_time,jun_late_2026,193
2026-07-31,VRL,Terarina,watch_time,may_early_2026,387
2026-07-31,VRL,Terarina,watch_time,may_late_2026,381
2026-07-31,VRL,Terarina,watch_time,regular_season,65
2026-07-31,VRL,Terarina,youtube_subscribers,current,1770
2026-07-31,VRL,monakawan,followers,current,1887
2026-07-31,VRL,monakawan,stream_duration,apr_late_2026,0.0
2026-07-31,VRL,monakawan,stream_duration,jul_early_2026,0.0
2026-07-31,VRL,monakawan,stream_duration,jul_late_2026,16.7
2026-07-31,VRL,monakawan,stream_duration,jun_early_2026,0.0
2026-07-31,VRL,monakawan,stream_duration,jun_late_2026,0.0
2026-07-31,VRL,monakawan,stream_duration,may_early_2026,0.0
2026-07-31,VRL,monakawan,stream_duration,may_late_2026,0.0
2026-07-31,VRL,monakawan,stream_duration,regular_season,16.7
2026-07-31,VRL,monakawan,video_upload_count,apr_late_2026,0
2026-07-31,VRL,monakawan,video_upload_count,jul_early_2026,0
2026-07-31,VRL,monakawan,video_upload_count,jul_late_2026,0
2026-07-31,VRL,monakawan,video_upload_count,jun_early_2026,0
2026-07-31,VRL,monakawan,video_upload_count,jun_late_2026,0
2026-07-31,VRL,monakawan,video_upload_count,may_early_2026,0
2026-07-31,VRL,monakawan,video_upload_count,may_late_2026,0
2026-07-31,VRL,monakawan,video_upload_count,regular_season,0
2026-07-31,VRL,monakawan,video_view_count,jul_early_2026,0
2026-07-31,VRL,monakawan,video_view_count,jul_late_2026,0
2026-07-31,VRL,monakawan,video_view_count,jun_early_2026,0
2026-07-31,VRL,monakawan,video_view_count,jun_late_2026,0
2026-07-31,VRL,monakawan,video_view_count,may_early_2026,0
2026-07-31,VRL,monakawan,video_view_count,may_late_2026,0
2026-07-31,VRL,monakawan,video_view_count,regular_season,0
2026-07-31,VRL,monakawan,watch_time,jul_early_2026,0
2026-07-31,VRL,monakawan,watch_time,jul_late_2026,262
2026-07-31,VRL,monakawan,watch_time,jun_early_2026,0
2026-07-31,VRL,monakawan,watch_time,jun_late_2026,0
2026-07-31,VRL,monakawan,watch_time,may_early_2026,0
2026-07-31,VRL,monakawan,watch_time,may_late_2026,0
2026-07-31,VRL,monakawan,watch_time,regular_season,262
2026-07-31,VRL,monakawan,youtube_subscribers,current,366
2026-07-31,VRL,まっつ,followers,current,4563
2026-07-31,VRL,まっつ,stream_duration,jul_early_2026,8.3
2026-07-31,VRL,まっつ,stream_duration,jul_late_2026,14.6
2026-07-31,VRL,まっつ,stream_duration,jun_late_2026,16.8
2026-07-31,VRL,まっつ,stream_duration,regular_season,17.6
2026-07-31,VRL,まっつ,video_upload_count,jul_early_2026,0
2026-07-31,VRL,まっつ,video_upload_count,jul_late_2026,0
2026-07-31,VRL,まっつ,video_upload_count,jun_late_2026,0
2026-07-31,VRL,まっつ,video_upload_count,regular_season,0
2026-07-31,VRL,まっつ,video_view_count,jul_early_2026,0
2026-07-31,VRL,まっつ,video_view_count,jul_late_2026,0
2026-07-31,VRL,まっつ,video_view_count,regular_season,0
2026-07-31,VRL,まっつ,watch_time,jul_early_2026,540
2026-07-31,VRL,まっつ,watch_time,jul_late_2026,1435
2026-07-31,VRL,まっつ,watch_time,regular_season,1472
2026-07-31,VRL,まっつ,youtube_subscribers,current,1600
2026-07-31,ZETA,CQCQ,followers,current,13717
2026-07-31,ZETA,CQCQ,stream_duration,apr_late_2026,21.5
2026-07-31,ZETA,CQCQ,stream_duration,jul_early_2026,2.7
2026-07-31,ZETA,CQCQ,stream_duration,jul_late_2026,26.9
2026-07-31,ZETA,CQCQ,stream_duration,jun_early_2026,18.1
2026-07-31,ZETA,CQCQ,stream_duration,jun_late_2026,20.2
2026-07-31,ZETA,CQCQ,stream_duration,may_early_2026,26.4
2026-07-31,ZETA,CQCQ,stream_duration,may_late_2026,18.6
2026-07-31,ZETA,CQCQ,stream_duration,regular_season,26.9
2026-07-31,ZETA,CQCQ,video_upload_count,apr_late_2026,2
2026-07-31,ZETA,CQCQ,video_upload_count,jul_early_2026,0
2026-07-31,ZETA,CQCQ,video_upload_count,jul_late_2026,0
2026-07-31,ZETA,CQCQ,video_upload_count,jun_early_2026,0
2026-07-31,ZETA,CQCQ,video_upload_count,jun_late_2026,0
2026-07-31,ZETA,CQCQ,video_upload_count,may_early_2026,1
2026-07-31,ZETA,CQCQ,video_upload_count,may_late_2026,0
2026-07-31,ZETA,CQCQ,video_upload_count,regular_season,0
2026-07-31,ZETA,CQCQ,video_view_count,jul_early_2026,0
2026-07-31,ZETA,CQCQ,video_view_count,jul_late_2026,0
2026-07-31,ZETA,CQCQ,video_view_count,jun_early_2026,0
2026-07-31,ZETA,CQCQ,video_view_count,jun_late_2026,0
2026-07-31,ZETA,CQCQ,video_view_count,may_early_2026,32600
2026-07-31,ZETA,CQCQ,video_view_count,may_late_2026,0
2026-07-31,ZETA,CQCQ,video_view_count,regular_season,0
2026-07-31,ZETA,CQCQ,watch_time,jul_early_2026,1808
2026-07-31,ZETA,CQCQ,watch_time,jul_late_2026,12525
2026-07-31,ZETA,CQCQ,watch_time,jun_early_2026,5188
2026-07-31,ZETA,CQCQ,watch_time,jun_late_2026,8316
2026-07-31,ZETA,CQCQ,watch_time,may_early_2026,18546
2026-07-31,ZETA,CQCQ,watch_time,may_late_2026,9708
2026-07-31,ZETA,CQCQ,watch_time,regular_season,12525
2026-07-31,ZETA,CQCQ,youtube_subscribers,current,13500
2026-07-31,ZETA,TBT,followers,current,2618
2026-07-31,ZETA,TBT,stream_duration,apr_late_2026,4.4
2026-07-31,ZETA,TBT,stream_duration,jul_early_2026,3.8
2026-07-31,ZETA,TBT,stream_duration,jul_late_2026,18.4
2026-07-31,ZETA,TBT,stream_duration,jun_early_2026,2.2
2026-07-31,ZETA,TBT,stream_duration,jun_late_2026,19.3
2026-07-31,ZETA,TBT,stream_duration,may_early_2026,0.0
2026-07-31,ZETA,TBT,stream_duration,may_late_2026,16.0
2026-07-31,ZETA,TBT,stream_duration,regular_season,18.4
2026-07-31,ZETA,TBT,video_upload_count,apr_late_2026,2
2026-07-31,ZETA,TBT,video_upload_count,jul_early_2026,0
2026-07-31,ZETA,TBT,video_upload_count,jul_late_2026,0
2026-07-31,ZETA,TBT,video_upload_count,jun_early_2026,0
2026-07-31,ZETA,TBT,video_upload_count,jun_late_2026,0
2026-07-31,ZETA,TBT,video_upload_count,may_early_2026,0
2026-07-31,ZETA,TBT,video_upload_count,may_late_2026,0
2026-07-31,ZETA,TBT,video_upload_count,regular_season,0
2026-07-31,ZETA,TBT,video_view_count,jul_early_2026,0
2026-07-31,ZETA,TBT,video_view_count,jul_late_2026,0
2026-07-31,ZETA,TBT,video_view_count,jun_early_2026,0
2026-07-31,ZETA,TBT,video_view_count,jun_late_2026,0
2026-07-31,ZETA,TBT,video_view_count,may_early_2026,0
2026-07-31,ZETA,TBT,video_view_count,may_late_2026,0
2026-07-31,ZETA,TBT,video_view_count,regular_season,0
2026-07-31,ZETA,TBT,watch_time,jul_early_2026,319
2026-07-31,ZETA,TBT,watch_time,jul_late_2026,2034
2026-07-31,ZETA,TBT,watch_time,jun_early_2026,258
2026-07-31,ZETA,TBT,watch_time,jun_late_2026,1414
2026-07-31,ZETA,TBT,watch_time,may_early_2026,0
2026-07-31,ZETA,TBT,watch_time,may_late_2026,2626
2026-07-31,ZETA,TBT,watch_time,regular_season,2034
2026-07-31,ZETA,TBT,youtube_subscribers,current,1160
2026-07-31,ZETA,ねぎま,followers,current,3259
2026-07-31,ZETA,ねぎま,stream_duration,jul_early_2026,14.6
2026-07-31,ZETA,ねぎま,stream_duration,jul_late_2026,37.6
2026-07-31,ZETA,ねぎま,stream_duration,jun_late_2026,77.4
2026-07-31,ZETA,ねぎま,stream_duration,regular_season,37.6
2026-07-31,ZETA,ねぎま,video_upload_count,jul_early_2026,0
2026-07-31,ZETA,ねぎま,video_upload_count,jul_late_2026,0
2026-07-31,ZETA,ねぎま,video_upload_count,jun_late_2026,1
2026-07-31,ZETA,ねぎま,video_upload_count,regular_season,0
2026-07-31,ZETA,ねぎま,video_view_count,jul_early_2026,0
2026-07-31,ZETA,ねぎま,video_view_count,jul_late_2026,0
2026-07-31,ZETA,ねぎま,video_view_count,regular_season,0
2026-07-31,ZETA,ねぎま,watch_time,jul_early_2026,1479
2026-07-31,ZETA,ねぎま,watch_time,jul_late_2026,6211
2026-07-31,ZETA,ねぎま,watch_time,regular_season,6211
2026-07-31,ZETA,ねぎま,youtube_subscribers,current,1480
2026-07-31,ZETA,ヘイム,followers,current,6335
2026-07-31,ZETA,ヘイム,stream_duration,apr_late_2026,57.1
2026-07-31,ZETA,ヘイム,stream_duration,jul_early_2026,8.1
2026-07-31,ZETA,ヘイム,stream_duration,jul_late_2026,22.7
2026-07-31,ZETA,ヘイム,stream_duration,jun_early_2026,41.3
2026-07-31,ZETA,ヘイム,stream_duration,jun_late_2026,11.1
2026-07-31,ZETA,ヘイム,stream_duration,may_early_2026,63.6
2026-07-31,ZETA,ヘイム,stream_duration,may_late_2026,80.1
2026-07-31,ZETA,ヘイム,stream_duration,regular_season,23.9
2026-07-31,ZETA,ヘイム,video_upload_count,apr_late_2026,0
2026-07-31,ZETA,ヘイム,video_upload_count,jul_early_2026,0
2026-07-31,ZETA,ヘイム,video_upload_count,jul_late_2026,0
2026-07-31,ZETA,ヘイム,video_upload_count,jun_early_2026,0
2026-07-31,ZETA,ヘイム,video_upload_count,jun_late_2026,0
2026-07-31,ZETA,ヘイム,video_upload_count,may_early_2026,0
2026-07-31,ZETA,ヘイム,video_upload_count,may_late_2026,0
2026-07-31,ZETA,ヘイム,video_upload_count,regular_season,0
2026-07-31,ZETA,ヘイム,video_view_count,jul_early_2026,0
2026-07-31,ZETA,ヘイム,video_view_count,jul_late_2026,0
2026-07-31,ZETA,ヘイム,video_view_count,jun_early_2026,0
2026-07-31,ZETA,ヘイム,video_view_count,jun_late_2026,0
2026-07-31,ZETA,ヘイム,video_view_count,may_early_2026,0
2026-07-31,ZETA,ヘイム,video_view_count,may_late_2026,0
2026-07-31,ZETA,ヘイム,video_view_count,regular_season,0
2026-07-31,ZETA,ヘイム,watch_time,jul_early_2026,1205
2026-07-31,ZETA,ヘイム,watch_time,jul_late_2026,6332
2026-07-31,ZETA,ヘイム,watch_time,jun_early_2026,6920
2026-07-31,ZETA,ヘイム,watch_time,jun_late_2026,1119
2026-07-31,ZETA,ヘイム,watch_time,may_early_2026,30598
2026-07-31,ZETA,ヘイム,watch_time,may_late_2026,19810
2026-07-31,ZETA,ヘイム,watch_time,regular_season,6538
2026-07-31,ZETA,ヘイム,youtube_subscribers,current,5050
2026-08-01,CR,Atom,followers,current,13211
2026-08-01,CR,Atom,stream_duration,apr_late_2026,35.5
2026-08-01,CR,Atom,stream_duration,aug_early_2026,2.5
2026-08-01,CR,Atom,stream_duration,jul_early_2026,0.8
2026-08-01,CR,Atom,stream_duration,jul_late_2026,15.4
2026-08-01,CR,Atom,stream_duration,jun_early_2026,3.6
2026-08-01,CR,Atom,stream_duration,jun_late_2026,0.0
2026-08-01,CR,Atom,stream_duration,may_early_2026,21.2
2026-08-01,CR,Atom,stream_duration,may_late_2026,15.3
2026-08-01,CR,Atom,stream_duration,regular_season,18.7
2026-08-01,CR,Atom,video_upload_count,apr_late_2026,0
2026-08-01,CR,Atom,video_upload_count,aug_early_2026,0
2026-08-01,CR,Atom,video_upload_count,jul_early_2026,0
2026-08-01,CR,Atom,video_upload_count,jul_late_2026,0
2026-08-01,CR,Atom,video_upload_count,jun_early_2026,0
2026-08-01,CR,Atom,video_upload_count,jun_late_2026,0
2026-08-01,CR,Atom,video_upload_count,may_early_2026,0
2026-08-01,CR,Atom,video_upload_count,may_late_2026,0
2026-08-01,CR,Atom,video_upload_count,regular_season,0
2026-08-01,CR,Atom,video_view_count,aug_early_2026,0
2026-08-01,CR,Atom,video_view_count,jul_early_2026,0
2026-08-01,CR,Atom,video_view_count,jul_late_2026,0
2026-08-01,CR,Atom,video_view_count,jun_early_2026,0
2026-08-01,CR,Atom,video_view_count,jun_late_2026,0
2026-08-01,CR,Atom,video_view_count,may_early_2026,0
2026-08-01,CR,Atom,video_view_count,may_late_2026,0
2026-08-01,CR,Atom,video_view_count,regular_season,0
2026-08-01,CR,Atom,watch_time,aug_early_2026,1094
2026-08-01,CR,Atom,watch_time,jul_early_2026,209
2026-08-01,CR,Atom,watch_time,jul_late_2026,4353
2026-08-01,CR,Atom,watch_time,jun_early_2026,2778
2026-08-01,CR,Atom,watch_time,jun_late_2026,0
2026-08-01,CR,Atom,watch_time,may_early_2026,17519
2026-08-01,CR,Atom,watch_time,may_late_2026,9365
2026-08-01,CR,Atom,watch_time,regular_season,5664
2026-08-01,CR,Atom,youtube_subscribers,current,8040
2026-08-01,CR,Winter,followers,current,2972
2026-08-01,CR,Winter,stream_duration,apr_late_2026,0.0
2026-08-01,CR,Winter,stream_duration,aug_early_2026,0.0
2026-08-01,CR,Winter,stream_duration,jul_early_2026,0.0
2026-08-01,CR,Winter,stream_duration,jul_late_2026,16.3
2026-08-01,CR,Winter,stream_duration,jun_early_2026,0.0
2026-08-01,CR,Winter,stream_duration,jun_late_2026,5.5
2026-08-01,CR,Winter,stream_duration,may_early_2026,0.0
2026-08-01,CR,Winter,stream_duration,may_late_2026,4.7
2026-08-01,CR,Winter,stream_duration,regular_season,16.3
2026-08-01,CR,Winter,video_upload_count,apr_late_2026,0
2026-08-01,CR,Winter,video_upload_count,aug_early_2026,0
2026-08-01,CR,Winter,video_upload_count,jul_early_2026,0
2026-08-01,CR,Winter,video_upload_count,jul_late_2026,0
2026-08-01,CR,Winter,video_upload_count,jun_early_2026,0
2026-08-01,CR,Winter,video_upload_count,jun_late_2026,0
2026-08-01,CR,Winter,video_upload_count,may_early_2026,0
2026-08-01,CR,Winter,video_upload_count,may_late_2026,0
2026-08-01,CR,Winter,video_upload_count,regular_season,0
2026-08-01,CR,Winter,video_view_count,aug_early_2026,0
2026-08-01,CR,Winter,video_view_count,jul_early_2026,0
2026-08-01,CR,Winter,video_view_count,jul_late_2026,0
2026-08-01,CR,Winter,video_view_count,jun_early_2026,0
2026-08-01,CR,Winter,video_view_count,jun_late_2026,0
2026-08-01,CR,Winter,video_view_count,may_early_2026,0
2026-08-01,CR,Winter,video_view_count,may_late_2026,0
2026-08-01,CR,Winter,video_view_count,regular_season,0
2026-08-01,CR,Winter,watch_time,aug_early_2026,0
2026-08-01,CR,Winter,watch_time,jul_early_2026,0
2026-08-01,CR,Winter,watch_time,jul_late_2026,874
2026-08-01,CR,Winter,watch_time,jun_early_2026,0
2026-08-01,CR,Winter,watch_time,jun_late_2026,346
2026-08-01,CR,Winter,watch_time,may_early_2026,0
2026-08-01,CR,Winter,watch_time,may_late_2026,260
2026-08-01,CR,Winter,watch_time,regular_season,874
2026-08-01,CR,Winter,youtube_subscribers,current,983
2026-08-01,CR,ふぇぐ,followers,current,34324
2026-08-01,CR,ふぇぐ,stream_duration,aug_early_2026,0.0
2026-08-01,CR,ふぇぐ,stream_duration,jul_early_2026,1.0
2026-08-01,CR,ふぇぐ,stream_duration,jul_late_2026,11.2
2026-08-01,CR,ふぇぐ,stream_duration,jun_late_2026,17.7
2026-08-01,CR,ふぇぐ,stream_duration,regular_season,11.2
2026-08-01,CR,ふぇぐ,video_upload_count,aug_early_2026,0
2026-08-01,CR,ふぇぐ,video_upload_count,jul_early_2026,0
2026-08-01,CR,ふぇぐ,video_upload_count,jul_late_2026,1
2026-08-01,CR,ふぇぐ,video_upload_count,jun_late_2026,0
2026-08-01,CR,ふぇぐ,video_upload_count,regular_season,1
2026-08-01,CR,ふぇぐ,video_view_count,aug_early_2026,0
2026-08-01,CR,ふぇぐ,video_view_count,jul_early_2026,0
2026-08-01,CR,ふぇぐ,video_view_count,jul_late_2026,3492
2026-08-01,CR,ふぇぐ,video_view_count,regular_season,3492
2026-08-01,CR,ふぇぐ,watch_time,aug_early_2026,0
2026-08-01,CR,ふぇぐ,watch_time,jul_early_2026,80
2026-08-01,CR,ふぇぐ,watch_time,jul_late_2026,1006
2026-08-01,CR,ふぇぐ,watch_time,regular_season,1006
2026-08-01,CR,ふぇぐ,youtube_subscribers,current,6280
2026-08-01,CR,ふえた,followers,current,3751
2026-08-01,CR,ふえた,stream_duration,apr_late_2026,11.3
2026-08-01,CR,ふえた,stream_duration,aug_early_2026,0.0
2026-08-01,CR,ふえた,stream_duration,jul_early_2026,0.0
2026-08-01,CR,ふえた,stream_duration,jul_late_2026,12.6
2026-08-01,CR,ふえた,stream_duration,jun_early_2026,25.3
2026-08-01,CR,ふえた,stream_duration,jun_late_2026,10.4
2026-08-01,CR,ふえた,stream_duration,may_early_2026,0.0
2026-08-01,CR,ふえた,stream_duration,may_late_2026,1.3
2026-08-01,CR,ふえた,stream_duration,regular_season,12.6
2026-08-01,CR,ふえた,video_upload_count,apr_late_2026,0
2026-08-01,CR,ふえた,video_upload_count,aug_early_2026,0
2026-08-01,CR,ふえた,video_upload_count,jul_early_2026,0
2026-08-01,CR,ふえた,video_upload_count,jul_late_2026,2
2026-08-01,CR,ふえた,video_upload_count,jun_early_2026,0
2026-08-01,CR,ふえた,video_upload_count,jun_late_2026,0
2026-08-01,CR,ふえた,video_upload_count,may_early_2026,0
2026-08-01,CR,ふえた,video_upload_count,may_late_2026,0
2026-08-01,CR,ふえた,video_upload_count,regular_season,2
2026-08-01,CR,ふえた,video_view_count,aug_early_2026,0
2026-08-01,CR,ふえた,video_view_count,jul_early_2026,0
2026-08-01,CR,ふえた,video_view_count,jul_late_2026,3025
2026-08-01,CR,ふえた,video_view_count,jun_early_2026,0
2026-08-01,CR,ふえた,video_view_count,jun_late_2026,0
2026-08-01,CR,ふえた,video_view_count,may_early_2026,0
2026-08-01,CR,ふえた,video_view_count,may_late_2026,0
2026-08-01,CR,ふえた,video_view_count,regular_season,3025
2026-08-01,CR,ふえた,watch_time,aug_early_2026,0
2026-08-01,CR,ふえた,watch_time,jul_early_2026,0
2026-08-01,CR,ふえた,watch_time,jul_late_2026,626
2026-08-01,CR,ふえた,watch_time,jun_early_2026,1221
2026-08-01,CR,ふえた,watch_time,jun_late_2026,742
2026-08-01,CR,ふえた,watch_time,may_early_2026,0
2026-08-01,CR,ふえた,watch_time,may_late_2026,15
2026-08-01,CR,ふえた,watch_time,regular_season,626
2026-08-01,CR,ふえた,youtube_subscribers,current,1170
2026-08-01,CR,空白,followers,current,3910
2026-08-01,CR,空白,stream_duration,apr_late_2026,23.8
2026-08-01,CR,空白,stream_duration,aug_early_2026,0.0
2026-08-01,CR,空白,stream_duration,jul_early_2026,0.0
2026-08-01,CR,空白,stream_duration,jul_late_2026,20.7
2026-08-01,CR,空白,stream_duration,jun_early_2026,26.8
2026-08-01,CR,空白,stream_duration,jun_late_2026,20.3
2026-08-01,CR,空白,stream_duration,may_early_2026,24.5
2026-08-01,CR,空白,stream_duration,may_late_2026,33.6
2026-08-01,CR,空白,stream_duration,regular_season,20.7
2026-08-01,CR,空白,video_upload_count,apr_late_2026,0
2026-08-01,CR,空白,video_upload_count,aug_early_2026,0
2026-08-01,CR,空白,video_upload_count,jul_early_2026,0
2026-08-01,CR,空白,video_upload_count,jul_late_2026,1
2026-08-01,CR,空白,video_upload_count,jun_early_2026,0
2026-08-01,CR,空白,video_upload_count,jun_late_2026,0
2026-08-01,CR,空白,video_upload_count,may_early_2026,0
2026-08-01,CR,空白,video_upload_count,may_late_2026,0
2026-08-01,CR,空白,video_upload_count,regular_season,1
2026-08-01,CR,空白,video_view_count,aug_early_2026,0
2026-08-01,CR,空白,video_view_count,jul_early_2026,0
2026-08-01,CR,空白,video_view_count,jul_late_2026,0
2026-08-01,CR,空白,video_view_count,jun_early_2026,0
2026-08-01,CR,空白,video_view_count,jun_late_2026,0
2026-08-01,CR,空白,video_view_count,may_early_2026,0
2026-08-01,CR,空白,video_view_count,may_late_2026,0
2026-08-01,CR,空白,video_view_count,regular_season,0
2026-08-01,CR,空白,watch_time,aug_early_2026,0
2026-08-01,CR,空白,watch_time,jul_early_2026,0
2026-08-01,CR,空白,watch_time,jul_late_2026,722
2026-08-01,CR,空白,watch_time,jun_early_2026,1152
2026-08-01,CR,空白,watch_time,jun_late_2026,2339
2026-08-01,CR,空白,watch_time,may_early_2026,2243
2026-08-01,CR,空白,watch_time,may_late_2026,1811
2026-08-01,CR,空白,watch_time,regular_season,722
2026-08-01,CR,空白,youtube_subscribers,current,1630
2026-08-01,DFM,MingiGod,followers,current,3531
2026-08-01,DFM,MingiGod,stream_duration,aug_early_2026,0.1
2026-08-01,DFM,MingiGod,stream_duration,jul_early_2026,8.9
2026-08-01,DFM,MingiGod,stream_duration,jul_late_2026,14.9
2026-08-01,DFM,MingiGod,stream_duration,jun_late_2026,16.6
2026-08-01,DFM,MingiGod,stream_duration,regular_season,23.8
2026-08-01,DFM,MingiGod,video_upload_count,aug_early_2026,0
2026-08-01,DFM,MingiGod,video_upload_count,jul_early_2026,0
2026-08-01,DFM,MingiGod,video_upload_count,jul_late_2026,0
2026-08-01,DFM,MingiGod,video_upload_count,jun_late_2026,1
2026-08-01,DFM,MingiGod,video_upload_count,regular_season,0
2026-08-01,DFM,MingiGod,video_view_count,aug_early_2026,0
2026-08-01,DFM,MingiGod,video_view_count,jul_early_2026,0
2026-08-01,DFM,MingiGod,video_view_count,jul_late_2026,0
2026-08-01,DFM,MingiGod,video_view_count,regular_season,0
2026-08-01,DFM,MingiGod,watch_time,aug_early_2026,0
2026-08-01,DFM,MingiGod,watch_time,jul_early_2026,996
2026-08-01,DFM,MingiGod,watch_time,jul_late_2026,1262
2026-08-01,DFM,MingiGod,watch_time,regular_season,2263
2026-08-01,DFM,MingiGod,youtube_subscribers,current,1740
2026-08-01,DFM,かなで,followers,current,2147
2026-08-01,DFM,かなで,stream_duration,apr_late_2026,9.2
2026-08-01,DFM,かなで,stream_duration,aug_early_2026,0.0
2026-08-01,DFM,かなで,stream_duration,jul_early_2026,2.1
2026-08-01,DFM,かなで,stream_duration,jul_late_2026,6.8
2026-08-01,DFM,かなで,stream_duration,jun_early_2026,4.8
2026-08-01,DFM,かなで,stream_duration,jun_late_2026,9.7
2026-08-01,DFM,かなで,stream_duration,may_early_2026,4.5
2026-08-01,DFM,かなで,stream_duration,may_late_2026,9.4
2026-08-01,DFM,かなで,stream_duration,regular_season,6.8
2026-08-01,DFM,かなで,video_upload_count,apr_late_2026,0
2026-08-01,DFM,かなで,video_upload_count,aug_early_2026,0
2026-08-01,DFM,かなで,video_upload_count,jul_early_2026,0
2026-08-01,DFM,かなで,video_upload_count,jul_late_2026,0
2026-08-01,DFM,かなで,video_upload_count,jun_early_2026,0
2026-08-01,DFM,かなで,video_upload_count,jun_late_2026,0
2026-08-01,DFM,かなで,video_upload_count,may_early_2026,0
2026-08-01,DFM,かなで,video_upload_count,may_late_2026,0
2026-08-01,DFM,かなで,video_upload_count,regular_season,0
2026-08-01,DFM,かなで,video_view_count,aug_early_2026,0
2026-08-01,DFM,かなで,video_view_count,jul_early_2026,0
2026-08-01,DFM,かなで,video_view_count,jul_late_2026,0
2026-08-01,DFM,かなで,video_view_count,jun_early_2026,0
2026-08-01,DFM,かなで,video_view_count,jun_late_2026,0
2026-08-01,DFM,かなで,video_view_count,may_early_2026,0
2026-08-01,DFM,かなで,video_view_count,may_late_2026,0
2026-08-01,DFM,かなで,video_view_count,regular_season,0
2026-08-01,DFM,かなで,watch_time,aug_early_2026,0
2026-08-01,DFM,かなで,watch_time,jul_early_2026,52
2026-08-01,DFM,かなで,watch_time,jul_late_2026,141
2026-08-01,DFM,かなで,watch_time,jun_early_2026,73
2026-08-01,DFM,かなで,watch_time,jun_late_2026,301
2026-08-01,DFM,かなで,watch_time,may_early_2026,157
2026-08-01,DFM,かなで,watch_time,may_late_2026,258
2026-08-01,DFM,かなで,watch_time,regular_season,141
2026-08-01,DFM,かなで,youtube_subscribers,current,539
2026-08-01,DFM,ミル,followers,current,14540
2026-08-01,DFM,ミル,stream_duration,apr_late_2026,33.8
2026-08-01,DFM,ミル,stream_duration,aug_early_2026,1.2
2026-08-01,DFM,ミル,stream_duration,jul_early_2026,6.9
2026-08-01,DFM,ミル,stream_duration,jul_late_2026,9.5
2026-08-01,DFM,ミル,stream_duration,jun_early_2026,15.0
2026-08-01,DFM,ミル,stream_duration,jun_late_2026,14.1
2026-08-01,DFM,ミル,stream_duration,may_early_2026,14.1
2026-08-01,DFM,ミル,stream_duration,may_late_2026,23.3
2026-08-01,DFM,ミル,stream_duration,regular_season,17.6
2026-08-01,DFM,ミル,video_upload_count,apr_late_2026,0
2026-08-01,DFM,ミル,video_upload_count,aug_early_2026,0
2026-08-01,DFM,ミル,video_upload_count,jul_early_2026,0
2026-08-01,DFM,ミル,video_upload_count,jul_late_2026,0
2026-08-01,DFM,ミル,video_upload_count,jun_early_2026,0
2026-08-01,DFM,ミル,video_upload_count,jun_late_2026,0
2026-08-01,DFM,ミル,video_upload_count,may_early_2026,0
2026-08-01,DFM,ミル,video_upload_count,may_late_2026,0
2026-08-01,DFM,ミル,video_upload_count,regular_season,0
2026-08-01,DFM,ミル,video_view_count,aug_early_2026,0
2026-08-01,DFM,ミル,video_view_count,jul_early_2026,0
2026-08-01,DFM,ミル,video_view_count,jul_late_2026,0
2026-08-01,DFM,ミル,video_view_count,jun_early_2026,0
2026-08-01,DFM,ミル,video_view_count,jun_late_2026,0
2026-08-01,DFM,ミル,video_view_count,may_early_2026,0
2026-08-01,DFM,ミル,video_view_count,may_late_2026,0
2026-08-01,DFM,ミル,video_view_count,regular_season,0
2026-08-01,DFM,ミル,watch_time,aug_early_2026,85
2026-08-01,DFM,ミル,watch_time,jul_early_2026,321
2026-08-01,DFM,ミル,watch_time,jul_late_2026,210
2026-08-01,DFM,ミル,watch_time,jun_early_2026,2284
2026-08-01,DFM,ミル,watch_time,jun_late_2026,1093
2026-08-01,DFM,ミル,watch_time,may_early_2026,691
2026-08-01,DFM,ミル,watch_time,may_late_2026,1363
2026-08-01,DFM,ミル,watch_time,regular_season,606
2026-08-01,DFM,ミル,youtube_subscribers,current,3960
2026-08-01,DFM,ユーリ,followers,current,14194
2026-08-01,DFM,ユーリ,stream_duration,apr_late_2026,56.4
2026-08-01,DFM,ユーリ,stream_duration,aug_early_2026,0.0
2026-08-01,DFM,ユーリ,stream_duration,jul_early_2026,9.4
2026-08-01,DFM,ユーリ,stream_duration,jul_late_2026,16.7
2026-08-01,DFM,ユーリ,stream_duration,jun_early_2026,22.3
2026-08-01,DFM,ユーリ,stream_duration,jun_late_2026,27.3
2026-08-01,DFM,ユーリ,stream_duration,may_early_2026,11.7
2026-08-01,DFM,ユーリ,stream_duration,may_late_2026,19.5
2026-08-01,DFM,ユーリ,stream_duration,regular_season,26.1
2026-08-01,DFM,ユーリ,video_upload_count,apr_late_2026,0
2026-08-01,DFM,ユーリ,video_upload_count,aug_early_2026,0
2026-08-01,DFM,ユーリ,video_upload_count,jul_early_2026,0
2026-08-01,DFM,ユーリ,video_upload_count,jul_late_2026,2
2026-08-01,DFM,ユーリ,video_upload_count,jun_early_2026,0
2026-08-01,DFM,ユーリ,video_upload_count,jun_late_2026,0
2026-08-01,DFM,ユーリ,video_upload_count,may_early_2026,0
2026-08-01,DFM,ユーリ,video_upload_count,may_late_2026,0
2026-08-01,DFM,ユーリ,video_upload_count,regular_season,2
2026-08-01,DFM,ユーリ,video_view_count,aug_early_2026,0
2026-08-01,DFM,ユーリ,video_view_count,jul_early_2026,0
2026-08-01,DFM,ユーリ,video_view_count,jul_late_2026,0
2026-08-01,DFM,ユーリ,video_view_count,jun_early_2026,0
2026-08-01,DFM,ユーリ,video_view_count,jun_late_2026,0
2026-08-01,DFM,ユーリ,video_view_count,may_early_2026,0
2026-08-01,DFM,ユーリ,video_view_count,may_late_2026,0
2026-08-01,DFM,ユーリ,video_view_count,regular_season,0
2026-08-01,DFM,ユーリ,watch_time,aug_early_2026,0
2026-08-01,DFM,ユーリ,watch_time,jul_early_2026,11134
2026-08-01,DFM,ユーリ,watch_time,jul_late_2026,5765
2026-08-01,DFM,ユーリ,watch_time,jun_early_2026,14677
2026-08-01,DFM,ユーリ,watch_time,jun_late_2026,18125
2026-08-01,DFM,ユーリ,watch_time,may_early_2026,8667
2026-08-01,DFM,ユーリ,watch_time,may_late_2026,11953
2026-08-01,DFM,ユーリ,watch_time,regular_season,17000
2026-08-01,DFM,ユーリ,youtube_subscribers,current,12300
2026-08-01,LVH,Era53,followers,current,12670
2026-08-01,LVH,Era53,stream_duration,apr_late_2026,52.3
2026-08-01,LVH,Era53,stream_duration,aug_early_2026,0.0
2026-08-01,LVH,Era53,stream_duration,jul_early_2026,14.2
2026-08-01,LVH,Era53,stream_duration,jul_late_2026,26.0
2026-08-01,LVH,Era53,stream_duration,jun_early_2026,52.1
2026-08-01,LVH,Era53,stream_duration,jun_late_2026,38.9
2026-08-01,LVH,Era53,stream_duration,may_early_2026,14.4
2026-08-01,LVH,Era53,stream_duration,may_late_2026,67.1
2026-08-01,LVH,Era53,stream_duration,regular_season,35.6
2026-08-01,LVH,Era53,video_upload_count,apr_late_2026,0
2026-08-01,LVH,Era53,video_upload_count,aug_early_2026,0
2026-08-01,LVH,Era53,video_upload_count,jul_early_2026,0
2026-08-01,LVH,Era53,video_upload_count,jul_late_2026,0
2026-08-01,LVH,Era53,video_upload_count,jun_early_2026,0
2026-08-01,LVH,Era53,video_upload_count,jun_late_2026,0
2026-08-01,LVH,Era53,video_upload_count,may_early_2026,0
2026-08-01,LVH,Era53,video_upload_count,may_late_2026,0
2026-08-01,LVH,Era53,video_upload_count,regular_season,0
2026-08-01,LVH,Era53,video_view_count,aug_early_2026,0
2026-08-01,LVH,Era53,video_view_count,jul_early_2026,0
2026-08-01,LVH,Era53,video_view_count,jul_late_2026,0
2026-08-01,LVH,Era53,video_view_count,jun_early_2026,0
2026-08-01,LVH,Era53,video_view_count,jun_late_2026,0
2026-08-01,LVH,Era53,video_view_count,may_early_2026,0
2026-08-01,LVH,Era53,video_view_count,may_late_2026,0
2026-08-01,LVH,Era53,video_view_count,regular_season,0
2026-08-01,LVH,Era53,watch_time,aug_early_2026,0
2026-08-01,LVH,Era53,watch_time,jul_early_2026,23904
2026-08-01,LVH,Era53,watch_time,jul_late_2026,30525
2026-08-01,LVH,Era53,watch_time,jun_early_2026,28528
2026-08-01,LVH,Era53,watch_time,jun_late_2026,34566
2026-08-01,LVH,Era53,watch_time,may_early_2026,12339
2026-08-01,LVH,Era53,watch_time,may_late_2026,54486
2026-08-01,LVH,Era53,watch_time,regular_season,50489
2026-08-01,LVH,Era53,youtube_subscribers,current,15900
2026-08-01,LVH,Hirobosu,followers,current,2920
2026-08-01,LVH,Hirobosu,stream_duration,aug_early_2026,0.0
2026-08-01,LVH,Hirobosu,stream_duration,jul_early_2026,0.0
2026-08-01,LVH,Hirobosu,stream_duration,jul_late_2026,0.0
2026-08-01,LVH,Hirobosu,stream_duration,jun_late_2026,0.0
2026-08-01,LVH,Hirobosu,stream_duration,regular_season,0.0
2026-08-01,LVH,Hirobosu,video_upload_count,aug_early_2026,0
2026-08-01,LVH,Hirobosu,video_upload_count,jul_early_2026,0
2026-08-01,LVH,Hirobosu,video_upload_count,jul_late_2026,0
2026-08-01,LVH,Hirobosu,video_upload_count,jun_late_2026,0
2026-08-01,LVH,Hirobosu,video_upload_count,regular_season,0
2026-08-01,LVH,Hirobosu,video_view_count,aug_early_2026,0
2026-08-01,LVH,Hirobosu,video_view_count,jul_early_2026,0
2026-08-01,LVH,Hirobosu,video_view_count,jul_late_2026,0
2026-08-01,LVH,Hirobosu,video_view_count,regular_season,0
2026-08-01,LVH,Hirobosu,watch_time,aug_early_2026,0
2026-08-01,LVH,Hirobosu,watch_time,jul_early_2026,0
2026-08-01,LVH,Hirobosu,watch_time,jul_late_2026,0
2026-08-01,LVH,Hirobosu,watch_time,regular_season,0
2026-08-01,LVH,Hirobosu,youtube_subscribers,current,454
2026-08-01,LVH,rikka,followers,current,13707
2026-08-01,LVH,rikka,stream_duration,apr_late_2026,50.5
2026-08-01,LVH,rikka,stream_duration,aug_early_2026,0.2
2026-08-01,LVH,rikka,stream_duration,jul_early_2026,8.0
2026-08-01,LVH,rikka,stream_duration,jul_late_2026,19.1
2026-08-01,LVH,rikka,stream_duration,jun_early_2026,32.2
2026-08-01,LVH,rikka,stream_duration,jun_late_2026,33.0
2026-08-01,LVH,rikka,stream_duration,may_early_2026,39.5
2026-08-01,LVH,rikka,stream_duration,may_late_2026,7.5
2026-08-01,LVH,rikka,stream_duration,regular_season,19.3
2026-08-01,LVH,rikka,video_upload_count,apr_late_2026,0
2026-08-01,LVH,rikka,video_upload_count,aug_early_2026,0
2026-08-01,LVH,rikka,video_upload_count,jul_early_2026,0
2026-08-01,LVH,rikka,video_upload_count,jul_late_2026,0
2026-08-01,LVH,rikka,video_upload_count,jun_early_2026,0
2026-08-01,LVH,rikka,video_upload_count,jun_late_2026,0
2026-08-01,LVH,rikka,video_upload_count,may_early_2026,0
2026-08-01,LVH,rikka,video_upload_count,may_late_2026,0
2026-08-01,LVH,rikka,video_upload_count,regular_season,0
2026-08-01,LVH,rikka,video_view_count,aug_early_2026,0
2026-08-01,LVH,rikka,video_view_count,jul_early_2026,0
2026-08-01,LVH,rikka,video_view_count,jul_late_2026,0
2026-08-01,LVH,rikka,video_view_count,jun_early_2026,0
2026-08-01,LVH,rikka,video_view_count,jun_late_2026,0
2026-08-01,LVH,rikka,video_view_count,may_early_2026,0
2026-08-01,LVH,rikka,video_view_count,may_late_2026,0
2026-08-01,LVH,rikka,video_view_count,regular_season,0
2026-08-01,LVH,rikka,watch_time,aug_early_2026,50
2026-08-01,LVH,rikka,watch_time,jul_early_2026,3688
2026-08-01,LVH,rikka,watch_time,jul_late_2026,18976
2026-08-01,LVH,rikka,watch_time,jun_early_2026,13078
2026-08-01,LVH,rikka,watch_time,jun_late_2026,16924
2026-08-01,LVH,rikka,watch_time,may_early_2026,28442
2026-08-01,LVH,rikka,watch_time,may_late_2026,2528
2026-08-01,LVH,rikka,watch_time,regular_season,19029
2026-08-01,LVH,rikka,youtube_subscribers,current,12500
2026-08-01,LVH,だーよね,followers,current,3201
2026-08-01,LVH,だーよね,stream_duration,apr_late_2026,5.6
2026-08-01,LVH,だーよね,stream_duration,aug_early_2026,0.0
2026-08-01,LVH,だーよね,stream_duration,jul_early_2026,4.3
2026-08-01,LVH,だーよね,stream_duration,jul_late_2026,12.0
2026-08-01,LVH,だーよね,stream_duration,jun_early_2026,11.2
2026-08-01,LVH,だーよね,stream_duration,jun_late_2026,9.2
2026-08-01,LVH,だーよね,stream_duration,may_early_2026,18.7
2026-08-01,LVH,だーよね,stream_duration,may_late_2026,17.3
2026-08-01,LVH,だーよね,stream_duration,regular_season,12.0
2026-08-01,LVH,だーよね,video_upload_count,apr_late_2026,0
2026-08-01,LVH,だーよね,video_upload_count,aug_early_2026,0
2026-08-01,LVH,だーよね,video_upload_count,jul_early_2026,0
2026-08-01,LVH,だーよね,video_upload_count,jul_late_2026,0
2026-08-01,LVH,だーよね,video_upload_count,jun_early_2026,0
2026-08-01,LVH,だーよね,video_upload_count,jun_late_2026,0
2026-08-01,LVH,だーよね,video_upload_count,may_early_2026,0
2026-08-01,LVH,だーよね,video_upload_count,may_late_2026,0
2026-08-01,LVH,だーよね,video_upload_count,regular_season,0
2026-08-01,LVH,だーよね,video_view_count,aug_early_2026,0
2026-08-01,LVH,だーよね,video_view_count,jul_early_2026,0
2026-08-01,LVH,だーよね,video_view_count,jul_late_2026,0
2026-08-01,LVH,だーよね,video_view_count,jun_early_2026,0
2026-08-01,LVH,だーよね,video_view_count,jun_late_2026,0
2026-08-01,LVH,だーよね,video_view_count,may_early_2026,0
2026-08-01,LVH,だーよね,video_view_count,may_late_2026,0
2026-08-01,LVH,だーよね,video_view_count,regular_season,0
2026-08-01,LVH,だーよね,watch_time,aug_early_2026,0
2026-08-01,LVH,だーよね,watch_time,jul_early_2026,546
2026-08-01,LVH,だーよね,watch_time,jul_late_2026,1776
2026-08-01,LVH,だーよね,watch_time,jun_early_2026,866
2026-08-01,LVH,だーよね,watch_time,jun_late_2026,1013
2026-08-01,LVH,だーよね,watch_time,may_early_2026,2621
2026-08-01,LVH,だーよね,watch_time,may_late_2026,1566
2026-08-01,LVH,だーよね,watch_time,regular_season,1776
2026-08-01,LVH,だーよね,youtube_subscribers,current,1520
2026-08-01,LVH,智念せいら,followers,current,15468
2026-08-01,LVH,智念せいら,stream_duration,aug_early_2026,0.0
2026-08-01,LVH,智念せいら,stream_duration,jul_early_2026,19.6
2026-08-01,LVH,智念せいら,stream_duration,jul_late_2026,21.5
2026-08-01,LVH,智念せいら,stream_duration,jun_late_2026,17.6
2026-08-01,LVH,智念せいら,stream_duration,regular_season,28.7
2026-08-01,LVH,智念せいら,video_upload_count,aug_early_2026,0
2026-08-01,LVH,智念せいら,video_upload_count,jul_early_2026,9
2026-08-01,LVH,智念せいら,video_upload_count,jul_late_2026,2
2026-08-01,LVH,智念せいら,video_upload_count,jun_late_2026,6
2026-08-01,LVH,智念せいら,video_upload_count,regular_season,7
2026-08-01,LVH,智念せいら,video_view_count,aug_early_2026,0
2026-08-01,LVH,智念せいら,video_view_count,jul_early_2026,617975
2026-08-01,LVH,智念せいら,video_view_count,jul_late_2026,148648
2026-08-01,LVH,智念せいら,video_view_count,regular_season,545964
2026-08-01,LVH,智念せいら,watch_time,aug_early_2026,0
2026-08-01,LVH,智念せいら,watch_time,jul_early_2026,30693
2026-08-01,LVH,智念せいら,watch_time,jul_late_2026,26610
2026-08-01,LVH,智念せいら,watch_time,regular_season,34707
2026-08-01,LVH,智念せいら,youtube_subscribers,current,60800
2026-08-01,MRG,Spicies,followers,current,32938
2026-08-01,MRG,Spicies,stream_duration,apr_late_2026,97.2
2026-08-01,MRG,Spicies,stream_duration,aug_early_2026,0.0
2026-08-01,MRG,Spicies,stream_duration,jul_early_2026,22.0
2026-08-01,MRG,Spicies,stream_duration,jul_late_2026,20.6
2026-08-01,MRG,Spicies,stream_duration,jun_early_2026,84.2
2026-08-01,MRG,Spicies,stream_duration,jun_late_2026,55.6
2026-08-01,MRG,Spicies,stream_duration,may_early_2026,40.3
2026-08-01,MRG,Spicies,stream_duration,may_late_2026,52.1
2026-08-01,MRG,Spicies,stream_duration,regular_season,29.9
2026-08-01,MRG,Spicies,video_upload_count,apr_late_2026,12
2026-08-01,MRG,Spicies,video_upload_count,aug_early_2026,0
2026-08-01,MRG,Spicies,video_upload_count,jul_early_2026,2
2026-08-01,MRG,Spicies,video_upload_count,jul_late_2026,1
2026-08-01,MRG,Spicies,video_upload_count,jun_early_2026,3
2026-08-01,MRG,Spicies,video_upload_count,jun_late_2026,4
2026-08-01,MRG,Spicies,video_upload_count,may_early_2026,6
2026-08-01,MRG,Spicies,video_upload_count,may_late_2026,5
2026-08-01,MRG,Spicies,video_upload_count,regular_season,2
2026-08-01,MRG,Spicies,video_view_count,aug_early_2026,0
2026-08-01,MRG,Spicies,video_view_count,jul_early_2026,54296
2026-08-01,MRG,Spicies,video_view_count,jul_late_2026,0
2026-08-01,MRG,Spicies,video_view_count,jun_early_2026,44105
2026-08-01,MRG,Spicies,video_view_count,jun_late_2026,103158
2026-08-01,MRG,Spicies,video_view_count,may_early_2026,167728
2026-08-01,MRG,Spicies,video_view_count,may_late_2026,96387
2026-08-01,MRG,Spicies,video_view_count,regular_season,23230
2026-08-01,MRG,Spicies,watch_time,aug_early_2026,0
2026-08-01,MRG,Spicies,watch_time,jul_early_2026,47762
2026-08-01,MRG,Spicies,watch_time,jul_late_2026,28397
2026-08-01,MRG,Spicies,watch_time,jun_early_2026,105722
2026-08-01,MRG,Spicies,watch_time,jun_late_2026,122304
2026-08-01,MRG,Spicies,watch_time,may_early_2026,99977
2026-08-01,MRG,Spicies,watch_time,may_late_2026,89154
2026-08-01,MRG,Spicies,watch_time,regular_season,51153
2026-08-01,MRG,Spicies,youtube_subscribers,current,42100
2026-08-01,MRG,Toby,followers,current,18890
2026-08-01,MRG,Toby,stream_duration,apr_late_2026,39.2
2026-08-01,MRG,Toby,stream_duration,aug_early_2026,1.0
2026-08-01,MRG,Toby,stream_duration,jul_early_2026,12.6
2026-08-01,MRG,Toby,stream_duration,jul_late_2026,2.4
2026-08-01,MRG,Toby,stream_duration,jun_early_2026,6.3
2026-08-01,MRG,Toby,stream_duration,jun_late_2026,32.7
2026-08-01,MRG,Toby,stream_duration,may_early_2026,18.5
2026-08-01,MRG,Toby,stream_duration,may_late_2026,25.8
2026-08-01,MRG,Toby,stream_duration,regular_season,8.3
2026-08-01,MRG,Toby,video_upload_count,apr_late_2026,0
2026-08-01,MRG,Toby,video_upload_count,aug_early_2026,0
2026-08-01,MRG,Toby,video_upload_count,jul_early_2026,0
2026-08-01,MRG,Toby,video_upload_count,jul_late_2026,0
2026-08-01,MRG,Toby,video_upload_count,jun_early_2026,0
2026-08-01,MRG,Toby,video_upload_count,jun_late_2026,2
2026-08-01,MRG,Toby,video_upload_count,may_early_2026,0
2026-08-01,MRG,Toby,video_upload_count,may_late_2026,0
2026-08-01,MRG,Toby,video_upload_count,regular_season,0
2026-08-01,MRG,Toby,video_view_count,aug_early_2026,0
2026-08-01,MRG,Toby,video_view_count,jul_early_2026,0
2026-08-01,MRG,Toby,video_view_count,jul_late_2026,0
2026-08-01,MRG,Toby,video_view_count,jun_early_2026,0
2026-08-01,MRG,Toby,video_view_count,jun_late_2026,14358
2026-08-01,MRG,Toby,video_view_count,may_early_2026,0
2026-08-01,MRG,Toby,video_view_count,may_late_2026,0
2026-08-01,MRG,Toby,video_view_count,regular_season,0
2026-08-01,MRG,Toby,watch_time,aug_early_2026,2865
2026-08-01,MRG,Toby,watch_time,jul_early_2026,19385
2026-08-01,MRG,Toby,watch_time,jul_late_2026,3958
2026-08-01,MRG,Toby,watch_time,jun_early_2026,4704
2026-08-01,MRG,Toby,watch_time,jun_late_2026,66426
2026-08-01,MRG,Toby,watch_time,may_early_2026,28670
2026-08-01,MRG,Toby,watch_time,may_late_2026,19931
2026-08-01,MRG,Toby,watch_time,regular_season,13058
2026-08-01,MRG,Toby,youtube_subscribers,current,16800
2026-08-01,MRG,glory,followers,current,14959
2026-08-01,MRG,glory,stream_duration,apr_late_2026,82.8
2026-08-01,MRG,glory,stream_duration,aug_early_2026,0.0
2026-08-01,MRG,glory,stream_duration,jul_early_2026,33.2
2026-08-01,MRG,glory,stream_duration,jul_late_2026,28.6
2026-08-01,MRG,glory,stream_duration,jun_early_2026,64.5
2026-08-01,MRG,glory,stream_duration,jun_late_2026,61.2
2026-08-01,MRG,glory,stream_duration,may_early_2026,48.3
2026-08-01,MRG,glory,stream_duration,may_late_2026,82.8
2026-08-01,MRG,glory,stream_duration,regular_season,43.7
2026-08-01,MRG,glory,video_upload_count,apr_late_2026,0
2026-08-01,MRG,glory,video_upload_count,aug_early_2026,0
2026-08-01,MRG,glory,video_upload_count,jul_early_2026,0
2026-08-01,MRG,glory,video_upload_count,jul_late_2026,0
2026-08-01,MRG,glory,video_upload_count,jun_early_2026,0
2026-08-01,MRG,glory,video_upload_count,jun_late_2026,0
2026-08-01,MRG,glory,video_upload_count,may_early_2026,0
2026-08-01,MRG,glory,video_upload_count,may_late_2026,0
2026-08-01,MRG,glory,video_upload_count,regular_season,0
2026-08-01,MRG,glory,video_view_count,aug_early_2026,0
2026-08-01,MRG,glory,video_view_count,jul_early_2026,0
2026-08-01,MRG,glory,video_view_count,jul_late_2026,0
2026-08-01,MRG,glory,video_view_count,jun_early_2026,0
2026-08-01,MRG,glory,video_view_count,jun_late_2026,0
2026-08-01,MRG,glory,video_view_count,may_early_2026,0
2026-08-01,MRG,glory,video_view_count,may_late_2026,0
2026-08-01,MRG,glory,video_view_count,regular_season,0
2026-08-01,MRG,glory,watch_time,aug_early_2026,0
2026-08-01,MRG,glory,watch_time,jul_early_2026,28636
2026-08-01,MRG,glory,watch_time,jul_late_2026,31369
2026-08-01,MRG,glory,watch_time,jun_early_2026,23062
2026-08-01,MRG,glory,watch_time,jun_late_2026,29182
2026-08-01,MRG,glory,watch_time,may_early_2026,28275
2026-08-01,MRG,glory,watch_time,may_late_2026,42240
2026-08-01,MRG,glory,watch_time,regular_season,45050
2026-08-01,MRG,glory,youtube_subscribers,current,7980
2026-08-01,MRG,もっちゃま,followers,current,10033
2026-08-01,MRG,もっちゃま,stream_duration,aug_early_2026,0.0
2026-08-01,MRG,もっちゃま,stream_duration,jul_early_2026,82.5
2026-08-01,MRG,もっちゃま,stream_duration,jul_late_2026,67.4
2026-08-01,MRG,もっちゃま,stream_duration,jun_late_2026,40.9
2026-08-01,MRG,もっちゃま,stream_duration,regular_season,81.0
2026-08-01,MRG,もっちゃま,video_upload_count,aug_early_2026,0
2026-08-01,MRG,もっちゃま,video_upload_count,jul_early_2026,0
2026-08-01,MRG,もっちゃま,video_upload_count,jul_late_2026,0
2026-08-01,MRG,もっちゃま,video_upload_count,jun_late_2026,0
2026-08-01,MRG,もっちゃま,video_upload_count,regular_season,0
2026-08-01,MRG,もっちゃま,video_view_count,aug_early_2026,0
2026-08-01,MRG,もっちゃま,video_view_count,jul_early_2026,0
2026-08-01,MRG,もっちゃま,video_view_count,jul_late_2026,0
2026-08-01,MRG,もっちゃま,video_view_count,regular_season,0
2026-08-01,MRG,もっちゃま,watch_time,aug_early_2026,0
2026-08-01,MRG,もっちゃま,watch_time,jul_early_2026,116677
2026-08-01,MRG,もっちゃま,watch_time,jul_late_2026,102904
2026-08-01,MRG,もっちゃま,watch_time,regular_season,125962
2026-08-01,MRG,もっちゃま,youtube_subscribers,current,18000
2026-08-01,MRG,マイト,followers,current,11478
2026-08-01,MRG,マイト,stream_duration,apr_late_2026,90.4
2026-08-01,MRG,マイト,stream_duration,aug_early_2026,0.0
2026-08-01,MRG,マイト,stream_duration,jul_early_2026,22.0
2026-08-01,MRG,マイト,stream_duration,jul_late_2026,9.9
2026-08-01,MRG,マイト,stream_duration,jun_early_2026,54.9
2026-08-01,MRG,マイト,stream_duration,jun_late_2026,51.3
2026-08-01,MRG,マイト,stream_duration,may_early_2026,49.9
2026-08-01,MRG,マイト,stream_duration,may_late_2026,60.4
2026-08-01,MRG,マイト,stream_duration,regular_season,11.8
2026-08-01,MRG,マイト,video_upload_count,apr_late_2026,1
2026-08-01,MRG,マイト,video_upload_count,aug_early_2026,1
2026-08-01,MRG,マイト,video_upload_count,jul_early_2026,3
2026-08-01,MRG,マイト,video_upload_count,jul_late_2026,3
2026-08-01,MRG,マイト,video_upload_count,jun_early_2026,0
2026-08-01,MRG,マイト,video_upload_count,jun_late_2026,4
2026-08-01,MRG,マイト,video_upload_count,may_early_2026,0
2026-08-01,MRG,マイト,video_upload_count,may_late_2026,0
2026-08-01,MRG,マイト,video_upload_count,regular_season,4
2026-08-01,MRG,マイト,video_view_count,aug_early_2026,0
2026-08-01,MRG,マイト,video_view_count,jul_early_2026,50094
2026-08-01,MRG,マイト,video_view_count,jul_late_2026,42932
2026-08-01,MRG,マイト,video_view_count,jun_early_2026,0
2026-08-01,MRG,マイト,video_view_count,jun_late_2026,52957
2026-08-01,MRG,マイト,video_view_count,may_early_2026,0
2026-08-01,MRG,マイト,video_view_count,may_late_2026,0
2026-08-01,MRG,マイト,video_view_count,regular_season,42932
2026-08-01,MRG,マイト,watch_time,aug_early_2026,0
2026-08-01,MRG,マイト,watch_time,jul_early_2026,34758
2026-08-01,MRG,マイト,watch_time,jul_late_2026,9407
2026-08-01,MRG,マイト,watch_time,jun_early_2026,58593
2026-08-01,MRG,マイト,watch_time,jun_late_2026,66965
2026-08-01,MRG,マイト,watch_time,may_early_2026,73329
2026-08-01,MRG,マイト,watch_time,may_late_2026,80542
2026-08-01,MRG,マイト,watch_time,regular_season,11360
2026-08-01,MRG,マイト,youtube_subscribers,current,35800
2026-08-01,RC,あぐのむ,followers,current,27318
2026-08-01,RC,あぐのむ,stream_duration,apr_late_2026,12.7
2026-08-01,RC,あぐのむ,stream_duration,aug_early_2026,0.0
2026-08-01,RC,あぐのむ,stream_duration,jul_early_2026,7.4
2026-08-01,RC,あぐのむ,stream_duration,jul_late_2026,1.4
2026-08-01,RC,あぐのむ,stream_duration,jun_early_2026,18.5
2026-08-01,RC,あぐのむ,stream_duration,jun_late_2026,6.1
2026-08-01,RC,あぐのむ,stream_duration,may_early_2026,12.4
2026-08-01,RC,あぐのむ,stream_duration,may_late_2026,0.9
2026-08-01,RC,あぐのむ,stream_duration,regular_season,8.8
2026-08-01,RC,あぐのむ,video_upload_count,apr_late_2026,2
2026-08-01,RC,あぐのむ,video_upload_count,aug_early_2026,0
2026-08-01,RC,あぐのむ,video_upload_count,jul_early_2026,1
2026-08-01,RC,あぐのむ,video_upload_count,jul_late_2026,0
2026-08-01,RC,あぐのむ,video_upload_count,jun_early_2026,0
2026-08-01,RC,あぐのむ,video_upload_count,jun_late_2026,3
2026-08-01,RC,あぐのむ,video_upload_count,may_early_2026,2
2026-08-01,RC,あぐのむ,video_upload_count,may_late_2026,0
2026-08-01,RC,あぐのむ,video_upload_count,regular_season,0
2026-08-01,RC,あぐのむ,video_view_count,aug_early_2026,0
2026-08-01,RC,あぐのむ,video_view_count,jul_early_2026,17335
2026-08-01,RC,あぐのむ,video_view_count,jul_late_2026,0
2026-08-01,RC,あぐのむ,video_view_count,jun_early_2026,0
2026-08-01,RC,あぐのむ,video_view_count,jun_late_2026,52049
2026-08-01,RC,あぐのむ,video_view_count,may_early_2026,20087
2026-08-01,RC,あぐのむ,video_view_count,may_late_2026,0
2026-08-01,RC,あぐのむ,video_view_count,regular_season,0
2026-08-01,RC,あぐのむ,watch_time,aug_early_2026,0
2026-08-01,RC,あぐのむ,watch_time,jul_early_2026,4303
2026-08-01,RC,あぐのむ,watch_time,jul_late_2026,1014
2026-08-01,RC,あぐのむ,watch_time,jun_early_2026,3773
2026-08-01,RC,あぐのむ,watch_time,jun_late_2026,1718
2026-08-01,RC,あぐのむ,watch_time,may_early_2026,7048
2026-08-01,RC,あぐのむ,watch_time,may_late_2026,45
2026-08-01,RC,あぐのむ,watch_time,regular_season,5311
2026-08-01,RC,あぐのむ,youtube_subscribers,current,35400
2026-08-01,RC,たばた,followers,current,11338
2026-08-01,RC,たばた,stream_duration,apr_late_2026,3.1
2026-08-01,RC,たばた,stream_duration,aug_early_2026,0.0
2026-08-01,RC,たばた,stream_duration,jul_early_2026,9.6
2026-08-01,RC,たばた,stream_duration,jul_late_2026,8.3
2026-08-01,RC,たばた,stream_duration,jun_early_2026,49.8
2026-08-01,RC,たばた,stream_duration,jun_late_2026,19.5
2026-08-01,RC,たばた,stream_duration,may_early_2026,4.0
2026-08-01,RC,たばた,stream_duration,may_late_2026,4.6
2026-08-01,RC,たばた,stream_duration,regular_season,9.5
2026-08-01,RC,たばた,video_upload_count,apr_late_2026,0
2026-08-01,RC,たばた,video_upload_count,aug_early_2026,0
2026-08-01,RC,たばた,video_upload_count,jul_early_2026,0
2026-08-01,RC,たばた,video_upload_count,jul_late_2026,3
2026-08-01,RC,たばた,video_upload_count,jun_early_2026,1
2026-08-01,RC,たばた,video_upload_count,jun_late_2026,2
2026-08-01,RC,たばた,video_upload_count,may_early_2026,0
2026-08-01,RC,たばた,video_upload_count,may_late_2026,1
2026-08-01,RC,たばた,video_upload_count,regular_season,3
2026-08-01,RC,たばた,video_view_count,aug_early_2026,0
2026-08-01,RC,たばた,video_view_count,jul_early_2026,0
2026-08-01,RC,たばた,video_view_count,jul_late_2026,28883
2026-08-01,RC,たばた,video_view_count,jun_early_2026,2922
2026-08-01,RC,たばた,video_view_count,jun_late_2026,7648
2026-08-01,RC,たばた,video_view_count,may_early_2026,0
2026-08-01,RC,たばた,video_view_count,may_late_2026,3273
2026-08-01,RC,たばた,video_view_count,regular_season,28883
2026-08-01,RC,たばた,watch_time,aug_early_2026,0
2026-08-01,RC,たばた,watch_time,jul_early_2026,982
2026-08-01,RC,たばた,watch_time,jul_late_2026,2352
2026-08-01,RC,たばた,watch_time,jun_early_2026,3924
2026-08-01,RC,たばた,watch_time,jun_late_2026,1715
2026-08-01,RC,たばた,watch_time,may_early_2026,75
2026-08-01,RC,たばた,watch_time,may_late_2026,101
2026-08-01,RC,たばた,watch_time,regular_season,2616
2026-08-01,RC,たばた,youtube_subscribers,current,3950
2026-08-01,RC,つきあかめん,followers,current,3664
2026-08-01,RC,つきあかめん,stream_duration,aug_early_2026,3.8
2026-08-01,RC,つきあかめん,stream_duration,jul_early_2026,43.3
2026-08-01,RC,つきあかめん,stream_duration,jul_late_2026,41.4
2026-08-01,RC,つきあかめん,stream_duration,jun_late_2026,41.7
2026-08-01,RC,つきあかめん,stream_duration,regular_season,56.9
2026-08-01,RC,つきあかめん,video_upload_count,aug_early_2026,0
2026-08-01,RC,つきあかめん,video_upload_count,jul_early_2026,3
2026-08-01,RC,つきあかめん,video_upload_count,jul_late_2026,1
2026-08-01,RC,つきあかめん,video_upload_count,jun_late_2026,1
2026-08-01,RC,つきあかめん,video_upload_count,regular_season,1
2026-08-01,RC,つきあかめん,video_view_count,aug_early_2026,0
2026-08-01,RC,つきあかめん,video_view_count,jul_early_2026,34698
2026-08-01,RC,つきあかめん,video_view_count,jul_late_2026,6154
2026-08-01,RC,つきあかめん,video_view_count,regular_season,6154
2026-08-01,RC,つきあかめん,watch_time,aug_early_2026,983
2026-08-01,RC,つきあかめん,watch_time,jul_early_2026,17481
2026-08-01,RC,つきあかめん,watch_time,jul_late_2026,14723
2026-08-01,RC,つきあかめん,watch_time,regular_season,21641
2026-08-01,RC,つきあかめん,youtube_subscribers,current,6920
2026-08-01,RC,ぱらちゃん,followers,current,34713
2026-08-01,RC,ぱらちゃん,stream_duration,apr_late_2026,54.1
2026-08-01,RC,ぱらちゃん,stream_duration,aug_early_2026,0.0
2026-08-01,RC,ぱらちゃん,stream_duration,jul_early_2026,37.5
2026-08-01,RC,ぱらちゃん,stream_duration,jul_late_2026,33.0
2026-08-01,RC,ぱらちゃん,stream_duration,jun_early_2026,20.4
2026-08-01,RC,ぱらちゃん,stream_duration,jun_late_2026,35.2
2026-08-01,RC,ぱらちゃん,stream_duration,may_early_2026,37.5
2026-08-01,RC,ぱらちゃん,stream_duration,may_late_2026,48.8
2026-08-01,RC,ぱらちゃん,stream_duration,regular_season,45.0
2026-08-01,RC,ぱらちゃん,video_upload_count,apr_late_2026,2
2026-08-01,RC,ぱらちゃん,video_upload_count,aug_early_2026,0
2026-08-01,RC,ぱらちゃん,video_upload_count,jul_early_2026,0
2026-08-01,RC,ぱらちゃん,video_upload_count,jul_late_2026,0
2026-08-01,RC,ぱらちゃん,video_upload_count,jun_early_2026,1
2026-08-01,RC,ぱらちゃん,video_upload_count,jun_late_2026,1
2026-08-01,RC,ぱらちゃん,video_upload_count,may_early_2026,9
2026-08-01,RC,ぱらちゃん,video_upload_count,may_late_2026,4
2026-08-01,RC,ぱらちゃん,video_upload_count,regular_season,0
2026-08-01,RC,ぱらちゃん,video_view_count,aug_early_2026,0
2026-08-01,RC,ぱらちゃん,video_view_count,jul_early_2026,0
2026-08-01,RC,ぱらちゃん,video_view_count,jul_late_2026,0
2026-08-01,RC,ぱらちゃん,video_view_count,jun_early_2026,16237
2026-08-01,RC,ぱらちゃん,video_view_count,jun_late_2026,27561
2026-08-01,RC,ぱらちゃん,video_view_count,may_early_2026,159462
2026-08-01,RC,ぱらちゃん,video_view_count,may_late_2026,76393
2026-08-01,RC,ぱらちゃん,video_view_count,regular_season,0
2026-08-01,RC,ぱらちゃん,watch_time,aug_early_2026,0
2026-08-01,RC,ぱらちゃん,watch_time,jul_early_2026,47653
2026-08-01,RC,ぱらちゃん,watch_time,jul_late_2026,28629
2026-08-01,RC,ぱらちゃん,watch_time,jun_early_2026,14828
2026-08-01,RC,ぱらちゃん,watch_time,jun_late_2026,41002
2026-08-01,RC,ぱらちゃん,watch_time,may_early_2026,54871
2026-08-01,RC,ぱらちゃん,watch_time,may_late_2026,47272
2026-08-01,RC,ぱらちゃん,watch_time,regular_season,40900
2026-08-01,RC,ぱらちゃん,youtube_subscribers,current,45599
2026-08-01,RC,拓海,followers,current,10264
2026-08-01,RC,拓海,stream_duration,apr_late_2026,26.1
2026-08-01,RC,拓海,stream_duration,aug_early_2026,0.0
2026-08-01,RC,拓海,stream_duration,jul_early_2026,30.3
2026-08-01,RC,拓海,stream_duration,jul_late_2026,40.2
2026-08-01,RC,拓海,stream_duration,jun_early_2026,0.0
2026-08-01,RC,拓海,stream_duration,jun_late_2026,55.1
2026-08-01,RC,拓海,stream_duration,may_early_2026,33.3
2026-08-01,RC,拓海,stream_duration,may_late_2026,14.7
2026-08-01,RC,拓海,stream_duration,regular_season,47.5
2026-08-01,RC,拓海,video_upload_count,apr_late_2026,0
2026-08-01,RC,拓海,video_upload_count,aug_early_2026,0
2026-08-01,RC,拓海,video_upload_count,jul_early_2026,1
2026-08-01,RC,拓海,video_upload_count,jul_late_2026,0
2026-08-01,RC,拓海,video_upload_count,jun_early_2026,2
2026-08-01,RC,拓海,video_upload_count,jun_late_2026,1
2026-08-01,RC,拓海,video_upload_count,may_early_2026,0
2026-08-01,RC,拓海,video_upload_count,may_late_2026,0
2026-08-01,RC,拓海,video_upload_count,regular_season,0
2026-08-01,RC,拓海,video_view_count,aug_early_2026,0
2026-08-01,RC,拓海,video_view_count,jul_early_2026,6767
2026-08-01,RC,拓海,video_view_count,jul_late_2026,0
2026-08-01,RC,拓海,video_view_count,jun_early_2026,32895
2026-08-01,RC,拓海,video_view_count,jun_late_2026,5275
2026-08-01,RC,拓海,video_view_count,may_early_2026,0
2026-08-01,RC,拓海,video_view_count,may_late_2026,0
2026-08-01,RC,拓海,video_view_count,regular_season,0
2026-08-01,RC,拓海,watch_time,aug_early_2026,0
2026-08-01,RC,拓海,watch_time,jul_early_2026,5850
2026-08-01,RC,拓海,watch_time,jul_late_2026,8922
2026-08-01,RC,拓海,watch_time,jun_early_2026,0
2026-08-01,RC,拓海,watch_time,jun_late_2026,5019
2026-08-01,RC,拓海,watch_time,may_early_2026,2915
2026-08-01,RC,拓海,watch_time,may_late_2026,978
2026-08-01,RC,拓海,watch_time,regular_season,10052
2026-08-01,RC,拓海,youtube_subscribers,current,5540
2026-08-01,RDL,Chappy,followers,current,2571
2026-08-01,RDL,Chappy,stream_duration,aug_early_2026,0.0
2026-08-01,RDL,Chappy,stream_duration,jul_early_2026,78.2
2026-08-01,RDL,Chappy,stream_duration,jul_late_2026,32.0
2026-08-01,RDL,Chappy,stream_duration,jun_late_2026,93.0
2026-08-01,RDL,Chappy,stream_duration,regular_season,46.2
2026-08-01,RDL,Chappy,video_upload_count,aug_early_2026,0
2026-08-01,RDL,Chappy,video_upload_count,jul_early_2026,0
2026-08-01,RDL,Chappy,video_upload_count,jul_late_2026,0
2026-08-01,RDL,Chappy,video_upload_count,jun_late_2026,0
2026-08-01,RDL,Chappy,video_upload_count,regular_season,0
2026-08-01,RDL,Chappy,video_view_count,aug_early_2026,0
2026-08-01,RDL,Chappy,video_view_count,jul_early_2026,0
2026-08-01,RDL,Chappy,video_view_count,jul_late_2026,0
2026-08-01,RDL,Chappy,video_view_count,regular_season,0
2026-08-01,RDL,Chappy,watch_time,aug_early_2026,0
2026-08-01,RDL,Chappy,watch_time,jul_early_2026,11737
2026-08-01,RDL,Chappy,watch_time,jul_late_2026,3388
2026-08-01,RDL,Chappy,watch_time,regular_season,5311
2026-08-01,RDL,Stylish_deko,followers,current,1641
2026-08-01,RDL,Stylish_deko,stream_duration,aug_early_2026,1.5
2026-08-01,RDL,Stylish_deko,stream_duration,jul_early_2026,29.9
2026-08-01,RDL,Stylish_deko,stream_duration,jul_late_2026,18.1
2026-08-01,RDL,Stylish_deko,stream_duration,jun_late_2026,39.0
2026-08-01,RDL,Stylish_deko,stream_duration,regular_season,24.7
2026-08-01,RDL,Stylish_deko,video_upload_count,aug_early_2026,0
2026-08-01,RDL,Stylish_deko,video_upload_count,jul_early_2026,1
2026-08-01,RDL,Stylish_deko,video_upload_count,jul_late_2026,0
2026-08-01,RDL,Stylish_deko,video_upload_count,jun_late_2026,2
2026-08-01,RDL,Stylish_deko,video_upload_count,regular_season,0
2026-08-01,RDL,Stylish_deko,video_view_count,aug_early_2026,0
2026-08-01,RDL,Stylish_deko,video_view_count,jul_early_2026,932
2026-08-01,RDL,Stylish_deko,video_view_count,jul_late_2026,0
2026-08-01,RDL,Stylish_deko,video_view_count,regular_season,0
2026-08-01,RDL,Stylish_deko,watch_time,aug_early_2026,76
2026-08-01,RDL,Stylish_deko,watch_time,jul_early_2026,1858
2026-08-01,RDL,Stylish_deko,watch_time,jul_late_2026,1190
2026-08-01,RDL,Stylish_deko,watch_time,regular_season,1414
2026-08-01,RDL,Stylish_deko,youtube_subscribers,current,491
2026-08-01,RDL,ぱんさく,followers,current,1137
2026-08-01,RDL,ぱんさく,stream_duration,aug_early_2026,0.0
2026-08-01,RDL,ぱんさく,stream_duration,jul_early_2026,5.5
2026-08-01,RDL,ぱんさく,stream_duration,jul_late_2026,1.1
2026-08-01,RDL,ぱんさく,stream_duration,jun_late_2026,15.8
2026-08-01,RDL,ぱんさく,stream_duration,regular_season,2.9
2026-08-01,RDL,ぱんさく,video_upload_count,aug_early_2026,0
2026-08-01,RDL,ぱんさく,video_upload_count,jul_early_2026,0
2026-08-01,RDL,ぱんさく,video_upload_count,jul_late_2026,0
2026-08-01,RDL,ぱんさく,video_upload_count,jun_late_2026,0
2026-08-01,RDL,ぱんさく,video_upload_count,regular_season,0
2026-08-01,RDL,ぱんさく,video_view_count,aug_early_2026,0
2026-08-01,RDL,ぱんさく,video_view_count,jul_early_2026,0
2026-08-01,RDL,ぱんさく,video_view_count,jul_late_2026,0
2026-08-01,RDL,ぱんさく,video_view_count,regular_season,0
2026-08-01,RDL,ぱんさく,watch_time,aug_early_2026,0
2026-08-01,RDL,ぱんさく,watch_time,jul_early_2026,79
2026-08-01,RDL,ぱんさく,watch_time,jul_late_2026,13
2026-08-01,RDL,ぱんさく,watch_time,regular_season,50
2026-08-01,RDL,ぱんさく,youtube_subscribers,current,204
2026-08-01,RDL,山田レクイエム,followers,current,2085
2026-08-01,RDL,山田レクイエム,stream_duration,aug_early_2026,0.0
2026-08-01,RDL,山田レクイエム,stream_duration,jul_early_2026,0.0
2026-08-01,RDL,山田レクイエム,stream_duration,jul_late_2026,0.0
2026-08-01,RDL,山田レクイエム,stream_duration,jun_late_2026,15.4
2026-08-01,RDL,山田レクイエム,stream_duration,regular_season,0.0
2026-08-01,RDL,山田レクイエム,video_upload_count,aug_early_2026,0
2026-08-01,RDL,山田レクイエム,video_upload_count,jul_early_2026,0
2026-08-01,RDL,山田レクイエム,video_upload_count,jul_late_2026,0
2026-08-01,RDL,山田レクイエム,video_upload_count,jun_late_2026,0
2026-08-01,RDL,山田レクイエム,video_upload_count,regular_season,0
2026-08-01,RDL,山田レクイエム,video_view_count,aug_early_2026,0
2026-08-01,RDL,山田レクイエム,video_view_count,jul_early_2026,0
2026-08-01,RDL,山田レクイエム,video_view_count,jul_late_2026,0
2026-08-01,RDL,山田レクイエム,video_view_count,regular_season,0
2026-08-01,RDL,山田レクイエム,watch_time,aug_early_2026,0
2026-08-01,RDL,山田レクイエム,watch_time,jul_early_2026,0
2026-08-01,RDL,山田レクイエム,watch_time,jul_late_2026,0
2026-08-01,RDL,山田レクイエム,watch_time,regular_season,0
2026-08-01,RDL,山田レクイエム,youtube_subscribers,current,304
2026-08-01,RDL,折り紙,followers,current,5122
2026-08-01,RDL,折り紙,stream_duration,apr_late_2026,74.4
2026-08-01,RDL,折り紙,stream_duration,aug_early_2026,0.0
2026-08-01,RDL,折り紙,stream_duration,jul_early_2026,25.6
2026-08-01,RDL,折り紙,stream_duration,jul_late_2026,10.4
2026-08-01,RDL,折り紙,stream_duration,jun_early_2026,47.1
2026-08-01,RDL,折り紙,stream_duration,jun_late_2026,33.0
2026-08-01,RDL,折り紙,stream_duration,may_early_2026,50.5
2026-08-01,RDL,折り紙,stream_duration,may_late_2026,54.7
2026-08-01,RDL,折り紙,stream_duration,regular_season,17.5
2026-08-01,RDL,折り紙,video_upload_count,apr_late_2026,5
2026-08-01,RDL,折り紙,video_upload_count,aug_early_2026,0
2026-08-01,RDL,折り紙,video_upload_count,jul_early_2026,3
2026-08-01,RDL,折り紙,video_upload_count,jul_late_2026,0
2026-08-01,RDL,折り紙,video_upload_count,jun_early_2026,3
2026-08-01,RDL,折り紙,video_upload_count,jun_late_2026,3
2026-08-01,RDL,折り紙,video_upload_count,may_early_2026,3
2026-08-01,RDL,折り紙,video_upload_count,may_late_2026,5
2026-08-01,RDL,折り紙,video_upload_count,regular_season,0
2026-08-01,RDL,折り紙,video_view_count,aug_early_2026,0
2026-08-01,RDL,折り紙,video_view_count,jul_early_2026,59767
2026-08-01,RDL,折り紙,video_view_count,jul_late_2026,0
2026-08-01,RDL,折り紙,video_view_count,jun_early_2026,43730
2026-08-01,RDL,折り紙,video_view_count,jun_late_2026,88530
2026-08-01,RDL,折り紙,video_view_count,may_early_2026,107876
2026-08-01,RDL,折り紙,video_view_count,may_late_2026,66564
2026-08-01,RDL,折り紙,video_view_count,regular_season,0
2026-08-01,RDL,折り紙,watch_time,aug_early_2026,0
2026-08-01,RDL,折り紙,watch_time,jul_early_2026,6628
2026-08-01,RDL,折り紙,watch_time,jul_late_2026,751
2026-08-01,RDL,折り紙,watch_time,jun_early_2026,5895
2026-08-01,RDL,折り紙,watch_time,jun_late_2026,4608
2026-08-01,RDL,折り紙,watch_time,may_early_2026,7528
2026-08-01,RDL,折り紙,watch_time,may_late_2026,9118
2026-08-01,RDL,折り紙,watch_time,regular_season,2100
2026-08-01,RDL,折り紙,youtube_subscribers,current,14400
2026-08-01,VRL,Mishadow51,followers,current,2969
2026-08-01,VRL,Mishadow51,stream_duration,apr_late_2026,0.0
2026-08-01,VRL,Mishadow51,stream_duration,aug_early_2026,0.0
2026-08-01,VRL,Mishadow51,stream_duration,jul_early_2026,0.0
2026-08-01,VRL,Mishadow51,stream_duration,jul_late_2026,0.0
2026-08-01,VRL,Mishadow51,stream_duration,jun_early_2026,0.0
2026-08-01,VRL,Mishadow51,stream_duration,jun_late_2026,0.0
2026-08-01,VRL,Mishadow51,stream_duration,may_early_2026,0.0
2026-08-01,VRL,Mishadow51,stream_duration,may_late_2026,0.0
2026-08-01,VRL,Mishadow51,stream_duration,regular_season,0.0
2026-08-01,VRL,Mishadow51,video_upload_count,apr_late_2026,0
2026-08-01,VRL,Mishadow51,video_upload_count,aug_early_2026,0
2026-08-01,VRL,Mishadow51,video_upload_count,jul_early_2026,0
2026-08-01,VRL,Mishadow51,video_upload_count,jul_late_2026,0
2026-08-01,VRL,Mishadow51,video_upload_count,jun_early_2026,0
2026-08-01,VRL,Mishadow51,video_upload_count,jun_late_2026,0
2026-08-01,VRL,Mishadow51,video_upload_count,may_early_2026,0
2026-08-01,VRL,Mishadow51,video_upload_count,may_late_2026,0
2026-08-01,VRL,Mishadow51,video_upload_count,regular_season,0
2026-08-01,VRL,Mishadow51,video_view_count,aug_early_2026,0
2026-08-01,VRL,Mishadow51,video_view_count,jul_early_2026,0
2026-08-01,VRL,Mishadow51,video_view_count,jul_late_2026,0
2026-08-01,VRL,Mishadow51,video_view_count,jun_early_2026,0
2026-08-01,VRL,Mishadow51,video_view_count,jun_late_2026,0
2026-08-01,VRL,Mishadow51,video_view_count,may_early_2026,0
2026-08-01,VRL,Mishadow51,video_view_count,may_late_2026,0
2026-08-01,VRL,Mishadow51,video_view_count,regular_season,0
2026-08-01,VRL,Mishadow51,watch_time,aug_early_2026,0
2026-08-01,VRL,Mishadow51,watch_time,jul_early_2026,0
2026-08-01,VRL,Mishadow51,watch_time,jul_late_2026,0
2026-08-01,VRL,Mishadow51,watch_time,jun_early_2026,0
2026-08-01,VRL,Mishadow51,watch_time,jun_late_2026,0
2026-08-01,VRL,Mishadow51,watch_time,may_early_2026,0
2026-08-01,VRL,Mishadow51,watch_time,may_late_2026,0
2026-08-01,VRL,Mishadow51,watch_time,regular_season,0
2026-08-01,VRL,Mishadow51,youtube_subscribers,current,28
2026-08-01,VRL,Terarina,followers,current,3799
2026-08-01,VRL,Terarina,stream_duration,apr_late_2026,4.0
2026-08-01,VRL,Terarina,stream_duration,aug_early_2026,0.0
2026-08-01,VRL,Terarina,stream_duration,jul_early_2026,0.2
2026-08-01,VRL,Terarina,stream_duration,jul_late_2026,9.1
2026-08-01,VRL,Terarina,stream_duration,jun_early_2026,16.0
2026-08-01,VRL,Terarina,stream_duration,jun_late_2026,4.2
2026-08-01,VRL,Terarina,stream_duration,may_early_2026,5.1
2026-08-01,VRL,Terarina,stream_duration,may_late_2026,5.9
2026-08-01,VRL,Terarina,stream_duration,regular_season,9.1
2026-08-01,VRL,Terarina,video_upload_count,apr_late_2026,0
2026-08-01,VRL,Terarina,video_upload_count,aug_early_2026,0
2026-08-01,VRL,Terarina,video_upload_count,jul_early_2026,0
2026-08-01,VRL,Terarina,video_upload_count,jul_late_2026,0
2026-08-01,VRL,Terarina,video_upload_count,jun_early_2026,0
2026-08-01,VRL,Terarina,video_upload_count,jun_late_2026,0
2026-08-01,VRL,Terarina,video_upload_count,may_early_2026,0
2026-08-01,VRL,Terarina,video_upload_count,may_late_2026,0
2026-08-01,VRL,Terarina,video_upload_count,regular_season,0
2026-08-01,VRL,Terarina,video_view_count,aug_early_2026,0
2026-08-01,VRL,Terarina,video_view_count,jul_early_2026,0
2026-08-01,VRL,Terarina,video_view_count,jul_late_2026,0
2026-08-01,VRL,Terarina,video_view_count,jun_early_2026,0
2026-08-01,VRL,Terarina,video_view_count,jun_late_2026,0
2026-08-01,VRL,Terarina,video_view_count,may_early_2026,0
2026-08-01,VRL,Terarina,video_view_count,may_late_2026,0
2026-08-01,VRL,Terarina,video_view_count,regular_season,0
2026-08-01,VRL,Terarina,watch_time,aug_early_2026,0
2026-08-01,VRL,Terarina,watch_time,jul_early_2026,3
2026-08-01,VRL,Terarina,watch_time,jul_late_2026,65
2026-08-01,VRL,Terarina,watch_time,jun_early_2026,2920
2026-08-01,VRL,Terarina,watch_time,jun_late_2026,193
2026-08-01,VRL,Terarina,watch_time,may_early_2026,387
2026-08-01,VRL,Terarina,watch_time,may_late_2026,381
2026-08-01,VRL,Terarina,watch_time,regular_season,65
2026-08-01,VRL,Terarina,youtube_subscribers,current,1770
2026-08-01,VRL,monakawan,followers,current,1887
2026-08-01,VRL,monakawan,stream_duration,apr_late_2026,0.0
2026-08-01,VRL,monakawan,stream_duration,aug_early_2026,2.7
2026-08-01,VRL,monakawan,stream_duration,jul_early_2026,0.0
2026-08-01,VRL,monakawan,stream_duration,jul_late_2026,16.7
2026-08-01,VRL,monakawan,stream_duration,jun_early_2026,0.0
2026-08-01,VRL,monakawan,stream_duration,jun_late_2026,0.0
2026-08-01,VRL,monakawan,stream_duration,may_early_2026,0.0
2026-08-01,VRL,monakawan,stream_duration,may_late_2026,0.0
2026-08-01,VRL,monakawan,stream_duration,regular_season,19.4
2026-08-01,VRL,monakawan,video_upload_count,apr_late_2026,0
2026-08-01,VRL,monakawan,video_upload_count,aug_early_2026,0
2026-08-01,VRL,monakawan,video_upload_count,jul_early_2026,0
2026-08-01,VRL,monakawan,video_upload_count,jul_late_2026,0
2026-08-01,VRL,monakawan,video_upload_count,jun_early_2026,0
2026-08-01,VRL,monakawan,video_upload_count,jun_late_2026,0
2026-08-01,VRL,monakawan,video_upload_count,may_early_2026,0
2026-08-01,VRL,monakawan,video_upload_count,may_late_2026,0
2026-08-01,VRL,monakawan,video_upload_count,regular_season,0
2026-08-01,VRL,monakawan,video_view_count,aug_early_2026,0
2026-08-01,VRL,monakawan,video_view_count,jul_early_2026,0
2026-08-01,VRL,monakawan,video_view_count,jul_late_2026,0
2026-08-01,VRL,monakawan,video_view_count,jun_early_2026,0
2026-08-01,VRL,monakawan,video_view_count,jun_late_2026,0
2026-08-01,VRL,monakawan,video_view_count,may_early_2026,0
2026-08-01,VRL,monakawan,video_view_count,may_late_2026,0
2026-08-01,VRL,monakawan,video_view_count,regular_season,0
2026-08-01,VRL,monakawan,watch_time,aug_early_2026,27
2026-08-01,VRL,monakawan,watch_time,jul_early_2026,0
2026-08-01,VRL,monakawan,watch_time,jul_late_2026,262
2026-08-01,VRL,monakawan,watch_time,jun_early_2026,0
2026-08-01,VRL,monakawan,watch_time,jun_late_2026,0
2026-08-01,VRL,monakawan,watch_time,may_early_2026,0
2026-08-01,VRL,monakawan,watch_time,may_late_2026,0
2026-08-01,VRL,monakawan,watch_time,regular_season,288
2026-08-01,VRL,monakawan,youtube_subscribers,current,374
2026-08-01,VRL,まっつ,followers,current,4563
2026-08-01,VRL,まっつ,stream_duration,aug_early_2026,0.0
2026-08-01,VRL,まっつ,stream_duration,jul_early_2026,8.3
2026-08-01,VRL,まっつ,stream_duration,jul_late_2026,14.6
2026-08-01,VRL,まっつ,stream_duration,jun_late_2026,16.8
2026-08-01,VRL,まっつ,stream_duration,regular_season,17.6
2026-08-01,VRL,まっつ,video_upload_count,aug_early_2026,0
2026-08-01,VRL,まっつ,video_upload_count,jul_early_2026,0
2026-08-01,VRL,まっつ,video_upload_count,jul_late_2026,0
2026-08-01,VRL,まっつ,video_upload_count,jun_late_2026,0
2026-08-01,VRL,まっつ,video_upload_count,regular_season,0
2026-08-01,VRL,まっつ,video_view_count,aug_early_2026,0
2026-08-01,VRL,まっつ,video_view_count,jul_early_2026,0
2026-08-01,VRL,まっつ,video_view_count,jul_late_2026,0
2026-08-01,VRL,まっつ,video_view_count,regular_season,0
2026-08-01,VRL,まっつ,watch_time,aug_early_2026,0
2026-08-01,VRL,まっつ,watch_time,jul_early_2026,540
2026-08-01,VRL,まっつ,watch_time,jul_late_2026,1435
2026-08-01,VRL,まっつ,watch_time,regular_season,1472
2026-08-01,VRL,まっつ,youtube_subscribers,current,1600
2026-08-01,ZETA,CQCQ,followers,current,13717
2026-08-01,ZETA,CQCQ,stream_duration,apr_late_2026,21.5
2026-08-01,ZETA,CQCQ,stream_duration,aug_early_2026,3.7
2026-08-01,ZETA,CQCQ,stream_duration,jul_early_2026,2.7
2026-08-01,ZETA,CQCQ,stream_duration,jul_late_2026,26.9
2026-08-01,ZETA,CQCQ,stream_duration,jun_early_2026,18.1
2026-08-01,ZETA,CQCQ,stream_duration,jun_late_2026,20.2
2026-08-01,ZETA,CQCQ,stream_duration,may_early_2026,26.4
2026-08-01,ZETA,CQCQ,stream_duration,may_late_2026,18.6
2026-08-01,ZETA,CQCQ,stream_duration,regular_season,30.6
2026-08-01,ZETA,CQCQ,video_upload_count,apr_late_2026,2
2026-08-01,ZETA,CQCQ,video_upload_count,aug_early_2026,0
2026-08-01,ZETA,CQCQ,video_upload_count,jul_early_2026,0
2026-08-01,ZETA,CQCQ,video_upload_count,jul_late_2026,0
2026-08-01,ZETA,CQCQ,video_upload_count,jun_early_2026,0
2026-08-01,ZETA,CQCQ,video_upload_count,jun_late_2026,0
2026-08-01,ZETA,CQCQ,video_upload_count,may_early_2026,1
2026-08-01,ZETA,CQCQ,video_upload_count,may_late_2026,0
2026-08-01,ZETA,CQCQ,video_upload_count,regular_season,0
2026-08-01,ZETA,CQCQ,video_view_count,aug_early_2026,0
2026-08-01,ZETA,CQCQ,video_view_count,jul_early_2026,0
2026-08-01,ZETA,CQCQ,video_view_count,jul_late_2026,0
2026-08-01,ZETA,CQCQ,video_view_count,jun_early_2026,0
2026-08-01,ZETA,CQCQ,video_view_count,jun_late_2026,0
2026-08-01,ZETA,CQCQ,video_view_count,may_early_2026,32600
2026-08-01,ZETA,CQCQ,video_view_count,may_late_2026,0
2026-08-01,ZETA,CQCQ,video_view_count,regular_season,0
2026-08-01,ZETA,CQCQ,watch_time,aug_early_2026,984
2026-08-01,ZETA,CQCQ,watch_time,jul_early_2026,1808
2026-08-01,ZETA,CQCQ,watch_time,jul_late_2026,12525
2026-08-01,ZETA,CQCQ,watch_time,jun_early_2026,5188
2026-08-01,ZETA,CQCQ,watch_time,jun_late_2026,8316
2026-08-01,ZETA,CQCQ,watch_time,may_early_2026,18546
2026-08-01,ZETA,CQCQ,watch_time,may_late_2026,9708
2026-08-01,ZETA,CQCQ,watch_time,regular_season,13532
2026-08-01,ZETA,CQCQ,youtube_subscribers,current,13600
2026-08-01,ZETA,TBT,followers,current,2618
2026-08-01,ZETA,TBT,stream_duration,apr_late_2026,4.4
2026-08-01,ZETA,TBT,stream_duration,aug_early_2026,0.0
2026-08-01,ZETA,TBT,stream_duration,jul_early_2026,3.8
2026-08-01,ZETA,TBT,stream_duration,jul_late_2026,19.3
2026-08-01,ZETA,TBT,stream_duration,jun_early_2026,2.2
2026-08-01,ZETA,TBT,stream_duration,jun_late_2026,19.3
2026-08-01,ZETA,TBT,stream_duration,may_early_2026,0.0
2026-08-01,ZETA,TBT,stream_duration,may_late_2026,16.0
2026-08-01,ZETA,TBT,stream_duration,regular_season,19.3
2026-08-01,ZETA,TBT,video_upload_count,apr_late_2026,2
2026-08-01,ZETA,TBT,video_upload_count,aug_early_2026,0
2026-08-01,ZETA,TBT,video_upload_count,jul_early_2026,0
2026-08-01,ZETA,TBT,video_upload_count,jul_late_2026,0
2026-08-01,ZETA,TBT,video_upload_count,jun_early_2026,0
2026-08-01,ZETA,TBT,video_upload_count,jun_late_2026,0
2026-08-01,ZETA,TBT,video_upload_count,may_early_2026,0
2026-08-01,ZETA,TBT,video_upload_count,may_late_2026,0
2026-08-01,ZETA,TBT,video_upload_count,regular_season,0
2026-08-01,ZETA,TBT,video_view_count,aug_early_2026,0
2026-08-01,ZETA,TBT,video_view_count,jul_early_2026,0
2026-08-01,ZETA,TBT,video_view_count,jul_late_2026,0
2026-08-01,ZETA,TBT,video_view_count,jun_early_2026,0
2026-08-01,ZETA,TBT,video_view_count,jun_late_2026,0
2026-08-01,ZETA,TBT,video_view_count,may_early_2026,0
2026-08-01,ZETA,TBT,video_view_count,may_late_2026,0
2026-08-01,ZETA,TBT,video_view_count,regular_season,0
2026-08-01,ZETA,TBT,watch_time,aug_early_2026,0
2026-08-01,ZETA,TBT,watch_time,jul_early_2026,319
2026-08-01,ZETA,TBT,watch_time,jul_late_2026,2111
2026-08-01,ZETA,TBT,watch_time,jun_early_2026,258
2026-08-01,ZETA,TBT,watch_time,jun_late_2026,1414
2026-08-01,ZETA,TBT,watch_time,may_early_2026,0
2026-08-01,ZETA,TBT,watch_time,may_late_2026,2626
2026-08-01,ZETA,TBT,watch_time,regular_season,2111
2026-08-01,ZETA,TBT,youtube_subscribers,current,1170
2026-08-01,ZETA,ねぎま,followers,current,3259
2026-08-01,ZETA,ねぎま,stream_duration,aug_early_2026,0.0
2026-08-01,ZETA,ねぎま,stream_duration,jul_early_2026,14.6
2026-08-01,ZETA,ねぎま,stream_duration,jul_late_2026,37.6
2026-08-01,ZETA,ねぎま,stream_duration,jun_late_2026,77.4
2026-08-01,ZETA,ねぎま,stream_duration,regular_season,37.6
2026-08-01,ZETA,ねぎま,video_upload_count,aug_early_2026,0
2026-08-01,ZETA,ねぎま,video_upload_count,jul_early_2026,0
2026-08-01,ZETA,ねぎま,video_upload_count,jul_late_2026,0
2026-08-01,ZETA,ねぎま,video_upload_count,jun_late_2026,1
2026-08-01,ZETA,ねぎま,video_upload_count,regular_season,0
2026-08-01,ZETA,ねぎま,video_view_count,aug_early_2026,0
2026-08-01,ZETA,ねぎま,video_view_count,jul_early_2026,0
2026-08-01,ZETA,ねぎま,video_view_count,jul_late_2026,0
2026-08-01,ZETA,ねぎま,video_view_count,regular_season,0
2026-08-01,ZETA,ねぎま,watch_time,aug_early_2026,0
2026-08-01,ZETA,ねぎま,watch_time,jul_early_2026,1479
2026-08-01,ZETA,ねぎま,watch_time,jul_late_2026,6211
2026-08-01,ZETA,ねぎま,watch_time,regular_season,6211
2026-08-01,ZETA,ねぎま,youtube_subscribers,current,1480
2026-08-01,ZETA,ヘイム,followers,current,6335
2026-08-01,ZETA,ヘイム,stream_duration,apr_late_2026,57.1
2026-08-01,ZETA,ヘイム,stream_duration,aug_early_2026,1.7
2026-08-01,ZETA,ヘイム,stream_duration,jul_early_2026,8.1
2026-08-01,ZETA,ヘイム,stream_duration,jul_late_2026,22.7
2026-08-01,ZETA,ヘイム,stream_duration,jun_early_2026,41.3
2026-08-01,ZETA,ヘイム,stream_duration,jun_late_2026,11.1
2026-08-01,ZETA,ヘイム,stream_duration,may_early_2026,63.6
2026-08-01,ZETA,ヘイム,stream_duration,may_late_2026,80.1
2026-08-01,ZETA,ヘイム,stream_duration,regular_season,25.6
2026-08-01,ZETA,ヘイム,video_upload_count,apr_late_2026,0
2026-08-01,ZETA,ヘイム,video_upload_count,aug_early_2026,0
2026-08-01,ZETA,ヘイム,video_upload_count,jul_early_2026,0
2026-08-01,ZETA,ヘイム,video_upload_count,jul_late_2026,0
2026-08-01,ZETA,ヘイム,video_upload_count,jun_early_2026,0
2026-08-01,ZETA,ヘイム,video_upload_count,jun_late_2026,0
2026-08-01,ZETA,ヘイム,video_upload_count,may_early_2026,0
2026-08-01,ZETA,ヘイム,video_upload_count,may_late_2026,0
2026-08-01,ZETA,ヘイム,video_upload_count,regular_season,0
2026-08-01,ZETA,ヘイム,video_view_count,aug_early_2026,0
2026-08-01,ZETA,ヘイム,video_view_count,jul_early_2026,0
2026-08-01,ZETA,ヘイム,video_view_count,jul_late_2026,0
2026-08-01,ZETA,ヘイム,video_view_count,jun_early_2026,0
2026-08-01,ZETA,ヘイム,video_view_count,jun_late_2026,0
2026-08-01,ZETA,ヘイム,video_view_count,may_early_2026,0
2026-08-01,ZETA,ヘイム,video_view_count,may_late_2026,0
2026-08-01,ZETA,ヘイム,video_view_count,regular_season,0
2026-08-01,ZETA,ヘイム,watch_time,aug_early_2026,386
2026-08-01,ZETA,ヘイム,watch_time,jul_early_2026,1205
2026-08-01,ZETA,ヘイム,watch_time,jul_late_2026,6332
2026-08-01,ZETA,ヘイム,watch_time,jun_early_2026,6920
2026-08-01,ZETA,ヘイム,watch_time,jun_late_2026,1119
2026-08-01,ZETA,ヘイム,watch_time,may_early_2026,30598
2026-08-01,ZETA,ヘイム,watch_time,may_late_2026,19810
2026-08-01,ZETA,ヘイム,watch_time,regular_season,6926
2026-08-01,ZETA,ヘイム,youtube_subscribers,current,5060
2026-08-02,CR,Atom,followers,current,13211
2026-08-02,CR,Atom,stream_duration,apr_late_2026,35.5
2026-08-02,CR,Atom,stream_duration,aug_early_2026,3.3
2026-08-02,CR,Atom,stream_duration,jul_early_2026,0.8
2026-08-02,CR,Atom,stream_duration,jul_late_2026,15.4
2026-08-02,CR,Atom,stream_duration,jun_early_2026,3.6
2026-08-02,CR,Atom,stream_duration,jun_late_2026,0.0
2026-08-02,CR,Atom,stream_duration,may_early_2026,21.2
2026-08-02,CR,Atom,stream_duration,may_late_2026,15.3
2026-08-02,CR,Atom,stream_duration,regular_season,19.5
2026-08-02,CR,Atom,video_upload_count,apr_late_2026,0
2026-08-02,CR,Atom,video_upload_count,aug_early_2026,0
2026-08-02,CR,Atom,video_upload_count,jul_early_2026,0
2026-08-02,CR,Atom,video_upload_count,jul_late_2026,0
2026-08-02,CR,Atom,video_upload_count,jun_early_2026,0
2026-08-02,CR,Atom,video_upload_count,jun_late_2026,0
2026-08-02,CR,Atom,video_upload_count,may_early_2026,0
2026-08-02,CR,Atom,video_upload_count,may_late_2026,0
2026-08-02,CR,Atom,video_upload_count,regular_season,0
2026-08-02,CR,Atom,video_view_count,aug_early_2026,0
2026-08-02,CR,Atom,video_view_count,jul_early_2026,0
2026-08-02,CR,Atom,video_view_count,jul_late_2026,0
2026-08-02,CR,Atom,video_view_count,jun_early_2026,0
2026-08-02,CR,Atom,video_view_count,jun_late_2026,0
2026-08-02,CR,Atom,video_view_count,may_early_2026,0
2026-08-02,CR,Atom,video_view_count,may_late_2026,0
2026-08-02,CR,Atom,video_view_count,regular_season,0
2026-08-02,CR,Atom,watch_time,aug_early_2026,1403
2026-08-02,CR,Atom,watch_time,jul_early_2026,209
2026-08-02,CR,Atom,watch_time,jul_late_2026,4353
2026-08-02,CR,Atom,watch_time,jun_early_2026,2778
2026-08-02,CR,Atom,watch_time,jun_late_2026,0
2026-08-02,CR,Atom,watch_time,may_early_2026,17519
2026-08-02,CR,Atom,watch_time,may_late_2026,9365
2026-08-02,CR,Atom,watch_time,regular_season,5959
2026-08-02,CR,Atom,youtube_subscribers,current,8030
2026-08-02,CR,Winter,followers,current,2972
2026-08-02,CR,Winter,stream_duration,apr_late_2026,0.0
2026-08-02,CR,Winter,stream_duration,aug_early_2026,0.0
2026-08-02,CR,Winter,stream_duration,jul_early_2026,0.0
2026-08-02,CR,Winter,stream_duration,jul_late_2026,16.3
2026-08-02,CR,Winter,stream_duration,jun_early_2026,0.0
2026-08-02,CR,Winter,stream_duration,jun_late_2026,5.5
2026-08-02,CR,Winter,stream_duration,may_early_2026,0.0
2026-08-02,CR,Winter,stream_duration,may_late_2026,4.7
2026-08-02,CR,Winter,stream_duration,regular_season,16.3
2026-08-02,CR,Winter,video_upload_count,apr_late_2026,0
2026-08-02,CR,Winter,video_upload_count,aug_early_2026,0
2026-08-02,CR,Winter,video_upload_count,jul_early_2026,0
2026-08-02,CR,Winter,video_upload_count,jul_late_2026,0
2026-08-02,CR,Winter,video_upload_count,jun_early_2026,0
2026-08-02,CR,Winter,video_upload_count,jun_late_2026,0
2026-08-02,CR,Winter,video_upload_count,may_early_2026,0
2026-08-02,CR,Winter,video_upload_count,may_late_2026,0
2026-08-02,CR,Winter,video_upload_count,regular_season,0
2026-08-02,CR,Winter,video_view_count,aug_early_2026,0
2026-08-02,CR,Winter,video_view_count,jul_early_2026,0
2026-08-02,CR,Winter,video_view_count,jul_late_2026,0
2026-08-02,CR,Winter,video_view_count,jun_early_2026,0
2026-08-02,CR,Winter,video_view_count,jun_late_2026,0
2026-08-02,CR,Winter,video_view_count,may_early_2026,0
2026-08-02,CR,Winter,video_view_count,may_late_2026,0
2026-08-02,CR,Winter,video_view_count,regular_season,0
2026-08-02,CR,Winter,watch_time,aug_early_2026,0
2026-08-02,CR,Winter,watch_time,jul_early_2026,0
2026-08-02,CR,Winter,watch_time,jul_late_2026,874
2026-08-02,CR,Winter,watch_time,jun_early_2026,0
2026-08-02,CR,Winter,watch_time,jun_late_2026,346
2026-08-02,CR,Winter,watch_time,may_early_2026,0
2026-08-02,CR,Winter,watch_time,may_late_2026,260
2026-08-02,CR,Winter,watch_time,regular_season,874
2026-08-02,CR,Winter,youtube_subscribers,current,986
2026-08-02,CR,ふぇぐ,followers,current,34324
2026-08-02,CR,ふぇぐ,stream_duration,aug_early_2026,0.0
2026-08-02,CR,ふぇぐ,stream_duration,jul_early_2026,1.0
2026-08-02,CR,ふぇぐ,stream_duration,jul_late_2026,11.2
2026-08-02,CR,ふぇぐ,stream_duration,jun_late_2026,17.7
2026-08-02,CR,ふぇぐ,stream_duration,regular_season,11.2
2026-08-02,CR,ふぇぐ,video_upload_count,aug_early_2026,0
2026-08-02,CR,ふぇぐ,video_upload_count,jul_early_2026,0
2026-08-02,CR,ふぇぐ,video_upload_count,jul_late_2026,1
2026-08-02,CR,ふぇぐ,video_upload_count,jun_late_2026,0
2026-08-02,CR,ふぇぐ,video_upload_count,regular_season,1
2026-08-02,CR,ふぇぐ,video_view_count,aug_early_2026,0
2026-08-02,CR,ふぇぐ,video_view_count,jul_early_2026,0
2026-08-02,CR,ふぇぐ,video_view_count,jul_late_2026,3492
2026-08-02,CR,ふぇぐ,video_view_count,regular_season,3492
2026-08-02,CR,ふぇぐ,watch_time,aug_early_2026,0
2026-08-02,CR,ふぇぐ,watch_time,jul_early_2026,80
2026-08-02,CR,ふぇぐ,watch_time,jul_late_2026,1006
2026-08-02,CR,ふぇぐ,watch_time,regular_season,1006
2026-08-02,CR,ふぇぐ,youtube_subscribers,current,6280
2026-08-02,CR,ふえた,followers,current,3751
2026-08-02,CR,ふえた,stream_duration,apr_late_2026,11.3
2026-08-02,CR,ふえた,stream_duration,aug_early_2026,0.0
2026-08-02,CR,ふえた,stream_duration,jul_early_2026,0.0
2026-08-02,CR,ふえた,stream_duration,jul_late_2026,12.6
2026-08-02,CR,ふえた,stream_duration,jun_early_2026,25.3
2026-08-02,CR,ふえた,stream_duration,jun_late_2026,10.4
2026-08-02,CR,ふえた,stream_duration,may_early_2026,0.0
2026-08-02,CR,ふえた,stream_duration,may_late_2026,1.3
2026-08-02,CR,ふえた,stream_duration,regular_season,12.6
2026-08-02,CR,ふえた,video_upload_count,apr_late_2026,0
2026-08-02,CR,ふえた,video_upload_count,aug_early_2026,0
2026-08-02,CR,ふえた,video_upload_count,jul_early_2026,0
2026-08-02,CR,ふえた,video_upload_count,jul_late_2026,2
2026-08-02,CR,ふえた,video_upload_count,jun_early_2026,0
2026-08-02,CR,ふえた,video_upload_count,jun_late_2026,0
2026-08-02,CR,ふえた,video_upload_count,may_early_2026,0
2026-08-02,CR,ふえた,video_upload_count,may_late_2026,0
2026-08-02,CR,ふえた,video_upload_count,regular_season,2
2026-08-02,CR,ふえた,video_view_count,aug_early_2026,0
2026-08-02,CR,ふえた,video_view_count,jul_early_2026,0
2026-08-02,CR,ふえた,video_view_count,jul_late_2026,3025
2026-08-02,CR,ふえた,video_view_count,jun_early_2026,0
2026-08-02,CR,ふえた,video_view_count,jun_late_2026,0
2026-08-02,CR,ふえた,video_view_count,may_early_2026,0
2026-08-02,CR,ふえた,video_view_count,may_late_2026,0
2026-08-02,CR,ふえた,video_view_count,regular_season,3025
2026-08-02,CR,ふえた,watch_time,aug_early_2026,0
2026-08-02,CR,ふえた,watch_time,jul_early_2026,0
2026-08-02,CR,ふえた,watch_time,jul_late_2026,626
2026-08-02,CR,ふえた,watch_time,jun_early_2026,1221
2026-08-02,CR,ふえた,watch_time,jun_late_2026,742
2026-08-02,CR,ふえた,watch_time,may_early_2026,0
2026-08-02,CR,ふえた,watch_time,may_late_2026,15
2026-08-02,CR,ふえた,watch_time,regular_season,626
2026-08-02,CR,ふえた,youtube_subscribers,current,1170
2026-08-02,CR,空白,followers,current,3910
2026-08-02,CR,空白,stream_duration,apr_late_2026,23.8
2026-08-02,CR,空白,stream_duration,aug_early_2026,0.0
2026-08-02,CR,空白,stream_duration,jul_early_2026,0.0
2026-08-02,CR,空白,stream_duration,jul_late_2026,20.7
2026-08-02,CR,空白,stream_duration,jun_early_2026,26.8
2026-08-02,CR,空白,stream_duration,jun_late_2026,20.3
2026-08-02,CR,空白,stream_duration,may_early_2026,24.5
2026-08-02,CR,空白,stream_duration,may_late_2026,33.6
2026-08-02,CR,空白,stream_duration,regular_season,20.7
2026-08-02,CR,空白,video_upload_count,apr_late_2026,0
2026-08-02,CR,空白,video_upload_count,aug_early_2026,0
2026-08-02,CR,空白,video_upload_count,jul_early_2026,0
2026-08-02,CR,空白,video_upload_count,jul_late_2026,1
2026-08-02,CR,空白,video_upload_count,jun_early_2026,0
2026-08-02,CR,空白,video_upload_count,jun_late_2026,0
2026-08-02,CR,空白,video_upload_count,may_early_2026,0
2026-08-02,CR,空白,video_upload_count,may_late_2026,0
2026-08-02,CR,空白,video_upload_count,regular_season,1
2026-08-02,CR,空白,video_view_count,aug_early_2026,0
2026-08-02,CR,空白,video_view_count,jul_early_2026,0
2026-08-02,CR,空白,video_view_count,jul_late_2026,0
2026-08-02,CR,空白,video_view_count,jun_early_2026,0
2026-08-02,CR,空白,video_view_count,jun_late_2026,0
2026-08-02,CR,空白,video_view_count,may_early_2026,0
2026-08-02,CR,空白,video_view_count,may_late_2026,0
2026-08-02,CR,空白,video_view_count,regular_season,0
2026-08-02,CR,空白,watch_time,aug_early_2026,0
2026-08-02,CR,空白,watch_time,jul_early_2026,0
2026-08-02,CR,空白,watch_time,jul_late_2026,722
2026-08-02,CR,空白,watch_time,jun_early_2026,1152
2026-08-02,CR,空白,watch_time,jun_late_2026,2339
2026-08-02,CR,空白,watch_time,may_early_2026,2243
2026-08-02,CR,空白,watch_time,may_late_2026,1811
2026-08-02,CR,空白,watch_time,regular_season,722
2026-08-02,CR,空白,youtube_subscribers,current,1630
2026-08-02,DFM,MingiGod,followers,current,3531
2026-08-02,DFM,MingiGod,stream_duration,aug_early_2026,3.0
2026-08-02,DFM,MingiGod,stream_duration,jul_early_2026,8.9
2026-08-02,DFM,MingiGod,stream_duration,jul_late_2026,14.9
2026-08-02,DFM,MingiGod,stream_duration,jun_late_2026,16.6
2026-08-02,DFM,MingiGod,stream_duration,regular_season,26.8
2026-08-02,DFM,MingiGod,video_upload_count,aug_early_2026,0
2026-08-02,DFM,MingiGod,video_upload_count,jul_early_2026,0
2026-08-02,DFM,MingiGod,video_upload_count,jul_late_2026,0
2026-08-02,DFM,MingiGod,video_upload_count,jun_late_2026,1
2026-08-02,DFM,MingiGod,video_upload_count,regular_season,0
2026-08-02,DFM,MingiGod,video_view_count,aug_early_2026,0
2026-08-02,DFM,MingiGod,video_view_count,jul_early_2026,0
2026-08-02,DFM,MingiGod,video_view_count,jul_late_2026,0
2026-08-02,DFM,MingiGod,video_view_count,regular_season,0
2026-08-02,DFM,MingiGod,watch_time,aug_early_2026,131
2026-08-02,DFM,MingiGod,watch_time,jul_early_2026,996
2026-08-02,DFM,MingiGod,watch_time,jul_late_2026,1262
2026-08-02,DFM,MingiGod,watch_time,regular_season,2398
2026-08-02,DFM,MingiGod,youtube_subscribers,current,1760
2026-08-02,DFM,かなで,followers,current,2147
2026-08-02,DFM,かなで,stream_duration,apr_late_2026,9.2
2026-08-02,DFM,かなで,stream_duration,aug_early_2026,0.0
2026-08-02,DFM,かなで,stream_duration,jul_early_2026,2.1
2026-08-02,DFM,かなで,stream_duration,jul_late_2026,6.8
2026-08-02,DFM,かなで,stream_duration,jun_early_2026,4.8
2026-08-02,DFM,かなで,stream_duration,jun_late_2026,9.7
2026-08-02,DFM,かなで,stream_duration,may_early_2026,4.5
2026-08-02,DFM,かなで,stream_duration,may_late_2026,9.4
2026-08-02,DFM,かなで,stream_duration,regular_season,6.8
2026-08-02,DFM,かなで,video_upload_count,apr_late_2026,0
2026-08-02,DFM,かなで,video_upload_count,aug_early_2026,0
2026-08-02,DFM,かなで,video_upload_count,jul_early_2026,0
2026-08-02,DFM,かなで,video_upload_count,jul_late_2026,0
2026-08-02,DFM,かなで,video_upload_count,jun_early_2026,0
2026-08-02,DFM,かなで,video_upload_count,jun_late_2026,0
2026-08-02,DFM,かなで,video_upload_count,may_early_2026,0
2026-08-02,DFM,かなで,video_upload_count,may_late_2026,0
2026-08-02,DFM,かなで,video_upload_count,regular_season,0
2026-08-02,DFM,かなで,video_view_count,aug_early_2026,0
2026-08-02,DFM,かなで,video_view_count,jul_early_2026,0
2026-08-02,DFM,かなで,video_view_count,jul_late_2026,0
2026-08-02,DFM,かなで,video_view_count,jun_early_2026,0
2026-08-02,DFM,かなで,video_view_count,jun_late_2026,0
2026-08-02,DFM,かなで,video_view_count,may_early_2026,0
2026-08-02,DFM,かなで,video_view_count,may_late_2026,0
2026-08-02,DFM,かなで,video_view_count,regular_season,0
2026-08-02,DFM,かなで,watch_time,aug_early_2026,0
2026-08-02,DFM,かなで,watch_time,jul_early_2026,52
2026-08-02,DFM,かなで,watch_time,jul_late_2026,141
2026-08-02,DFM,かなで,watch_time,jun_early_2026,73
2026-08-02,DFM,かなで,watch_time,jun_late_2026,301
2026-08-02,DFM,かなで,watch_time,may_early_2026,157
2026-08-02,DFM,かなで,watch_time,may_late_2026,258
2026-08-02,DFM,かなで,watch_time,regular_season,141
2026-08-02,DFM,かなで,youtube_subscribers,current,538
2026-08-02,DFM,ミル,followers,current,14540
2026-08-02,DFM,ミル,stream_duration,apr_late_2026,33.8
2026-08-02,DFM,ミル,stream_duration,aug_early_2026,1.2
2026-08-02,DFM,ミル,stream_duration,jul_early_2026,6.9
2026-08-02,DFM,ミル,stream_duration,jul_late_2026,9.5
2026-08-02,DFM,ミル,stream_duration,jun_early_2026,15.0
2026-08-02,DFM,ミル,stream_duration,jun_late_2026,14.1
2026-08-02,DFM,ミル,stream_duration,may_early_2026,14.1
2026-08-02,DFM,ミル,stream_duration,may_late_2026,23.3
2026-08-02,DFM,ミル,stream_duration,regular_season,17.6
2026-08-02,DFM,ミル,video_upload_count,apr_late_2026,0
2026-08-02,DFM,ミル,video_upload_count,aug_early_2026,0
2026-08-02,DFM,ミル,video_upload_count,jul_early_2026,0
2026-08-02,DFM,ミル,video_upload_count,jul_late_2026,0
2026-08-02,DFM,ミル,video_upload_count,jun_early_2026,0
2026-08-02,DFM,ミル,video_upload_count,jun_late_2026,0
2026-08-02,DFM,ミル,video_upload_count,may_early_2026,0
2026-08-02,DFM,ミル,video_upload_count,may_late_2026,0
2026-08-02,DFM,ミル,video_upload_count,regular_season,0
2026-08-02,DFM,ミル,video_view_count,aug_early_2026,0
2026-08-02,DFM,ミル,video_view_count,jul_early_2026,0
2026-08-02,DFM,ミル,video_view_count,jul_late_2026,0
2026-08-02,DFM,ミル,video_view_count,jun_early_2026,0
2026-08-02,DFM,ミル,video_view_count,jun_late_2026,0
2026-08-02,DFM,ミル,video_view_count,may_early_2026,0
2026-08-02,DFM,ミル,video_view_count,may_late_2026,0
2026-08-02,DFM,ミル,video_view_count,regular_season,0
2026-08-02,DFM,ミル,watch_time,aug_early_2026,85
2026-08-02,DFM,ミル,watch_time,jul_early_2026,321
2026-08-02,DFM,ミル,watch_time,jul_late_2026,210
2026-08-02,DFM,ミル,watch_time,jun_early_2026,2284
2026-08-02,DFM,ミル,watch_time,jun_late_2026,1093
2026-08-02,DFM,ミル,watch_time,may_early_2026,691
2026-08-02,DFM,ミル,watch_time,may_late_2026,1363
2026-08-02,DFM,ミル,watch_time,regular_season,606
2026-08-02,DFM,ミル,youtube_subscribers,current,3960
2026-08-02,DFM,ユーリ,followers,current,14194
2026-08-02,DFM,ユーリ,stream_duration,apr_late_2026,56.4
2026-08-02,DFM,ユーリ,stream_duration,aug_early_2026,1.6
2026-08-02,DFM,ユーリ,stream_duration,jul_early_2026,9.4
2026-08-02,DFM,ユーリ,stream_duration,jul_late_2026,16.7
2026-08-02,DFM,ユーリ,stream_duration,jun_early_2026,22.3
2026-08-02,DFM,ユーリ,stream_duration,jun_late_2026,27.3
2026-08-02,DFM,ユーリ,stream_duration,may_early_2026,11.7
2026-08-02,DFM,ユーリ,stream_duration,may_late_2026,19.5
2026-08-02,DFM,ユーリ,stream_duration,regular_season,27.7
2026-08-02,DFM,ユーリ,video_upload_count,apr_late_2026,0
2026-08-02,DFM,ユーリ,video_upload_count,aug_early_2026,0
2026-08-02,DFM,ユーリ,video_upload_count,jul_early_2026,0
2026-08-02,DFM,ユーリ,video_upload_count,jul_late_2026,2
2026-08-02,DFM,ユーリ,video_upload_count,jun_early_2026,0
2026-08-02,DFM,ユーリ,video_upload_count,jun_late_2026,0
2026-08-02,DFM,ユーリ,video_upload_count,may_early_2026,0
2026-08-02,DFM,ユーリ,video_upload_count,may_late_2026,0
2026-08-02,DFM,ユーリ,video_upload_count,regular_season,2
2026-08-02,DFM,ユーリ,video_view_count,aug_early_2026,0
2026-08-02,DFM,ユーリ,video_view_count,jul_early_2026,0
2026-08-02,DFM,ユーリ,video_view_count,jul_late_2026,0
2026-08-02,DFM,ユーリ,video_view_count,jun_early_2026,0
2026-08-02,DFM,ユーリ,video_view_count,jun_late_2026,0
2026-08-02,DFM,ユーリ,video_view_count,may_early_2026,0
2026-08-02,DFM,ユーリ,video_view_count,may_late_2026,0
2026-08-02,DFM,ユーリ,video_view_count,regular_season,0
2026-08-02,DFM,ユーリ,watch_time,aug_early_2026,925
2026-08-02,DFM,ユーリ,watch_time,jul_early_2026,11134
2026-08-02,DFM,ユーリ,watch_time,jul_late_2026,5765
2026-08-02,DFM,ユーリ,watch_time,jun_early_2026,14677
2026-08-02,DFM,ユーリ,watch_time,jun_late_2026,18125
2026-08-02,DFM,ユーリ,watch_time,may_early_2026,8667
2026-08-02,DFM,ユーリ,watch_time,may_late_2026,11953
2026-08-02,DFM,ユーリ,watch_time,regular_season,17935
2026-08-02,DFM,ユーリ,youtube_subscribers,current,12400
2026-08-02,LVH,Era53,followers,current,12670
2026-08-02,LVH,Era53,stream_duration,apr_late_2026,52.3
2026-08-02,LVH,Era53,stream_duration,aug_early_2026,4.2
2026-08-02,LVH,Era53,stream_duration,jul_early_2026,14.2
2026-08-02,LVH,Era53,stream_duration,jul_late_2026,26.0
2026-08-02,LVH,Era53,stream_duration,jun_early_2026,52.1
2026-08-02,LVH,Era53,stream_duration,jun_late_2026,38.9
2026-08-02,LVH,Era53,stream_duration,may_early_2026,14.4
2026-08-02,LVH,Era53,stream_duration,may_late_2026,67.1
2026-08-02,LVH,Era53,stream_duration,regular_season,39.8
2026-08-02,LVH,Era53,video_upload_count,apr_late_2026,0
2026-08-02,LVH,Era53,video_upload_count,aug_early_2026,0
2026-08-02,LVH,Era53,video_upload_count,jul_early_2026,0
2026-08-02,LVH,Era53,video_upload_count,jul_late_2026,0
2026-08-02,LVH,Era53,video_upload_count,jun_early_2026,0
2026-08-02,LVH,Era53,video_upload_count,jun_late_2026,0
2026-08-02,LVH,Era53,video_upload_count,may_early_2026,0
2026-08-02,LVH,Era53,video_upload_count,may_late_2026,0
2026-08-02,LVH,Era53,video_upload_count,regular_season,0
2026-08-02,LVH,Era53,video_view_count,aug_early_2026,0
2026-08-02,LVH,Era53,video_view_count,jul_early_2026,0
2026-08-02,LVH,Era53,video_view_count,jul_late_2026,0
2026-08-02,LVH,Era53,video_view_count,jun_early_2026,0
2026-08-02,LVH,Era53,video_view_count,jun_late_2026,0
2026-08-02,LVH,Era53,video_view_count,may_early_2026,0
2026-08-02,LVH,Era53,video_view_count,may_late_2026,0
2026-08-02,LVH,Era53,video_view_count,regular_season,0
2026-08-02,LVH,Era53,watch_time,aug_early_2026,4379
2026-08-02,LVH,Era53,watch_time,jul_early_2026,23904
2026-08-02,LVH,Era53,watch_time,jul_late_2026,30525
2026-08-02,LVH,Era53,watch_time,jun_early_2026,28528
2026-08-02,LVH,Era53,watch_time,jun_late_2026,34566
2026-08-02,LVH,Era53,watch_time,may_early_2026,12339
2026-08-02,LVH,Era53,watch_time,may_late_2026,54486
2026-08-02,LVH,Era53,watch_time,regular_season,54930
2026-08-02,LVH,Era53,youtube_subscribers,current,15900
2026-08-02,LVH,Hirobosu,followers,current,2920
2026-08-02,LVH,Hirobosu,stream_duration,aug_early_2026,0.0
2026-08-02,LVH,Hirobosu,stream_duration,jul_early_2026,0.0
2026-08-02,LVH,Hirobosu,stream_duration,jul_late_2026,0.0
2026-08-02,LVH,Hirobosu,stream_duration,jun_late_2026,0.0
2026-08-02,LVH,Hirobosu,stream_duration,regular_season,0.0
2026-08-02,LVH,Hirobosu,video_upload_count,aug_early_2026,0
2026-08-02,LVH,Hirobosu,video_upload_count,jul_early_2026,0
2026-08-02,LVH,Hirobosu,video_upload_count,jul_late_2026,0
2026-08-02,LVH,Hirobosu,video_upload_count,jun_late_2026,0
2026-08-02,LVH,Hirobosu,video_upload_count,regular_season,0
2026-08-02,LVH,Hirobosu,video_view_count,aug_early_2026,0
2026-08-02,LVH,Hirobosu,video_view_count,jul_early_2026,0
2026-08-02,LVH,Hirobosu,video_view_count,jul_late_2026,0
2026-08-02,LVH,Hirobosu,video_view_count,regular_season,0
2026-08-02,LVH,Hirobosu,watch_time,aug_early_2026,0
2026-08-02,LVH,Hirobosu,watch_time,jul_early_2026,0
2026-08-02,LVH,Hirobosu,watch_time,jul_late_2026,0
2026-08-02,LVH,Hirobosu,watch_time,regular_season,0
2026-08-02,LVH,Hirobosu,youtube_subscribers,current,459
2026-08-02,LVH,rikka,followers,current,13707
2026-08-02,LVH,rikka,stream_duration,apr_late_2026,50.5
2026-08-02,LVH,rikka,stream_duration,aug_early_2026,4.5
2026-08-02,LVH,rikka,stream_duration,jul_early_2026,8.0
2026-08-02,LVH,rikka,stream_duration,jul_late_2026,19.1
2026-08-02,LVH,rikka,stream_duration,jun_early_2026,32.2
2026-08-02,LVH,rikka,stream_duration,jun_late_2026,33.0
2026-08-02,LVH,rikka,stream_duration,may_early_2026,39.5
2026-08-02,LVH,rikka,stream_duration,may_late_2026,7.5
2026-08-02,LVH,rikka,stream_duration,regular_season,23.6
2026-08-02,LVH,rikka,video_upload_count,apr_late_2026,0
2026-08-02,LVH,rikka,video_upload_count,aug_early_2026,0
2026-08-02,LVH,rikka,video_upload_count,jul_early_2026,0
2026-08-02,LVH,rikka,video_upload_count,jul_late_2026,0
2026-08-02,LVH,rikka,video_upload_count,jun_early_2026,0
2026-08-02,LVH,rikka,video_upload_count,jun_late_2026,0
2026-08-02,LVH,rikka,video_upload_count,may_early_2026,0
2026-08-02,LVH,rikka,video_upload_count,may_late_2026,0
2026-08-02,LVH,rikka,video_upload_count,regular_season,0
2026-08-02,LVH,rikka,video_view_count,aug_early_2026,0
2026-08-02,LVH,rikka,video_view_count,jul_early_2026,0
2026-08-02,LVH,rikka,video_view_count,jul_late_2026,0
2026-08-02,LVH,rikka,video_view_count,jun_early_2026,0
2026-08-02,LVH,rikka,video_view_count,jun_late_2026,0
2026-08-02,LVH,rikka,video_view_count,may_early_2026,0
2026-08-02,LVH,rikka,video_view_count,may_late_2026,0
2026-08-02,LVH,rikka,video_view_count,regular_season,0
2026-08-02,LVH,rikka,watch_time,aug_early_2026,4167
2026-08-02,LVH,rikka,watch_time,jul_early_2026,3688
2026-08-02,LVH,rikka,watch_time,jul_late_2026,18976
2026-08-02,LVH,rikka,watch_time,jun_early_2026,13078
2026-08-02,LVH,rikka,watch_time,jun_late_2026,16924
2026-08-02,LVH,rikka,watch_time,may_early_2026,28442
2026-08-02,LVH,rikka,watch_time,may_late_2026,2528
2026-08-02,LVH,rikka,watch_time,regular_season,23142
2026-08-02,LVH,rikka,youtube_subscribers,current,12600
2026-08-02,LVH,だーよね,followers,current,3201
2026-08-02,LVH,だーよね,stream_duration,apr_late_2026,5.6
2026-08-02,LVH,だーよね,stream_duration,aug_early_2026,0.0
2026-08-02,LVH,だーよね,stream_duration,jul_early_2026,4.3
2026-08-02,LVH,だーよね,stream_duration,jul_late_2026,12.0
2026-08-02,LVH,だーよね,stream_duration,jun_early_2026,11.2
2026-08-02,LVH,だーよね,stream_duration,jun_late_2026,9.2
2026-08-02,LVH,だーよね,stream_duration,may_early_2026,18.7
2026-08-02,LVH,だーよね,stream_duration,may_late_2026,17.3
2026-08-02,LVH,だーよね,stream_duration,regular_season,12.0
2026-08-02,LVH,だーよね,video_upload_count,apr_late_2026,0
2026-08-02,LVH,だーよね,video_upload_count,aug_early_2026,0
2026-08-02,LVH,だーよね,video_upload_count,jul_early_2026,0
2026-08-02,LVH,だーよね,video_upload_count,jul_late_2026,0
2026-08-02,LVH,だーよね,video_upload_count,jun_early_2026,0
2026-08-02,LVH,だーよね,video_upload_count,jun_late_2026,0
2026-08-02,LVH,だーよね,video_upload_count,may_early_2026,0
2026-08-02,LVH,だーよね,video_upload_count,may_late_2026,0
2026-08-02,LVH,だーよね,video_upload_count,regular_season,0
2026-08-02,LVH,だーよね,video_view_count,aug_early_2026,0
2026-08-02,LVH,だーよね,video_view_count,jul_early_2026,0
2026-08-02,LVH,だーよね,video_view_count,jul_late_2026,0
2026-08-02,LVH,だーよね,video_view_count,jun_early_2026,0
2026-08-02,LVH,だーよね,video_view_count,jun_late_2026,0
2026-08-02,LVH,だーよね,video_view_count,may_early_2026,0
2026-08-02,LVH,だーよね,video_view_count,may_late_2026,0
2026-08-02,LVH,だーよね,video_view_count,regular_season,0
2026-08-02,LVH,だーよね,watch_time,aug_early_2026,0
2026-08-02,LVH,だーよね,watch_time,jul_early_2026,546
2026-08-02,LVH,だーよね,watch_time,jul_late_2026,1776
2026-08-02,LVH,だーよね,watch_time,jun_early_2026,866
2026-08-02,LVH,だーよね,watch_time,jun_late_2026,1013
2026-08-02,LVH,だーよね,watch_time,may_early_2026,2621
2026-08-02,LVH,だーよね,watch_time,may_late_2026,1566
2026-08-02,LVH,だーよね,watch_time,regular_season,1776
2026-08-02,LVH,だーよね,youtube_subscribers,current,1520
2026-08-02,LVH,智念せいら,followers,current,15468
2026-08-02,LVH,智念せいら,stream_duration,aug_early_2026,0.0
2026-08-02,LVH,智念せいら,stream_duration,jul_early_2026,19.6
2026-08-02,LVH,智念せいら,stream_duration,jul_late_2026,21.5
2026-08-02,LVH,智念せいら,stream_duration,jun_late_2026,17.6
2026-08-02,LVH,智念せいら,stream_duration,regular_season,28.7
2026-08-02,LVH,智念せいら,video_upload_count,aug_early_2026,0
2026-08-02,LVH,智念せいら,video_upload_count,jul_early_2026,9
2026-08-02,LVH,智念せいら,video_upload_count,jul_late_2026,2
2026-08-02,LVH,智念せいら,video_upload_count,jun_late_2026,6
2026-08-02,LVH,智念せいら,video_upload_count,regular_season,7
2026-08-02,LVH,智念せいら,video_view_count,aug_early_2026,0
2026-08-02,LVH,智念せいら,video_view_count,jul_early_2026,617975
2026-08-02,LVH,智念せいら,video_view_count,jul_late_2026,148648
2026-08-02,LVH,智念せいら,video_view_count,regular_season,545964
2026-08-02,LVH,智念せいら,watch_time,aug_early_2026,0
2026-08-02,LVH,智念せいら,watch_time,jul_early_2026,30693
2026-08-02,LVH,智念せいら,watch_time,jul_late_2026,26610
2026-08-02,LVH,智念せいら,watch_time,regular_season,34707
2026-08-02,LVH,智念せいら,youtube_subscribers,current,60900
2026-08-02,MRG,Spicies,followers,current,32938
2026-08-02,MRG,Spicies,stream_duration,apr_late_2026,97.2
2026-08-02,MRG,Spicies,stream_duration,aug_early_2026,3.0
2026-08-02,MRG,Spicies,stream_duration,jul_early_2026,22.0
2026-08-02,MRG,Spicies,stream_duration,jul_late_2026,20.6
2026-08-02,MRG,Spicies,stream_duration,jun_early_2026,84.2
2026-08-02,MRG,Spicies,stream_duration,jun_late_2026,55.6
2026-08-02,MRG,Spicies,stream_duration,may_early_2026,40.3
2026-08-02,MRG,Spicies,stream_duration,may_late_2026,52.1
2026-08-02,MRG,Spicies,stream_duration,regular_season,32.9
2026-08-02,MRG,Spicies,video_upload_count,apr_late_2026,12
2026-08-02,MRG,Spicies,video_upload_count,aug_early_2026,0
2026-08-02,MRG,Spicies,video_upload_count,jul_early_2026,2
2026-08-02,MRG,Spicies,video_upload_count,jul_late_2026,1
2026-08-02,MRG,Spicies,video_upload_count,jun_early_2026,3
2026-08-02,MRG,Spicies,video_upload_count,jun_late_2026,4
2026-08-02,MRG,Spicies,video_upload_count,may_early_2026,6
2026-08-02,MRG,Spicies,video_upload_count,may_late_2026,5
2026-08-02,MRG,Spicies,video_upload_count,regular_season,2
2026-08-02,MRG,Spicies,video_view_count,aug_early_2026,0
2026-08-02,MRG,Spicies,video_view_count,jul_early_2026,54296
2026-08-02,MRG,Spicies,video_view_count,jul_late_2026,27377
2026-08-02,MRG,Spicies,video_view_count,jun_early_2026,44105
2026-08-02,MRG,Spicies,video_view_count,jun_late_2026,103158
2026-08-02,MRG,Spicies,video_view_count,may_early_2026,167728
2026-08-02,MRG,Spicies,video_view_count,may_late_2026,96387
2026-08-02,MRG,Spicies,video_view_count,regular_season,50607
2026-08-02,MRG,Spicies,watch_time,aug_early_2026,4447
2026-08-02,MRG,Spicies,watch_time,jul_early_2026,47762
2026-08-02,MRG,Spicies,watch_time,jul_late_2026,28397
2026-08-02,MRG,Spicies,watch_time,jun_early_2026,105722
2026-08-02,MRG,Spicies,watch_time,jun_late_2026,122304
2026-08-02,MRG,Spicies,watch_time,may_early_2026,99977
2026-08-02,MRG,Spicies,watch_time,may_late_2026,89154
2026-08-02,MRG,Spicies,watch_time,regular_season,55580
2026-08-02,MRG,Spicies,youtube_subscribers,current,42100
2026-08-02,MRG,Toby,followers,current,18890
2026-08-02,MRG,Toby,stream_duration,apr_late_2026,39.2
2026-08-02,MRG,Toby,stream_duration,aug_early_2026,1.0
2026-08-02,MRG,Toby,stream_duration,jul_early_2026,12.6
2026-08-02,MRG,Toby,stream_duration,jul_late_2026,2.4
2026-08-02,MRG,Toby,stream_duration,jun_early_2026,6.3
2026-08-02,MRG,Toby,stream_duration,jun_late_2026,32.7
2026-08-02,MRG,Toby,stream_duration,may_early_2026,18.5
2026-08-02,MRG,Toby,stream_duration,may_late_2026,25.8
2026-08-02,MRG,Toby,stream_duration,regular_season,8.3
2026-08-02,MRG,Toby,video_upload_count,apr_late_2026,0
2026-08-02,MRG,Toby,video_upload_count,aug_early_2026,0
2026-08-02,MRG,Toby,video_upload_count,jul_early_2026,0
2026-08-02,MRG,Toby,video_upload_count,jul_late_2026,0
2026-08-02,MRG,Toby,video_upload_count,jun_early_2026,0
2026-08-02,MRG,Toby,video_upload_count,jun_late_2026,2
2026-08-02,MRG,Toby,video_upload_count,may_early_2026,0
2026-08-02,MRG,Toby,video_upload_count,may_late_2026,0
2026-08-02,MRG,Toby,video_upload_count,regular_season,0
2026-08-02,MRG,Toby,video_view_count,aug_early_2026,0
2026-08-02,MRG,Toby,video_view_count,jul_early_2026,0
2026-08-02,MRG,Toby,video_view_count,jul_late_2026,0
2026-08-02,MRG,Toby,video_view_count,jun_early_2026,0
2026-08-02,MRG,Toby,video_view_count,jun_late_2026,14358
2026-08-02,MRG,Toby,video_view_count,may_early_2026,0
2026-08-02,MRG,Toby,video_view_count,may_late_2026,0
2026-08-02,MRG,Toby,video_view_count,regular_season,0
2026-08-02,MRG,Toby,watch_time,aug_early_2026,2865
2026-08-02,MRG,Toby,watch_time,jul_early_2026,19385
2026-08-02,MRG,Toby,watch_time,jul_late_2026,3958
2026-08-02,MRG,Toby,watch_time,jun_early_2026,4704
2026-08-02,MRG,Toby,watch_time,jun_late_2026,66426
2026-08-02,MRG,Toby,watch_time,may_early_2026,28670
2026-08-02,MRG,Toby,watch_time,may_late_2026,19931
2026-08-02,MRG,Toby,watch_time,regular_season,13058
2026-08-02,MRG,Toby,youtube_subscribers,current,16800
2026-08-02,MRG,glory,followers,current,14959
2026-08-02,MRG,glory,stream_duration,apr_late_2026,82.8
2026-08-02,MRG,glory,stream_duration,aug_early_2026,6.9
2026-08-02,MRG,glory,stream_duration,jul_early_2026,33.2
2026-08-02,MRG,glory,stream_duration,jul_late_2026,28.6
2026-08-02,MRG,glory,stream_duration,jun_early_2026,64.5
2026-08-02,MRG,glory,stream_duration,jun_late_2026,61.2
2026-08-02,MRG,glory,stream_duration,may_early_2026,48.3
2026-08-02,MRG,glory,stream_duration,may_late_2026,82.8
2026-08-02,MRG,glory,stream_duration,regular_season,50.6
2026-08-02,MRG,glory,video_upload_count,apr_late_2026,0
2026-08-02,MRG,glory,video_upload_count,aug_early_2026,0
2026-08-02,MRG,glory,video_upload_count,jul_early_2026,0
2026-08-02,MRG,glory,video_upload_count,jul_late_2026,0
2026-08-02,MRG,glory,video_upload_count,jun_early_2026,0
2026-08-02,MRG,glory,video_upload_count,jun_late_2026,0
2026-08-02,MRG,glory,video_upload_count,may_early_2026,0
2026-08-02,MRG,glory,video_upload_count,may_late_2026,0
2026-08-02,MRG,glory,video_upload_count,regular_season,0
2026-08-02,MRG,glory,video_view_count,aug_early_2026,0
2026-08-02,MRG,glory,video_view_count,jul_early_2026,0
2026-08-02,MRG,glory,video_view_count,jul_late_2026,0
2026-08-02,MRG,glory,video_view_count,jun_early_2026,0
2026-08-02,MRG,glory,video_view_count,jun_late_2026,0
2026-08-02,MRG,glory,video_view_count,may_early_2026,0
2026-08-02,MRG,glory,video_view_count,may_late_2026,0
2026-08-02,MRG,glory,video_view_count,regular_season,0
2026-08-02,MRG,glory,watch_time,aug_early_2026,10106
2026-08-02,MRG,glory,watch_time,jul_early_2026,28636
2026-08-02,MRG,glory,watch_time,jul_late_2026,31369
2026-08-02,MRG,glory,watch_time,jun_early_2026,23062
2026-08-02,MRG,glory,watch_time,jun_late_2026,29182
2026-08-02,MRG,glory,watch_time,may_early_2026,28275
2026-08-02,MRG,glory,watch_time,may_late_2026,42240
2026-08-02,MRG,glory,watch_time,regular_season,55152
2026-08-02,MRG,glory,youtube_subscribers,current,8080
2026-08-02,MRG,もっちゃま,followers,current,10033
2026-08-02,MRG,もっちゃま,stream_duration,aug_early_2026,1.1
2026-08-02,MRG,もっちゃま,stream_duration,jul_early_2026,82.5
2026-08-02,MRG,もっちゃま,stream_duration,jul_late_2026,67.4
2026-08-02,MRG,もっちゃま,stream_duration,jun_late_2026,40.9
2026-08-02,MRG,もっちゃま,stream_duration,regular_season,82.1
2026-08-02,MRG,もっちゃま,video_upload_count,aug_early_2026,0
2026-08-02,MRG,もっちゃま,video_upload_count,jul_early_2026,0
2026-08-02,MRG,もっちゃま,video_upload_count,jul_late_2026,0
2026-08-02,MRG,もっちゃま,video_upload_count,jun_late_2026,0
2026-08-02,MRG,もっちゃま,video_upload_count,regular_season,0
2026-08-02,MRG,もっちゃま,video_view_count,aug_early_2026,0
2026-08-02,MRG,もっちゃま,video_view_count,jul_early_2026,0
2026-08-02,MRG,もっちゃま,video_view_count,jul_late_2026,0
2026-08-02,MRG,もっちゃま,video_view_count,regular_season,0
2026-08-02,MRG,もっちゃま,watch_time,aug_early_2026,1509
2026-08-02,MRG,もっちゃま,watch_time,jul_early_2026,116677
2026-08-02,MRG,もっちゃま,watch_time,jul_late_2026,102904
2026-08-02,MRG,もっちゃま,watch_time,regular_season,127482
2026-08-02,MRG,もっちゃま,youtube_subscribers,current,18100
2026-08-02,MRG,マイト,followers,current,11478
2026-08-02,MRG,マイト,stream_duration,apr_late_2026,90.4
2026-08-02,MRG,マイト,stream_duration,aug_early_2026,3.7
2026-08-02,MRG,マイト,stream_duration,jul_early_2026,22.0
2026-08-02,MRG,マイト,stream_duration,jul_late_2026,9.9
2026-08-02,MRG,マイト,stream_duration,jun_early_2026,54.9
2026-08-02,MRG,マイト,stream_duration,jun_late_2026,51.3
2026-08-02,MRG,マイト,stream_duration,may_early_2026,49.9
2026-08-02,MRG,マイト,stream_duration,may_late_2026,60.4
2026-08-02,MRG,マイト,stream_duration,regular_season,15.5
2026-08-02,MRG,マイト,video_upload_count,apr_late_2026,1
2026-08-02,MRG,マイト,video_upload_count,aug_early_2026,1
2026-08-02,MRG,マイト,video_upload_count,jul_early_2026,3
2026-08-02,MRG,マイト,video_upload_count,jul_late_2026,3
2026-08-02,MRG,マイト,video_upload_count,jun_early_2026,0
2026-08-02,MRG,マイト,video_upload_count,jun_late_2026,4
2026-08-02,MRG,マイト,video_upload_count,may_early_2026,0
2026-08-02,MRG,マイト,video_upload_count,may_late_2026,0
2026-08-02,MRG,マイト,video_upload_count,regular_season,4
2026-08-02,MRG,マイト,video_view_count,aug_early_2026,0
2026-08-02,MRG,マイト,video_view_count,jul_early_2026,50094
2026-08-02,MRG,マイト,video_view_count,jul_late_2026,42932
2026-08-02,MRG,マイト,video_view_count,jun_early_2026,0
2026-08-02,MRG,マイト,video_view_count,jun_late_2026,52957
2026-08-02,MRG,マイト,video_view_count,may_early_2026,0
2026-08-02,MRG,マイト,video_view_count,may_late_2026,0
2026-08-02,MRG,マイト,video_view_count,regular_season,42932
2026-08-02,MRG,マイト,watch_time,aug_early_2026,4064
2026-08-02,MRG,マイト,watch_time,jul_early_2026,34758
2026-08-02,MRG,マイト,watch_time,jul_late_2026,9407
2026-08-02,MRG,マイト,watch_time,jun_early_2026,58593
2026-08-02,MRG,マイト,watch_time,jun_late_2026,66965
2026-08-02,MRG,マイト,watch_time,may_early_2026,73329
2026-08-02,MRG,マイト,watch_time,may_late_2026,80542
2026-08-02,MRG,マイト,watch_time,regular_season,15444
2026-08-02,MRG,マイト,youtube_subscribers,current,35900
2026-08-02,RC,あぐのむ,followers,current,27318
2026-08-02,RC,あぐのむ,stream_duration,apr_late_2026,12.7
2026-08-02,RC,あぐのむ,stream_duration,aug_early_2026,0.0
2026-08-02,RC,あぐのむ,stream_duration,jul_early_2026,7.4
2026-08-02,RC,あぐのむ,stream_duration,jul_late_2026,1.4
2026-08-02,RC,あぐのむ,stream_duration,jun_early_2026,18.5
2026-08-02,RC,あぐのむ,stream_duration,jun_late_2026,6.1
2026-08-02,RC,あぐのむ,stream_duration,may_early_2026,12.4
2026-08-02,RC,あぐのむ,stream_duration,may_late_2026,0.9
2026-08-02,RC,あぐのむ,stream_duration,regular_season,8.8
2026-08-02,RC,あぐのむ,video_upload_count,apr_late_2026,2
2026-08-02,RC,あぐのむ,video_upload_count,aug_early_2026,1
2026-08-02,RC,あぐのむ,video_upload_count,jul_early_2026,1
2026-08-02,RC,あぐのむ,video_upload_count,jul_late_2026,0
2026-08-02,RC,あぐのむ,video_upload_count,jun_early_2026,0
2026-08-02,RC,あぐのむ,video_upload_count,jun_late_2026,3
2026-08-02,RC,あぐのむ,video_upload_count,may_early_2026,2
2026-08-02,RC,あぐのむ,video_upload_count,may_late_2026,0
2026-08-02,RC,あぐのむ,video_upload_count,regular_season,1
2026-08-02,RC,あぐのむ,video_view_count,aug_early_2026,0
2026-08-02,RC,あぐのむ,video_view_count,jul_early_2026,17335
2026-08-02,RC,あぐのむ,video_view_count,jul_late_2026,0
2026-08-02,RC,あぐのむ,video_view_count,jun_early_2026,0
2026-08-02,RC,あぐのむ,video_view_count,jun_late_2026,52049
2026-08-02,RC,あぐのむ,video_view_count,may_early_2026,20087
2026-08-02,RC,あぐのむ,video_view_count,may_late_2026,0
2026-08-02,RC,あぐのむ,video_view_count,regular_season,0
2026-08-02,RC,あぐのむ,watch_time,aug_early_2026,0
2026-08-02,RC,あぐのむ,watch_time,jul_early_2026,4303
2026-08-02,RC,あぐのむ,watch_time,jul_late_2026,1014
2026-08-02,RC,あぐのむ,watch_time,jun_early_2026,3773
2026-08-02,RC,あぐのむ,watch_time,jun_late_2026,1718
2026-08-02,RC,あぐのむ,watch_time,may_early_2026,7048
2026-08-02,RC,あぐのむ,watch_time,may_late_2026,45
2026-08-02,RC,あぐのむ,watch_time,regular_season,5311
2026-08-02,RC,あぐのむ,youtube_subscribers,current,35400
2026-08-02,RC,たばた,followers,current,11338
2026-08-02,RC,たばた,stream_duration,apr_late_2026,3.1
2026-08-02,RC,たばた,stream_duration,aug_early_2026,0.0
2026-08-02,RC,たばた,stream_duration,jul_early_2026,9.6
2026-08-02,RC,たばた,stream_duration,jul_late_2026,8.3
2026-08-02,RC,たばた,stream_duration,jun_early_2026,49.8
2026-08-02,RC,たばた,stream_duration,jun_late_2026,19.5
2026-08-02,RC,たばた,stream_duration,may_early_2026,4.0
2026-08-02,RC,たばた,stream_duration,may_late_2026,4.6
2026-08-02,RC,たばた,stream_duration,regular_season,9.5
2026-08-02,RC,たばた,video_upload_count,apr_late_2026,0
2026-08-02,RC,たばた,video_upload_count,aug_early_2026,0
2026-08-02,RC,たばた,video_upload_count,jul_early_2026,0
2026-08-02,RC,たばた,video_upload_count,jul_late_2026,3
2026-08-02,RC,たばた,video_upload_count,jun_early_2026,1
2026-08-02,RC,たばた,video_upload_count,jun_late_2026,2
2026-08-02,RC,たばた,video_upload_count,may_early_2026,0
2026-08-02,RC,たばた,video_upload_count,may_late_2026,1
2026-08-02,RC,たばた,video_upload_count,regular_season,3
2026-08-02,RC,たばた,video_view_count,aug_early_2026,0
2026-08-02,RC,たばた,video_view_count,jul_early_2026,0
2026-08-02,RC,たばた,video_view_count,jul_late_2026,28883
2026-08-02,RC,たばた,video_view_count,jun_early_2026,2922
2026-08-02,RC,たばた,video_view_count,jun_late_2026,7648
2026-08-02,RC,たばた,video_view_count,may_early_2026,0
2026-08-02,RC,たばた,video_view_count,may_late_2026,3273
2026-08-02,RC,たばた,video_view_count,regular_season,28883
2026-08-02,RC,たばた,watch_time,aug_early_2026,0
2026-08-02,RC,たばた,watch_time,jul_early_2026,982
2026-08-02,RC,たばた,watch_time,jul_late_2026,2352
2026-08-02,RC,たばた,watch_time,jun_early_2026,3924
2026-08-02,RC,たばた,watch_time,jun_late_2026,1715
2026-08-02,RC,たばた,watch_time,may_early_2026,75
2026-08-02,RC,たばた,watch_time,may_late_2026,101
2026-08-02,RC,たばた,watch_time,regular_season,2616
2026-08-02,RC,たばた,youtube_subscribers,current,3960
2026-08-02,RC,つきあかめん,followers,current,3664
2026-08-02,RC,つきあかめん,stream_duration,aug_early_2026,6.8
2026-08-02,RC,つきあかめん,stream_duration,jul_early_2026,43.3
2026-08-02,RC,つきあかめん,stream_duration,jul_late_2026,41.4
2026-08-02,RC,つきあかめん,stream_duration,jun_late_2026,41.7
2026-08-02,RC,つきあかめん,stream_duration,regular_season,59.9
2026-08-02,RC,つきあかめん,video_upload_count,aug_early_2026,0
2026-08-02,RC,つきあかめん,video_upload_count,jul_early_2026,3
2026-08-02,RC,つきあかめん,video_upload_count,jul_late_2026,1
2026-08-02,RC,つきあかめん,video_upload_count,jun_late_2026,1
2026-08-02,RC,つきあかめん,video_upload_count,regular_season,1
2026-08-02,RC,つきあかめん,video_view_count,aug_early_2026,0
2026-08-02,RC,つきあかめん,video_view_count,jul_early_2026,34698
2026-08-02,RC,つきあかめん,video_view_count,jul_late_2026,6154
2026-08-02,RC,つきあかめん,video_view_count,regular_season,6154
2026-08-02,RC,つきあかめん,watch_time,aug_early_2026,1842
2026-08-02,RC,つきあかめん,watch_time,jul_early_2026,17481
2026-08-02,RC,つきあかめん,watch_time,jul_late_2026,14723
2026-08-02,RC,つきあかめん,watch_time,regular_season,22509
2026-08-02,RC,つきあかめん,youtube_subscribers,current,6980
2026-08-02,RC,ぱらちゃん,followers,current,34713
2026-08-02,RC,ぱらちゃん,stream_duration,apr_late_2026,54.1
2026-08-02,RC,ぱらちゃん,stream_duration,aug_early_2026,3.4
2026-08-02,RC,ぱらちゃん,stream_duration,jul_early_2026,37.5
2026-08-02,RC,ぱらちゃん,stream_duration,jul_late_2026,33.0
2026-08-02,RC,ぱらちゃん,stream_duration,jun_early_2026,20.4
2026-08-02,RC,ぱらちゃん,stream_duration,jun_late_2026,35.2
2026-08-02,RC,ぱらちゃん,stream_duration,may_early_2026,37.5
2026-08-02,RC,ぱらちゃん,stream_duration,may_late_2026,48.8
2026-08-02,RC,ぱらちゃん,stream_duration,regular_season,48.4
2026-08-02,RC,ぱらちゃん,video_upload_count,apr_late_2026,2
2026-08-02,RC,ぱらちゃん,video_upload_count,aug_early_2026,0
2026-08-02,RC,ぱらちゃん,video_upload_count,jul_early_2026,0
2026-08-02,RC,ぱらちゃん,video_upload_count,jul_late_2026,0
2026-08-02,RC,ぱらちゃん,video_upload_count,jun_early_2026,1
2026-08-02,RC,ぱらちゃん,video_upload_count,jun_late_2026,1
2026-08-02,RC,ぱらちゃん,video_upload_count,may_early_2026,9
2026-08-02,RC,ぱらちゃん,video_upload_count,may_late_2026,4
2026-08-02,RC,ぱらちゃん,video_upload_count,regular_season,0
2026-08-02,RC,ぱらちゃん,video_view_count,aug_early_2026,0
2026-08-02,RC,ぱらちゃん,video_view_count,jul_early_2026,0
2026-08-02,RC,ぱらちゃん,video_view_count,jul_late_2026,0
2026-08-02,RC,ぱらちゃん,video_view_count,jun_early_2026,16237
2026-08-02,RC,ぱらちゃん,video_view_count,jun_late_2026,27561
2026-08-02,RC,ぱらちゃん,video_view_count,may_early_2026,159462
2026-08-02,RC,ぱらちゃん,video_view_count,may_late_2026,76393
2026-08-02,RC,ぱらちゃん,video_view_count,regular_season,0
2026-08-02,RC,ぱらちゃん,watch_time,aug_early_2026,3453
2026-08-02,RC,ぱらちゃん,watch_time,jul_early_2026,47653
2026-08-02,RC,ぱらちゃん,watch_time,jul_late_2026,28629
2026-08-02,RC,ぱらちゃん,watch_time,jun_early_2026,14828
2026-08-02,RC,ぱらちゃん,watch_time,jun_late_2026,41002
2026-08-02,RC,ぱらちゃん,watch_time,may_early_2026,54871
2026-08-02,RC,ぱらちゃん,watch_time,may_late_2026,47272
2026-08-02,RC,ぱらちゃん,watch_time,regular_season,44366
2026-08-02,RC,ぱらちゃん,youtube_subscribers,current,45599
2026-08-02,RC,拓海,followers,current,10264
2026-08-02,RC,拓海,stream_duration,apr_late_2026,26.1
2026-08-02,RC,拓海,stream_duration,aug_early_2026,3.3
2026-08-02,RC,拓海,stream_duration,jul_early_2026,30.3
2026-08-02,RC,拓海,stream_duration,jul_late_2026,40.2
2026-08-02,RC,拓海,stream_duration,jun_early_2026,0.0
2026-08-02,RC,拓海,stream_duration,jun_late_2026,55.1
2026-08-02,RC,拓海,stream_duration,may_early_2026,33.3
2026-08-02,RC,拓海,stream_duration,may_late_2026,14.7
2026-08-02,RC,拓海,stream_duration,regular_season,50.8
2026-08-02,RC,拓海,video_upload_count,apr_late_2026,0
2026-08-02,RC,拓海,video_upload_count,aug_early_2026,0
2026-08-02,RC,拓海,video_upload_count,jul_early_2026,1
2026-08-02,RC,拓海,video_upload_count,jul_late_2026,0
2026-08-02,RC,拓海,video_upload_count,jun_early_2026,2
2026-08-02,RC,拓海,video_upload_count,jun_late_2026,1
2026-08-02,RC,拓海,video_upload_count,may_early_2026,0
2026-08-02,RC,拓海,video_upload_count,may_late_2026,0
2026-08-02,RC,拓海,video_upload_count,regular_season,0
2026-08-02,RC,拓海,video_view_count,aug_early_2026,0
2026-08-02,RC,拓海,video_view_count,jul_early_2026,6767
2026-08-02,RC,拓海,video_view_count,jul_late_2026,0
2026-08-02,RC,拓海,video_view_count,jun_early_2026,32895
2026-08-02,RC,拓海,video_view_count,jun_late_2026,5275
2026-08-02,RC,拓海,video_view_count,may_early_2026,0
2026-08-02,RC,拓海,video_view_count,may_late_2026,0
2026-08-02,RC,拓海,video_view_count,regular_season,0
2026-08-02,RC,拓海,watch_time,aug_early_2026,989
2026-08-02,RC,拓海,watch_time,jul_early_2026,5850
2026-08-02,RC,拓海,watch_time,jul_late_2026,8922
2026-08-02,RC,拓海,watch_time,jun_early_2026,0
2026-08-02,RC,拓海,watch_time,jun_late_2026,5019
2026-08-02,RC,拓海,watch_time,may_early_2026,2915
2026-08-02,RC,拓海,watch_time,may_late_2026,978
2026-08-02,RC,拓海,watch_time,regular_season,11035
2026-08-02,RC,拓海,youtube_subscribers,current,5550
2026-08-02,RDL,Chappy,followers,current,2571
2026-08-02,RDL,Chappy,stream_duration,aug_early_2026,2.0
2026-08-02,RDL,Chappy,stream_duration,jul_early_2026,78.2
2026-08-02,RDL,Chappy,stream_duration,jul_late_2026,32.0
2026-08-02,RDL,Chappy,stream_duration,jun_late_2026,93.0
2026-08-02,RDL,Chappy,stream_duration,regular_season,48.3
2026-08-02,RDL,Chappy,video_upload_count,aug_early_2026,0
2026-08-02,RDL,Chappy,video_upload_count,jul_early_2026,0
2026-08-02,RDL,Chappy,video_upload_count,jul_late_2026,0
2026-08-02,RDL,Chappy,video_upload_count,jun_late_2026,0
2026-08-02,RDL,Chappy,video_upload_count,regular_season,0
2026-08-02,RDL,Chappy,video_view_count,aug_early_2026,0
2026-08-02,RDL,Chappy,video_view_count,jul_early_2026,0
2026-08-02,RDL,Chappy,video_view_count,jul_late_2026,0
2026-08-02,RDL,Chappy,video_view_count,regular_season,0
2026-08-02,RDL,Chappy,watch_time,aug_early_2026,71
2026-08-02,RDL,Chappy,watch_time,jul_early_2026,11737
2026-08-02,RDL,Chappy,watch_time,jul_late_2026,3388
2026-08-02,RDL,Chappy,watch_time,regular_season,5393
2026-08-02,RDL,Stylish_deko,followers,current,1641
2026-08-02,RDL,Stylish_deko,stream_duration,aug_early_2026,4.9
2026-08-02,RDL,Stylish_deko,stream_duration,jul_early_2026,29.9
2026-08-02,RDL,Stylish_deko,stream_duration,jul_late_2026,18.1
2026-08-02,RDL,Stylish_deko,stream_duration,jun_late_2026,39.0
2026-08-02,RDL,Stylish_deko,stream_duration,regular_season,28.0
2026-08-02,RDL,Stylish_deko,video_upload_count,aug_early_2026,0
2026-08-02,RDL,Stylish_deko,video_upload_count,jul_early_2026,1
2026-08-02,RDL,Stylish_deko,video_upload_count,jul_late_2026,0
2026-08-02,RDL,Stylish_deko,video_upload_count,jun_late_2026,2
2026-08-02,RDL,Stylish_deko,video_upload_count,regular_season,0
2026-08-02,RDL,Stylish_deko,video_view_count,aug_early_2026,0
2026-08-02,RDL,Stylish_deko,video_view_count,jul_early_2026,932
2026-08-02,RDL,Stylish_deko,video_view_count,jul_late_2026,0
2026-08-02,RDL,Stylish_deko,video_view_count,regular_season,0
2026-08-02,RDL,Stylish_deko,watch_time,aug_early_2026,591
2026-08-02,RDL,Stylish_deko,watch_time,jul_early_2026,1858
2026-08-02,RDL,Stylish_deko,watch_time,jul_late_2026,1190
2026-08-02,RDL,Stylish_deko,watch_time,regular_season,1931
2026-08-02,RDL,Stylish_deko,youtube_subscribers,current,530
2026-08-02,RDL,ぱんさく,followers,current,1137
2026-08-02,RDL,ぱんさく,stream_duration,aug_early_2026,0.0
2026-08-02,RDL,ぱんさく,stream_duration,jul_early_2026,5.5
2026-08-02,RDL,ぱんさく,stream_duration,jul_late_2026,1.1
2026-08-02,RDL,ぱんさく,stream_duration,jun_late_2026,15.8
2026-08-02,RDL,ぱんさく,stream_duration,regular_season,2.9
2026-08-02,RDL,ぱんさく,video_upload_count,aug_early_2026,0
2026-08-02,RDL,ぱんさく,video_upload_count,jul_early_2026,0
2026-08-02,RDL,ぱんさく,video_upload_count,jul_late_2026,0
2026-08-02,RDL,ぱんさく,video_upload_count,jun_late_2026,0
2026-08-02,RDL,ぱんさく,video_upload_count,regular_season,0
2026-08-02,RDL,ぱんさく,video_view_count,aug_early_2026,0
2026-08-02,RDL,ぱんさく,video_view_count,jul_early_2026,0
2026-08-02,RDL,ぱんさく,video_view_count,jul_late_2026,0
2026-08-02,RDL,ぱんさく,video_view_count,regular_season,0
2026-08-02,RDL,ぱんさく,watch_time,aug_early_2026,0
2026-08-02,RDL,ぱんさく,watch_time,jul_early_2026,79
2026-08-02,RDL,ぱんさく,watch_time,jul_late_2026,13
2026-08-02,RDL,ぱんさく,watch_time,regular_season,50
2026-08-02,RDL,ぱんさく,youtube_subscribers,current,205
2026-08-02,RDL,山田レクイエム,followers,current,2085
2026-08-02,RDL,山田レクイエム,stream_duration,aug_early_2026,0.0
2026-08-02,RDL,山田レクイエム,stream_duration,jul_early_2026,0.0
2026-08-02,RDL,山田レクイエム,stream_duration,jul_late_2026,0.0
2026-08-02,RDL,山田レクイエム,stream_duration,jun_late_2026,15.4
2026-08-02,RDL,山田レクイエム,stream_duration,regular_season,0.0
2026-08-02,RDL,山田レクイエム,video_upload_count,aug_early_2026,0
2026-08-02,RDL,山田レクイエム,video_upload_count,jul_early_2026,0
2026-08-02,RDL,山田レクイエム,video_upload_count,jul_late_2026,0
2026-08-02,RDL,山田レクイエム,video_upload_count,jun_late_2026,0
2026-08-02,RDL,山田レクイエム,video_upload_count,regular_season,0
2026-08-02,RDL,山田レクイエム,video_view_count,aug_early_2026,0
2026-08-02,RDL,山田レクイエム,video_view_count,jul_early_2026,0
2026-08-02,RDL,山田レクイエム,video_view_count,jul_late_2026,0
2026-08-02,RDL,山田レクイエム,video_view_count,regular_season,0
2026-08-02,RDL,山田レクイエム,watch_time,aug_early_2026,0
2026-08-02,RDL,山田レクイエム,watch_time,jul_early_2026,0
2026-08-02,RDL,山田レクイエム,watch_time,jul_late_2026,0
2026-08-02,RDL,山田レクイエム,watch_time,regular_season,0
2026-08-02,RDL,山田レクイエム,youtube_subscribers,current,304
2026-08-02,RDL,折り紙,followers,current,5122
2026-08-02,RDL,折り紙,stream_duration,apr_late_2026,74.4
2026-08-02,RDL,折り紙,stream_duration,aug_early_2026,1.1
2026-08-02,RDL,折り紙,stream_duration,jul_early_2026,25.6
2026-08-02,RDL,折り紙,stream_duration,jul_late_2026,10.4
2026-08-02,RDL,折り紙,stream_duration,jun_early_2026,47.1
2026-08-02,RDL,折り紙,stream_duration,jun_late_2026,33.0
2026-08-02,RDL,折り紙,stream_duration,may_early_2026,50.5
2026-08-02,RDL,折り紙,stream_duration,may_late_2026,54.7
2026-08-02,RDL,折り紙,stream_duration,regular_season,18.6
2026-08-02,RDL,折り紙,video_upload_count,apr_late_2026,5
2026-08-02,RDL,折り紙,video_upload_count,aug_early_2026,0
2026-08-02,RDL,折り紙,video_upload_count,jul_early_2026,3
2026-08-02,RDL,折り紙,video_upload_count,jul_late_2026,0
2026-08-02,RDL,折り紙,video_upload_count,jun_early_2026,3
2026-08-02,RDL,折り紙,video_upload_count,jun_late_2026,3
2026-08-02,RDL,折り紙,video_upload_count,may_early_2026,3
2026-08-02,RDL,折り紙,video_upload_count,may_late_2026,5
2026-08-02,RDL,折り紙,video_upload_count,regular_season,0
2026-08-02,RDL,折り紙,video_view_count,aug_early_2026,0
2026-08-02,RDL,折り紙,video_view_count,jul_early_2026,59767
2026-08-02,RDL,折り紙,video_view_count,jul_late_2026,0
2026-08-02,RDL,折り紙,video_view_count,jun_early_2026,43730
2026-08-02,RDL,折り紙,video_view_count,jun_late_2026,88530
2026-08-02,RDL,折り紙,video_view_count,may_early_2026,107876
2026-08-02,RDL,折り紙,video_view_count,may_late_2026,66564
2026-08-02,RDL,折り紙,video_view_count,regular_season,0
2026-08-02,RDL,折り紙,watch_time,aug_early_2026,148
2026-08-02,RDL,折り紙,watch_time,jul_early_2026,6628
2026-08-02,RDL,折り紙,watch_time,jul_late_2026,751
2026-08-02,RDL,折り紙,watch_time,jun_early_2026,5895
2026-08-02,RDL,折り紙,watch_time,jun_late_2026,4608
2026-08-02,RDL,折り紙,watch_time,may_early_2026,7528
2026-08-02,RDL,折り紙,watch_time,may_late_2026,9118
2026-08-02,RDL,折り紙,watch_time,regular_season,2247
2026-08-02,RDL,折り紙,youtube_subscribers,current,14400
2026-08-02,VRL,Mishadow51,followers,current,2969
2026-08-02,VRL,Mishadow51,stream_duration,apr_late_2026,0.0
2026-08-02,VRL,Mishadow51,stream_duration,aug_early_2026,0.0
2026-08-02,VRL,Mishadow51,stream_duration,jul_early_2026,0.0
2026-08-02,VRL,Mishadow51,stream_duration,jul_late_2026,0.0
2026-08-02,VRL,Mishadow51,stream_duration,jun_early_2026,0.0
2026-08-02,VRL,Mishadow51,stream_duration,jun_late_2026,0.0
2026-08-02,VRL,Mishadow51,stream_duration,may_early_2026,0.0
2026-08-02,VRL,Mishadow51,stream_duration,may_late_2026,0.0
2026-08-02,VRL,Mishadow51,stream_duration,regular_season,0.0
2026-08-02,VRL,Mishadow51,video_upload_count,apr_late_2026,0
2026-08-02,VRL,Mishadow51,video_upload_count,aug_early_2026,0
2026-08-02,VRL,Mishadow51,video_upload_count,jul_early_2026,0
2026-08-02,VRL,Mishadow51,video_upload_count,jul_late_2026,0
2026-08-02,VRL,Mishadow51,video_upload_count,jun_early_2026,0
2026-08-02,VRL,Mishadow51,video_upload_count,jun_late_2026,0
2026-08-02,VRL,Mishadow51,video_upload_count,may_early_2026,0
2026-08-02,VRL,Mishadow51,video_upload_count,may_late_2026,0
2026-08-02,VRL,Mishadow51,video_upload_count,regular_season,0
2026-08-02,VRL,Mishadow51,video_view_count,aug_early_2026,0
2026-08-02,VRL,Mishadow51,video_view_count,jul_early_2026,0
2026-08-02,VRL,Mishadow51,video_view_count,jul_late_2026,0
2026-08-02,VRL,Mishadow51,video_view_count,jun_early_2026,0
2026-08-02,VRL,Mishadow51,video_view_count,jun_late_2026,0
2026-08-02,VRL,Mishadow51,video_view_count,may_early_2026,0
2026-08-02,VRL,Mishadow51,video_view_count,may_late_2026,0
2026-08-02,VRL,Mishadow51,video_view_count,regular_season,0
2026-08-02,VRL,Mishadow51,watch_time,aug_early_2026,0
2026-08-02,VRL,Mishadow51,watch_time,jul_early_2026,0
2026-08-02,VRL,Mishadow51,watch_time,jul_late_2026,0
2026-08-02,VRL,Mishadow51,watch_time,jun_early_2026,0
2026-08-02,VRL,Mishadow51,watch_time,jun_late_2026,0
2026-08-02,VRL,Mishadow51,watch_time,may_early_2026,0
2026-08-02,VRL,Mishadow51,watch_time,may_late_2026,0
2026-08-02,VRL,Mishadow51,watch_time,regular_season,0
2026-08-02,VRL,Mishadow51,youtube_subscribers,current,29
2026-08-02,VRL,Terarina,followers,current,3799
2026-08-02,VRL,Terarina,stream_duration,apr_late_2026,4.0
2026-08-02,VRL,Terarina,stream_duration,aug_early_2026,0.9
2026-08-02,VRL,Terarina,stream_duration,jul_early_2026,0.2
2026-08-02,VRL,Terarina,stream_duration,jul_late_2026,9.1
2026-08-02,VRL,Terarina,stream_duration,jun_early_2026,16.0
2026-08-02,VRL,Terarina,stream_duration,jun_late_2026,4.2
2026-08-02,VRL,Terarina,stream_duration,may_early_2026,5.1
2026-08-02,VRL,Terarina,stream_duration,may_late_2026,5.9
2026-08-02,VRL,Terarina,stream_duration,regular_season,10.0
2026-08-02,VRL,Terarina,video_upload_count,apr_late_2026,0
2026-08-02,VRL,Terarina,video_upload_count,aug_early_2026,0
2026-08-02,VRL,Terarina,video_upload_count,jul_early_2026,0
2026-08-02,VRL,Terarina,video_upload_count,jul_late_2026,0
2026-08-02,VRL,Terarina,video_upload_count,jun_early_2026,0
2026-08-02,VRL,Terarina,video_upload_count,jun_late_2026,0
2026-08-02,VRL,Terarina,video_upload_count,may_early_2026,0
2026-08-02,VRL,Terarina,video_upload_count,may_late_2026,0
2026-08-02,VRL,Terarina,video_upload_count,regular_season,0
2026-08-02,VRL,Terarina,video_view_count,aug_early_2026,0
2026-08-02,VRL,Terarina,video_view_count,jul_early_2026,0
2026-08-02,VRL,Terarina,video_view_count,jul_late_2026,0
2026-08-02,VRL,Terarina,video_view_count,jun_early_2026,0
2026-08-02,VRL,Terarina,video_view_count,jun_late_2026,0
2026-08-02,VRL,Terarina,video_view_count,may_early_2026,0
2026-08-02,VRL,Terarina,video_view_count,may_late_2026,0
2026-08-02,VRL,Terarina,video_view_count,regular_season,0
2026-08-02,VRL,Terarina,watch_time,aug_early_2026,4
2026-08-02,VRL,Terarina,watch_time,jul_early_2026,3
2026-08-02,VRL,Terarina,watch_time,jul_late_2026,65
2026-08-02,VRL,Terarina,watch_time,jun_early_2026,2920
2026-08-02,VRL,Terarina,watch_time,jun_late_2026,193
2026-08-02,VRL,Terarina,watch_time,may_early_2026,387
2026-08-02,VRL,Terarina,watch_time,may_late_2026,381
2026-08-02,VRL,Terarina,watch_time,regular_season,70
2026-08-02,VRL,Terarina,youtube_subscribers,current,1770
2026-08-02,VRL,monakawan,followers,current,1887
2026-08-02,VRL,monakawan,stream_duration,apr_late_2026,0.0
2026-08-02,VRL,monakawan,stream_duration,aug_early_2026,5.9
2026-08-02,VRL,monakawan,stream_duration,jul_early_2026,0.0
2026-08-02,VRL,monakawan,stream_duration,jul_late_2026,16.7
2026-08-02,VRL,monakawan,stream_duration,jun_early_2026,0.0
2026-08-02,VRL,monakawan,stream_duration,jun_late_2026,0.0
2026-08-02,VRL,monakawan,stream_duration,may_early_2026,0.0
2026-08-02,VRL,monakawan,stream_duration,may_late_2026,0.0
2026-08-02,VRL,monakawan,stream_duration,regular_season,22.6
2026-08-02,VRL,monakawan,video_upload_count,apr_late_2026,0
2026-08-02,VRL,monakawan,video_upload_count,aug_early_2026,0
2026-08-02,VRL,monakawan,video_upload_count,jul_early_2026,0
2026-08-02,VRL,monakawan,video_upload_count,jul_late_2026,0
2026-08-02,VRL,monakawan,video_upload_count,jun_early_2026,0
2026-08-02,VRL,monakawan,video_upload_count,jun_late_2026,0
2026-08-02,VRL,monakawan,video_upload_count,may_early_2026,0
2026-08-02,VRL,monakawan,video_upload_count,may_late_2026,0
2026-08-02,VRL,monakawan,video_upload_count,regular_season,0
2026-08-02,VRL,monakawan,video_view_count,aug_early_2026,0
2026-08-02,VRL,monakawan,video_view_count,jul_early_2026,0
2026-08-02,VRL,monakawan,video_view_count,jul_late_2026,0
2026-08-02,VRL,monakawan,video_view_count,jun_early_2026,0
2026-08-02,VRL,monakawan,video_view_count,jun_late_2026,0
2026-08-02,VRL,monakawan,video_view_count,may_early_2026,0
2026-08-02,VRL,monakawan,video_view_count,may_late_2026,0
2026-08-02,VRL,monakawan,video_view_count,regular_season,0
2026-08-02,VRL,monakawan,watch_time,aug_early_2026,55
2026-08-02,VRL,monakawan,watch_time,jul_early_2026,0
2026-08-02,VRL,monakawan,watch_time,jul_late_2026,262
2026-08-02,VRL,monakawan,watch_time,jun_early_2026,0
2026-08-02,VRL,monakawan,watch_time,jun_late_2026,0
2026-08-02,VRL,monakawan,watch_time,may_early_2026,0
2026-08-02,VRL,monakawan,watch_time,may_late_2026,0
2026-08-02,VRL,monakawan,watch_time,regular_season,316
2026-08-02,VRL,monakawan,youtube_subscribers,current,382
2026-08-02,VRL,まっつ,followers,current,4563
2026-08-02,VRL,まっつ,stream_duration,aug_early_2026,2.7
2026-08-02,VRL,まっつ,stream_duration,jul_early_2026,8.3
2026-08-02,VRL,まっつ,stream_duration,jul_late_2026,14.6
2026-08-02,VRL,まっつ,stream_duration,jun_late_2026,16.8
2026-08-02,VRL,まっつ,stream_duration,regular_season,20.3
2026-08-02,VRL,まっつ,video_upload_count,aug_early_2026,0
2026-08-02,VRL,まっつ,video_upload_count,jul_early_2026,0
2026-08-02,VRL,まっつ,video_upload_count,jul_late_2026,0
2026-08-02,VRL,まっつ,video_upload_count,jun_late_2026,0
2026-08-02,VRL,まっつ,video_upload_count,regular_season,0
2026-08-02,VRL,まっつ,video_view_count,aug_early_2026,0
2026-08-02,VRL,まっつ,video_view_count,jul_early_2026,0
2026-08-02,VRL,まっつ,video_view_count,jul_late_2026,0
2026-08-02,VRL,まっつ,video_view_count,regular_season,0
2026-08-02,VRL,まっつ,watch_time,aug_early_2026,234
2026-08-02,VRL,まっつ,watch_time,jul_early_2026,540
2026-08-02,VRL,まっつ,watch_time,jul_late_2026,1435
2026-08-02,VRL,まっつ,watch_time,regular_season,1706
2026-08-02,VRL,まっつ,youtube_subscribers,current,1610
2026-08-02,ZETA,CQCQ,followers,current,13717
2026-08-02,ZETA,CQCQ,stream_duration,apr_late_2026,21.5
2026-08-02,ZETA,CQCQ,stream_duration,aug_early_2026,6.2
2026-08-02,ZETA,CQCQ,stream_duration,jul_early_2026,2.7
2026-08-02,ZETA,CQCQ,stream_duration,jul_late_2026,26.9
2026-08-02,ZETA,CQCQ,stream_duration,jun_early_2026,18.1
2026-08-02,ZETA,CQCQ,stream_duration,jun_late_2026,20.2
2026-08-02,ZETA,CQCQ,stream_duration,may_early_2026,26.4
2026-08-02,ZETA,CQCQ,stream_duration,may_late_2026,18.6
2026-08-02,ZETA,CQCQ,stream_duration,regular_season,33.1
2026-08-02,ZETA,CQCQ,video_upload_count,apr_late_2026,2
2026-08-02,ZETA,CQCQ,video_upload_count,aug_early_2026,0
2026-08-02,ZETA,CQCQ,video_upload_count,jul_early_2026,0
2026-08-02,ZETA,CQCQ,video_upload_count,jul_late_2026,0
2026-08-02,ZETA,CQCQ,video_upload_count,jun_early_2026,0
2026-08-02,ZETA,CQCQ,video_upload_count,jun_late_2026,0
2026-08-02,ZETA,CQCQ,video_upload_count,may_early_2026,1
2026-08-02,ZETA,CQCQ,video_upload_count,may_late_2026,0
2026-08-02,ZETA,CQCQ,video_upload_count,regular_season,0
2026-08-02,ZETA,CQCQ,video_view_count,aug_early_2026,0
2026-08-02,ZETA,CQCQ,video_view_count,jul_early_2026,0
2026-08-02,ZETA,CQCQ,video_view_count,jul_late_2026,0
2026-08-02,ZETA,CQCQ,video_view_count,jun_early_2026,0
2026-08-02,ZETA,CQCQ,video_view_count,jun_late_2026,0
2026-08-02,ZETA,CQCQ,video_view_count,may_early_2026,32600
2026-08-02,ZETA,CQCQ,video_view_count,may_late_2026,0
2026-08-02,ZETA,CQCQ,video_view_count,regular_season,0
2026-08-02,ZETA,CQCQ,watch_time,aug_early_2026,1644
2026-08-02,ZETA,CQCQ,watch_time,jul_early_2026,1808
2026-08-02,ZETA,CQCQ,watch_time,jul_late_2026,12525
2026-08-02,ZETA,CQCQ,watch_time,jun_early_2026,5188
2026-08-02,ZETA,CQCQ,watch_time,jun_late_2026,8316
2026-08-02,ZETA,CQCQ,watch_time,may_early_2026,18546
2026-08-02,ZETA,CQCQ,watch_time,may_late_2026,9708
2026-08-02,ZETA,CQCQ,watch_time,regular_season,14200
2026-08-02,ZETA,CQCQ,youtube_subscribers,current,13500
2026-08-02,ZETA,TBT,followers,current,2618
2026-08-02,ZETA,TBT,stream_duration,apr_late_2026,4.4
2026-08-02,ZETA,TBT,stream_duration,aug_early_2026,1.6
2026-08-02,ZETA,TBT,stream_duration,jul_early_2026,3.8
2026-08-02,ZETA,TBT,stream_duration,jul_late_2026,19.3
2026-08-02,ZETA,TBT,stream_duration,jun_early_2026,2.2
2026-08-02,ZETA,TBT,stream_duration,jun_late_2026,19.3
2026-08-02,ZETA,TBT,stream_duration,may_early_2026,0.0
2026-08-02,ZETA,TBT,stream_duration,may_late_2026,16.0
2026-08-02,ZETA,TBT,stream_duration,regular_season,20.9
2026-08-02,ZETA,TBT,video_upload_count,apr_late_2026,2
2026-08-02,ZETA,TBT,video_upload_count,aug_early_2026,0
2026-08-02,ZETA,TBT,video_upload_count,jul_early_2026,0
2026-08-02,ZETA,TBT,video_upload_count,jul_late_2026,0
2026-08-02,ZETA,TBT,video_upload_count,jun_early_2026,0
2026-08-02,ZETA,TBT,video_upload_count,jun_late_2026,0
2026-08-02,ZETA,TBT,video_upload_count,may_early_2026,0
2026-08-02,ZETA,TBT,video_upload_count,may_late_2026,0
2026-08-02,ZETA,TBT,video_upload_count,regular_season,0
2026-08-02,ZETA,TBT,video_view_count,aug_early_2026,0
2026-08-02,ZETA,TBT,video_view_count,jul_early_2026,0
2026-08-02,ZETA,TBT,video_view_count,jul_late_2026,0
2026-08-02,ZETA,TBT,video_view_count,jun_early_2026,0
2026-08-02,ZETA,TBT,video_view_count,jun_late_2026,0
2026-08-02,ZETA,TBT,video_view_count,may_early_2026,0
2026-08-02,ZETA,TBT,video_view_count,may_late_2026,0
2026-08-02,ZETA,TBT,video_view_count,regular_season,0
2026-08-02,ZETA,TBT,watch_time,aug_early_2026,141
2026-08-02,ZETA,TBT,watch_time,jul_early_2026,319
2026-08-02,ZETA,TBT,watch_time,jul_late_2026,2111
2026-08-02,ZETA,TBT,watch_time,jun_early_2026,258
2026-08-02,ZETA,TBT,watch_time,jun_late_2026,1414
2026-08-02,ZETA,TBT,watch_time,may_early_2026,0
2026-08-02,ZETA,TBT,watch_time,may_late_2026,2626
2026-08-02,ZETA,TBT,watch_time,regular_season,2253
2026-08-02,ZETA,TBT,youtube_subscribers,current,1190
2026-08-02,ZETA,ねぎま,followers,current,3259
2026-08-02,ZETA,ねぎま,stream_duration,aug_early_2026,3.6
2026-08-02,ZETA,ねぎま,stream_duration,jul_early_2026,14.6
2026-08-02,ZETA,ねぎま,stream_duration,jul_late_2026,37.6
2026-08-02,ZETA,ねぎま,stream_duration,jun_late_2026,77.4
2026-08-02,ZETA,ねぎま,stream_duration,regular_season,41.2
2026-08-02,ZETA,ねぎま,video_upload_count,aug_early_2026,0
2026-08-02,ZETA,ねぎま,video_upload_count,jul_early_2026,0
2026-08-02,ZETA,ねぎま,video_upload_count,jul_late_2026,0
2026-08-02,ZETA,ねぎま,video_upload_count,jun_late_2026,1
2026-08-02,ZETA,ねぎま,video_upload_count,regular_season,0
2026-08-02,ZETA,ねぎま,video_view_count,aug_early_2026,0
2026-08-02,ZETA,ねぎま,video_view_count,jul_early_2026,0
2026-08-02,ZETA,ねぎま,video_view_count,jul_late_2026,0
2026-08-02,ZETA,ねぎま,video_view_count,regular_season,0
2026-08-02,ZETA,ねぎま,watch_time,aug_early_2026,333
2026-08-02,ZETA,ねぎま,watch_time,jul_early_2026,1479
2026-08-02,ZETA,ねぎま,watch_time,jul_late_2026,6211
2026-08-02,ZETA,ねぎま,watch_time,regular_season,6538
2026-08-02,ZETA,ねぎま,youtube_subscribers,current,1480
2026-08-02,ZETA,ヘイム,followers,current,6335
2026-08-02,ZETA,ヘイム,stream_duration,apr_late_2026,57.1
2026-08-02,ZETA,ヘイム,stream_duration,aug_early_2026,2.4
2026-08-02,ZETA,ヘイム,stream_duration,jul_early_2026,8.1
2026-08-02,ZETA,ヘイム,stream_duration,jul_late_2026,22.7
2026-08-02,ZETA,ヘイム,stream_duration,jun_early_2026,41.3
2026-08-02,ZETA,ヘイム,stream_duration,jun_late_2026,11.1
2026-08-02,ZETA,ヘイム,stream_duration,may_early_2026,63.6
2026-08-02,ZETA,ヘイム,stream_duration,may_late_2026,80.1
2026-08-02,ZETA,ヘイム,stream_duration,regular_season,26.3
2026-08-02,ZETA,ヘイム,video_upload_count,apr_late_2026,0
2026-08-02,ZETA,ヘイム,video_upload_count,aug_early_2026,0
2026-08-02,ZETA,ヘイム,video_upload_count,jul_early_2026,0
2026-08-02,ZETA,ヘイム,video_upload_count,jul_late_2026,0
2026-08-02,ZETA,ヘイム,video_upload_count,jun_early_2026,0
2026-08-02,ZETA,ヘイム,video_upload_count,jun_late_2026,0
2026-08-02,ZETA,ヘイム,video_upload_count,may_early_2026,0
2026-08-02,ZETA,ヘイム,video_upload_count,may_late_2026,0
2026-08-02,ZETA,ヘイム,video_upload_count,regular_season,0
2026-08-02,ZETA,ヘイム,video_view_count,aug_early_2026,0
2026-08-02,ZETA,ヘイム,video_view_count,jul_early_2026,0
2026-08-02,ZETA,ヘイム,video_view_count,jul_late_2026,0
2026-08-02,ZETA,ヘイム,video_view_count,jun_early_2026,0
2026-08-02,ZETA,ヘイム,video_view_count,jun_late_2026,0
2026-08-02,ZETA,ヘイム,video_view_count,may_early_2026,0
2026-08-02,ZETA,ヘイム,video_view_count,may_late_2026,0
2026-08-02,ZETA,ヘイム,video_view_count,regular_season,0
2026-08-02,ZETA,ヘイム,watch_time,aug_early_2026,511
2026-08-02,ZETA,ヘイム,watch_time,jul_early_2026,1205
2026-08-02,ZETA,ヘイム,watch_time,jul_late_2026,6332
2026-08-02,ZETA,ヘイム,watch_time,jun_early_2026,6920
2026-08-02,ZETA,ヘイム,watch_time,jun_late_2026,1119
2026-08-02,ZETA,ヘイム,watch_time,may_early_2026,30598
2026-08-02,ZETA,ヘイム,watch_time,may_late_2026,19810
2026-08-02,ZETA,ヘイム,watch_time,regular_season,7055
2026-08-02,ZETA,ヘイム,youtube_subscribers,current,5080
2026-08-04,CR,Atom,followers,current,13211
2026-08-04,CR,Atom,stream_duration,apr_late_2026,35.5
2026-08-04,CR,Atom,stream_duration,aug_early_2026,3.3
2026-08-04,CR,Atom,stream_duration,jul_early_2026,0.8
2026-08-04,CR,Atom,stream_duration,jul_late_2026,15.4
2026-08-04,CR,Atom,stream_duration,jun_early_2026,3.6
2026-08-04,CR,Atom,stream_duration,jun_late_2026,0.0
2026-08-04,CR,Atom,stream_duration,may_early_2026,21.2
2026-08-04,CR,Atom,stream_duration,may_late_2026,15.3
2026-08-04,CR,Atom,stream_duration,regular_season,19.5
2026-08-04,CR,Atom,video_upload_count,apr_late_2026,0
2026-08-04,CR,Atom,video_upload_count,aug_early_2026,0
2026-08-04,CR,Atom,video_upload_count,jul_early_2026,0
2026-08-04,CR,Atom,video_upload_count,jul_late_2026,0
2026-08-04,CR,Atom,video_upload_count,jun_early_2026,0
2026-08-04,CR,Atom,video_upload_count,jun_late_2026,0
2026-08-04,CR,Atom,video_upload_count,may_early_2026,0
2026-08-04,CR,Atom,video_upload_count,may_late_2026,0
2026-08-04,CR,Atom,video_upload_count,regular_season,0
2026-08-04,CR,Atom,video_view_count,aug_early_2026,0
2026-08-04,CR,Atom,video_view_count,jul_early_2026,0
2026-08-04,CR,Atom,video_view_count,jul_late_2026,0
2026-08-04,CR,Atom,video_view_count,jun_early_2026,0
2026-08-04,CR,Atom,video_view_count,jun_late_2026,0
2026-08-04,CR,Atom,video_view_count,may_early_2026,0
2026-08-04,CR,Atom,video_view_count,may_late_2026,0
2026-08-04,CR,Atom,video_view_count,regular_season,0
2026-08-04,CR,Atom,watch_time,aug_early_2026,1403
2026-08-04,CR,Atom,watch_time,jul_early_2026,209
2026-08-04,CR,Atom,watch_time,jul_late_2026,4353
2026-08-04,CR,Atom,watch_time,jun_early_2026,2778
2026-08-04,CR,Atom,watch_time,jun_late_2026,0
2026-08-04,CR,Atom,watch_time,may_early_2026,17519
2026-08-04,CR,Atom,watch_time,may_late_2026,9365
2026-08-04,CR,Atom,watch_time,regular_season,5959
2026-08-04,CR,Atom,youtube_subscribers,current,8030
2026-08-04,CR,Winter,followers,current,2972
2026-08-04,CR,Winter,stream_duration,apr_late_2026,0.0
2026-08-04,CR,Winter,stream_duration,aug_early_2026,0.0
2026-08-04,CR,Winter,stream_duration,jul_early_2026,0.0
2026-08-04,CR,Winter,stream_duration,jul_late_2026,16.3
2026-08-04,CR,Winter,stream_duration,jun_early_2026,0.0
2026-08-04,CR,Winter,stream_duration,jun_late_2026,5.5
2026-08-04,CR,Winter,stream_duration,may_early_2026,0.0
2026-08-04,CR,Winter,stream_duration,may_late_2026,4.7
2026-08-04,CR,Winter,stream_duration,regular_season,16.3
2026-08-04,CR,Winter,video_upload_count,apr_late_2026,0
2026-08-04,CR,Winter,video_upload_count,aug_early_2026,0
2026-08-04,CR,Winter,video_upload_count,jul_early_2026,0
2026-08-04,CR,Winter,video_upload_count,jul_late_2026,0
2026-08-04,CR,Winter,video_upload_count,jun_early_2026,0
2026-08-04,CR,Winter,video_upload_count,jun_late_2026,0
2026-08-04,CR,Winter,video_upload_count,may_early_2026,0
2026-08-04,CR,Winter,video_upload_count,may_late_2026,0
2026-08-04,CR,Winter,video_upload_count,regular_season,0
2026-08-04,CR,Winter,video_view_count,aug_early_2026,0
2026-08-04,CR,Winter,video_view_count,jul_early_2026,0
2026-08-04,CR,Winter,video_view_count,jul_late_2026,0
2026-08-04,CR,Winter,video_view_count,jun_early_2026,0
2026-08-04,CR,Winter,video_view_count,jun_late_2026,0
2026-08-04,CR,Winter,video_view_count,may_early_2026,0
2026-08-04,CR,Winter,video_view_count,may_late_2026,0
2026-08-04,CR,Winter,video_view_count,regular_season,0
2026-08-04,CR,Winter,watch_time,aug_early_2026,0
2026-08-04,CR,Winter,watch_time,jul_early_2026,0
2026-08-04,CR,Winter,watch_time,jul_late_2026,874
2026-08-04,CR,Winter,watch_time,jun_early_2026,0
2026-08-04,CR,Winter,watch_time,jun_late_2026,346
2026-08-04,CR,Winter,watch_time,may_early_2026,0
2026-08-04,CR,Winter,watch_time,may_late_2026,260
2026-08-04,CR,Winter,watch_time,regular_season,874
2026-08-04,CR,Winter,youtube_subscribers,current,989
2026-08-04,CR,ふぇぐ,followers,current,34324
2026-08-04,CR,ふぇぐ,stream_duration,aug_early_2026,0.0
2026-08-04,CR,ふぇぐ,stream_duration,jul_early_2026,1.0
2026-08-04,CR,ふぇぐ,stream_duration,jul_late_2026,11.2
2026-08-04,CR,ふぇぐ,stream_duration,jun_late_2026,17.7
2026-08-04,CR,ふぇぐ,stream_duration,regular_season,11.2
2026-08-04,CR,ふぇぐ,video_upload_count,aug_early_2026,0
2026-08-04,CR,ふぇぐ,video_upload_count,jul_early_2026,0
2026-08-04,CR,ふぇぐ,video_upload_count,jul_late_2026,1
2026-08-04,CR,ふぇぐ,video_upload_count,jun_late_2026,0
2026-08-04,CR,ふぇぐ,video_upload_count,regular_season,1
2026-08-04,CR,ふぇぐ,video_view_count,aug_early_2026,0
2026-08-04,CR,ふぇぐ,video_view_count,jul_early_2026,0
2026-08-04,CR,ふぇぐ,video_view_count,jul_late_2026,3492
2026-08-04,CR,ふぇぐ,video_view_count,regular_season,3492
2026-08-04,CR,ふぇぐ,watch_time,aug_early_2026,0
2026-08-04,CR,ふぇぐ,watch_time,jul_early_2026,80
2026-08-04,CR,ふぇぐ,watch_time,jul_late_2026,1006
2026-08-04,CR,ふぇぐ,watch_time,regular_season,1006
2026-08-04,CR,ふぇぐ,youtube_subscribers,current,6280
2026-08-04,CR,ふえた,followers,current,3751
2026-08-04,CR,ふえた,stream_duration,apr_late_2026,11.3
2026-08-04,CR,ふえた,stream_duration,aug_early_2026,0.0
2026-08-04,CR,ふえた,stream_duration,jul_early_2026,0.0
2026-08-04,CR,ふえた,stream_duration,jul_late_2026,12.6
2026-08-04,CR,ふえた,stream_duration,jun_early_2026,25.3
2026-08-04,CR,ふえた,stream_duration,jun_late_2026,10.4
2026-08-04,CR,ふえた,stream_duration,may_early_2026,0.0
2026-08-04,CR,ふえた,stream_duration,may_late_2026,1.3
2026-08-04,CR,ふえた,stream_duration,regular_season,12.6
2026-08-04,CR,ふえた,video_upload_count,apr_late_2026,0
2026-08-04,CR,ふえた,video_upload_count,aug_early_2026,0
2026-08-04,CR,ふえた,video_upload_count,jul_early_2026,0
2026-08-04,CR,ふえた,video_upload_count,jul_late_2026,2
2026-08-04,CR,ふえた,video_upload_count,jun_early_2026,0
2026-08-04,CR,ふえた,video_upload_count,jun_late_2026,0
2026-08-04,CR,ふえた,video_upload_count,may_early_2026,0
2026-08-04,CR,ふえた,video_upload_count,may_late_2026,0
2026-08-04,CR,ふえた,video_upload_count,regular_season,2
2026-08-04,CR,ふえた,video_view_count,aug_early_2026,0
2026-08-04,CR,ふえた,video_view_count,jul_early_2026,0
2026-08-04,CR,ふえた,video_view_count,jul_late_2026,3025
2026-08-04,CR,ふえた,video_view_count,jun_early_2026,0
2026-08-04,CR,ふえた,video_view_count,jun_late_2026,0
2026-08-04,CR,ふえた,video_view_count,may_early_2026,0
2026-08-04,CR,ふえた,video_view_count,may_late_2026,0
2026-08-04,CR,ふえた,video_view_count,regular_season,3025
2026-08-04,CR,ふえた,watch_time,aug_early_2026,0
2026-08-04,CR,ふえた,watch_time,jul_early_2026,0
2026-08-04,CR,ふえた,watch_time,jul_late_2026,626
2026-08-04,CR,ふえた,watch_time,jun_early_2026,1221
2026-08-04,CR,ふえた,watch_time,jun_late_2026,742
2026-08-04,CR,ふえた,watch_time,may_early_2026,0
2026-08-04,CR,ふえた,watch_time,may_late_2026,15
2026-08-04,CR,ふえた,watch_time,regular_season,626
2026-08-04,CR,ふえた,youtube_subscribers,current,1170
2026-08-04,CR,空白,followers,current,3910
2026-08-04,CR,空白,stream_duration,apr_late_2026,23.8
2026-08-04,CR,空白,stream_duration,aug_early_2026,0.0
2026-08-04,CR,空白,stream_duration,jul_early_2026,0.0
2026-08-04,CR,空白,stream_duration,jul_late_2026,20.7
2026-08-04,CR,空白,stream_duration,jun_early_2026,26.8
2026-08-04,CR,空白,stream_duration,jun_late_2026,20.3
2026-08-04,CR,空白,stream_duration,may_early_2026,24.5
2026-08-04,CR,空白,stream_duration,may_late_2026,33.6
2026-08-04,CR,空白,stream_duration,regular_season,20.7
2026-08-04,CR,空白,video_upload_count,apr_late_2026,0
2026-08-04,CR,空白,video_upload_count,aug_early_2026,0
2026-08-04,CR,空白,video_upload_count,jul_early_2026,0
2026-08-04,CR,空白,video_upload_count,jul_late_2026,1
2026-08-04,CR,空白,video_upload_count,jun_early_2026,0
2026-08-04,CR,空白,video_upload_count,jun_late_2026,0
2026-08-04,CR,空白,video_upload_count,may_early_2026,0
2026-08-04,CR,空白,video_upload_count,may_late_2026,0
2026-08-04,CR,空白,video_upload_count,regular_season,1
2026-08-04,CR,空白,video_view_count,aug_early_2026,0
2026-08-04,CR,空白,video_view_count,jul_early_2026,0
2026-08-04,CR,空白,video_view_count,jul_late_2026,0
2026-08-04,CR,空白,video_view_count,jun_early_2026,0
2026-08-04,CR,空白,video_view_count,jun_late_2026,0
2026-08-04,CR,空白,video_view_count,may_early_2026,0
2026-08-04,CR,空白,video_view_count,may_late_2026,0
2026-08-04,CR,空白,video_view_count,regular_season,0
2026-08-04,CR,空白,watch_time,aug_early_2026,0
2026-08-04,CR,空白,watch_time,jul_early_2026,0
2026-08-04,CR,空白,watch_time,jul_late_2026,722
2026-08-04,CR,空白,watch_time,jun_early_2026,1152
2026-08-04,CR,空白,watch_time,jun_late_2026,2339
2026-08-04,CR,空白,watch_time,may_early_2026,2243
2026-08-04,CR,空白,watch_time,may_late_2026,1811
2026-08-04,CR,空白,watch_time,regular_season,722
2026-08-04,CR,空白,youtube_subscribers,current,1640
2026-08-04,DFM,MingiGod,followers,current,3531
2026-08-04,DFM,MingiGod,stream_duration,aug_early_2026,3.7
2026-08-04,DFM,MingiGod,stream_duration,jul_early_2026,8.9
2026-08-04,DFM,MingiGod,stream_duration,jul_late_2026,14.9
2026-08-04,DFM,MingiGod,stream_duration,jun_late_2026,16.6
2026-08-04,DFM,MingiGod,stream_duration,regular_season,27.4
2026-08-04,DFM,MingiGod,video_upload_count,aug_early_2026,0
2026-08-04,DFM,MingiGod,video_upload_count,jul_early_2026,0
2026-08-04,DFM,MingiGod,video_upload_count,jul_late_2026,0
2026-08-04,DFM,MingiGod,video_upload_count,jun_late_2026,1
2026-08-04,DFM,MingiGod,video_upload_count,regular_season,0
2026-08-04,DFM,MingiGod,video_view_count,aug_early_2026,0
2026-08-04,DFM,MingiGod,video_view_count,jul_early_2026,0
2026-08-04,DFM,MingiGod,video_view_count,jul_late_2026,0
2026-08-04,DFM,MingiGod,video_view_count,regular_season,0
2026-08-04,DFM,MingiGod,watch_time,aug_early_2026,195
2026-08-04,DFM,MingiGod,watch_time,jul_early_2026,996
2026-08-04,DFM,MingiGod,watch_time,jul_late_2026,1262
2026-08-04,DFM,MingiGod,watch_time,regular_season,2465
2026-08-04,DFM,MingiGod,youtube_subscribers,current,1770
2026-08-04,DFM,かなで,followers,current,2147
2026-08-04,DFM,かなで,stream_duration,apr_late_2026,9.2
2026-08-04,DFM,かなで,stream_duration,aug_early_2026,0.0
2026-08-04,DFM,かなで,stream_duration,jul_early_2026,2.1
2026-08-04,DFM,かなで,stream_duration,jul_late_2026,6.8
2026-08-04,DFM,かなで,stream_duration,jun_early_2026,4.8
2026-08-04,DFM,かなで,stream_duration,jun_late_2026,9.7
2026-08-04,DFM,かなで,stream_duration,may_early_2026,4.5
2026-08-04,DFM,かなで,stream_duration,may_late_2026,9.4
2026-08-04,DFM,かなで,stream_duration,regular_season,6.8
2026-08-04,DFM,かなで,video_upload_count,apr_late_2026,0
2026-08-04,DFM,かなで,video_upload_count,aug_early_2026,0
2026-08-04,DFM,かなで,video_upload_count,jul_early_2026,0
2026-08-04,DFM,かなで,video_upload_count,jul_late_2026,0
2026-08-04,DFM,かなで,video_upload_count,jun_early_2026,0
2026-08-04,DFM,かなで,video_upload_count,jun_late_2026,0
2026-08-04,DFM,かなで,video_upload_count,may_early_2026,0
2026-08-04,DFM,かなで,video_upload_count,may_late_2026,0
2026-08-04,DFM,かなで,video_upload_count,regular_season,0
2026-08-04,DFM,かなで,video_view_count,aug_early_2026,0
2026-08-04,DFM,かなで,video_view_count,jul_early_2026,0
2026-08-04,DFM,かなで,video_view_count,jul_late_2026,0
2026-08-04,DFM,かなで,video_view_count,jun_early_2026,0
2026-08-04,DFM,かなで,video_view_count,jun_late_2026,0
2026-08-04,DFM,かなで,video_view_count,may_early_2026,0
2026-08-04,DFM,かなで,video_view_count,may_late_2026,0
2026-08-04,DFM,かなで,video_view_count,regular_season,0
2026-08-04,DFM,かなで,watch_time,aug_early_2026,0
2026-08-04,DFM,かなで,watch_time,jul_early_2026,52
2026-08-04,DFM,かなで,watch_time,jul_late_2026,141
2026-08-04,DFM,かなで,watch_time,jun_early_2026,73
2026-08-04,DFM,かなで,watch_time,jun_late_2026,301
2026-08-04,DFM,かなで,watch_time,may_early_2026,157
2026-08-04,DFM,かなで,watch_time,may_late_2026,258
2026-08-04,DFM,かなで,watch_time,regular_season,141
2026-08-04,DFM,かなで,youtube_subscribers,current,539
2026-08-04,DFM,ミル,followers,current,14540
2026-08-04,DFM,ミル,stream_duration,apr_late_2026,33.8
2026-08-04,DFM,ミル,stream_duration,aug_early_2026,1.2
2026-08-04,DFM,ミル,stream_duration,jul_early_2026,6.9
2026-08-04,DFM,ミル,stream_duration,jul_late_2026,9.5
2026-08-04,DFM,ミル,stream_duration,jun_early_2026,15.0
2026-08-04,DFM,ミル,stream_duration,jun_late_2026,14.1
2026-08-04,DFM,ミル,stream_duration,may_early_2026,14.1
2026-08-04,DFM,ミル,stream_duration,may_late_2026,23.3
2026-08-04,DFM,ミル,stream_duration,regular_season,17.6
2026-08-04,DFM,ミル,video_upload_count,apr_late_2026,0
2026-08-04,DFM,ミル,video_upload_count,aug_early_2026,0
2026-08-04,DFM,ミル,video_upload_count,jul_early_2026,0
2026-08-04,DFM,ミル,video_upload_count,jul_late_2026,0
2026-08-04,DFM,ミル,video_upload_count,jun_early_2026,0
2026-08-04,DFM,ミル,video_upload_count,jun_late_2026,0
2026-08-04,DFM,ミル,video_upload_count,may_early_2026,0
2026-08-04,DFM,ミル,video_upload_count,may_late_2026,0
2026-08-04,DFM,ミル,video_upload_count,regular_season,0
2026-08-04,DFM,ミル,video_view_count,aug_early_2026,0
2026-08-04,DFM,ミル,video_view_count,jul_early_2026,0
2026-08-04,DFM,ミル,video_view_count,jul_late_2026,0
2026-08-04,DFM,ミル,video_view_count,jun_early_2026,0
2026-08-04,DFM,ミル,video_view_count,jun_late_2026,0
2026-08-04,DFM,ミル,video_view_count,may_early_2026,0
2026-08-04,DFM,ミル,video_view_count,may_late_2026,0
2026-08-04,DFM,ミル,video_view_count,regular_season,0
2026-08-04,DFM,ミル,watch_time,aug_early_2026,85
2026-08-04,DFM,ミル,watch_time,jul_early_2026,321
2026-08-04,DFM,ミル,watch_time,jul_late_2026,210
2026-08-04,DFM,ミル,watch_time,jun_early_2026,2284
2026-08-04,DFM,ミル,watch_time,jun_late_2026,1093
2026-08-04,DFM,ミル,watch_time,may_early_2026,691
2026-08-04,DFM,ミル,watch_time,may_late_2026,1363
2026-08-04,DFM,ミル,watch_time,regular_season,606
2026-08-04,DFM,ミル,youtube_subscribers,current,3960
2026-08-04,DFM,ユーリ,followers,current,14194
2026-08-04,DFM,ユーリ,stream_duration,apr_late_2026,56.4
2026-08-04,DFM,ユーリ,stream_duration,aug_early_2026,1.6
2026-08-04,DFM,ユーリ,stream_duration,jul_early_2026,9.4
2026-08-04,DFM,ユーリ,stream_duration,jul_late_2026,16.7
2026-08-04,DFM,ユーリ,stream_duration,jun_early_2026,22.3
2026-08-04,DFM,ユーリ,stream_duration,jun_late_2026,27.3
2026-08-04,DFM,ユーリ,stream_duration,may_early_2026,11.7
2026-08-04,DFM,ユーリ,stream_duration,may_late_2026,19.5
2026-08-04,DFM,ユーリ,stream_duration,regular_season,27.7
2026-08-04,DFM,ユーリ,video_upload_count,apr_late_2026,0
2026-08-04,DFM,ユーリ,video_upload_count,aug_early_2026,0
2026-08-04,DFM,ユーリ,video_upload_count,jul_early_2026,0
2026-08-04,DFM,ユーリ,video_upload_count,jul_late_2026,2
2026-08-04,DFM,ユーリ,video_upload_count,jun_early_2026,0
2026-08-04,DFM,ユーリ,video_upload_count,jun_late_2026,0
2026-08-04,DFM,ユーリ,video_upload_count,may_early_2026,0
2026-08-04,DFM,ユーリ,video_upload_count,may_late_2026,0
2026-08-04,DFM,ユーリ,video_upload_count,regular_season,2
2026-08-04,DFM,ユーリ,video_view_count,aug_early_2026,0
2026-08-04,DFM,ユーリ,video_view_count,jul_early_2026,0
2026-08-04,DFM,ユーリ,video_view_count,jul_late_2026,0
2026-08-04,DFM,ユーリ,video_view_count,jun_early_2026,0
2026-08-04,DFM,ユーリ,video_view_count,jun_late_2026,0
2026-08-04,DFM,ユーリ,video_view_count,may_early_2026,0
2026-08-04,DFM,ユーリ,video_view_count,may_late_2026,0
2026-08-04,DFM,ユーリ,video_view_count,regular_season,0
2026-08-04,DFM,ユーリ,watch_time,aug_early_2026,925
2026-08-04,DFM,ユーリ,watch_time,jul_early_2026,11134
2026-08-04,DFM,ユーリ,watch_time,jul_late_2026,5765
2026-08-04,DFM,ユーリ,watch_time,jun_early_2026,14677
2026-08-04,DFM,ユーリ,watch_time,jun_late_2026,18125
2026-08-04,DFM,ユーリ,watch_time,may_early_2026,8667
2026-08-04,DFM,ユーリ,watch_time,may_late_2026,11953
2026-08-04,DFM,ユーリ,watch_time,regular_season,17935
2026-08-04,DFM,ユーリ,youtube_subscribers,current,12400
2026-08-04,LVH,Era53,followers,current,12670
2026-08-04,LVH,Era53,stream_duration,apr_late_2026,52.3
2026-08-04,LVH,Era53,stream_duration,aug_early_2026,4.2
2026-08-04,LVH,Era53,stream_duration,jul_early_2026,14.2
2026-08-04,LVH,Era53,stream_duration,jul_late_2026,26.0
2026-08-04,LVH,Era53,stream_duration,jun_early_2026,52.1
2026-08-04,LVH,Era53,stream_duration,jun_late_2026,38.9
2026-08-04,LVH,Era53,stream_duration,may_early_2026,14.4
2026-08-04,LVH,Era53,stream_duration,may_late_2026,67.1
2026-08-04,LVH,Era53,stream_duration,regular_season,39.8
2026-08-04,LVH,Era53,video_upload_count,apr_late_2026,0
2026-08-04,LVH,Era53,video_upload_count,aug_early_2026,0
2026-08-04,LVH,Era53,video_upload_count,jul_early_2026,0
2026-08-04,LVH,Era53,video_upload_count,jul_late_2026,0
2026-08-04,LVH,Era53,video_upload_count,jun_early_2026,0
2026-08-04,LVH,Era53,video_upload_count,jun_late_2026,0
2026-08-04,LVH,Era53,video_upload_count,may_early_2026,0
2026-08-04,LVH,Era53,video_upload_count,may_late_2026,0
2026-08-04,LVH,Era53,video_upload_count,regular_season,0
2026-08-04,LVH,Era53,video_view_count,aug_early_2026,0
2026-08-04,LVH,Era53,video_view_count,jul_early_2026,0
2026-08-04,LVH,Era53,video_view_count,jul_late_2026,0
2026-08-04,LVH,Era53,video_view_count,jun_early_2026,0
2026-08-04,LVH,Era53,video_view_count,jun_late_2026,0
2026-08-04,LVH,Era53,video_view_count,may_early_2026,0
2026-08-04,LVH,Era53,video_view_count,may_late_2026,0
2026-08-04,LVH,Era53,video_view_count,regular_season,0
2026-08-04,LVH,Era53,watch_time,aug_early_2026,4379
2026-08-04,LVH,Era53,watch_time,jul_early_2026,23904
2026-08-04,LVH,Era53,watch_time,jul_late_2026,30525
2026-08-04,LVH,Era53,watch_time,jun_early_2026,28528
2026-08-04,LVH,Era53,watch_time,jun_late_2026,34566
2026-08-04,LVH,Era53,watch_time,may_early_2026,12339
2026-08-04,LVH,Era53,watch_time,may_late_2026,54486
2026-08-04,LVH,Era53,watch_time,regular_season,54930
2026-08-04,LVH,Era53,youtube_subscribers,current,15900
2026-08-04,LVH,Hirobosu,followers,current,2920
2026-08-04,LVH,Hirobosu,stream_duration,aug_early_2026,3.1
2026-08-04,LVH,Hirobosu,stream_duration,jul_early_2026,0.0
2026-08-04,LVH,Hirobosu,stream_duration,jul_late_2026,0.0
2026-08-04,LVH,Hirobosu,stream_duration,jun_late_2026,0.0
2026-08-04,LVH,Hirobosu,stream_duration,regular_season,3.1
2026-08-04,LVH,Hirobosu,video_upload_count,aug_early_2026,0
2026-08-04,LVH,Hirobosu,video_upload_count,jul_early_2026,0
2026-08-04,LVH,Hirobosu,video_upload_count,jul_late_2026,0
2026-08-04,LVH,Hirobosu,video_upload_count,jun_late_2026,0
2026-08-04,LVH,Hirobosu,video_upload_count,regular_season,0
2026-08-04,LVH,Hirobosu,video_view_count,aug_early_2026,0
2026-08-04,LVH,Hirobosu,video_view_count,jul_early_2026,0
2026-08-04,LVH,Hirobosu,video_view_count,jul_late_2026,0
2026-08-04,LVH,Hirobosu,video_view_count,regular_season,0
2026-08-04,LVH,Hirobosu,watch_time,aug_early_2026,717
2026-08-04,LVH,Hirobosu,watch_time,jul_early_2026,0
2026-08-04,LVH,Hirobosu,watch_time,jul_late_2026,0
2026-08-04,LVH,Hirobosu,watch_time,regular_season,717
2026-08-04,LVH,Hirobosu,youtube_subscribers,current,638
2026-08-04,LVH,rikka,followers,current,13707
2026-08-04,LVH,rikka,stream_duration,apr_late_2026,50.5
2026-08-04,LVH,rikka,stream_duration,aug_early_2026,4.5
2026-08-04,LVH,rikka,stream_duration,jul_early_2026,8.0
2026-08-04,LVH,rikka,stream_duration,jul_late_2026,19.1
2026-08-04,LVH,rikka,stream_duration,jun_early_2026,32.2
2026-08-04,LVH,rikka,stream_duration,jun_late_2026,33.0
2026-08-04,LVH,rikka,stream_duration,may_early_2026,39.5
2026-08-04,LVH,rikka,stream_duration,may_late_2026,7.5
2026-08-04,LVH,rikka,stream_duration,regular_season,23.6
2026-08-04,LVH,rikka,video_upload_count,apr_late_2026,0
2026-08-04,LVH,rikka,video_upload_count,aug_early_2026,0
2026-08-04,LVH,rikka,video_upload_count,jul_early_2026,0
2026-08-04,LVH,rikka,video_upload_count,jul_late_2026,0
2026-08-04,LVH,rikka,video_upload_count,jun_early_2026,0
2026-08-04,LVH,rikka,video_upload_count,jun_late_2026,0
2026-08-04,LVH,rikka,video_upload_count,may_early_2026,0
2026-08-04,LVH,rikka,video_upload_count,may_late_2026,0
2026-08-04,LVH,rikka,video_upload_count,regular_season,0
2026-08-04,LVH,rikka,video_view_count,aug_early_2026,0
2026-08-04,LVH,rikka,video_view_count,jul_early_2026,0
2026-08-04,LVH,rikka,video_view_count,jul_late_2026,0
2026-08-04,LVH,rikka,video_view_count,jun_early_2026,0
2026-08-04,LVH,rikka,video_view_count,jun_late_2026,0
2026-08-04,LVH,rikka,video_view_count,may_early_2026,0
2026-08-04,LVH,rikka,video_view_count,may_late_2026,0
2026-08-04,LVH,rikka,video_view_count,regular_season,0
2026-08-04,LVH,rikka,watch_time,aug_early_2026,4167
2026-08-04,LVH,rikka,watch_time,jul_early_2026,3688
2026-08-04,LVH,rikka,watch_time,jul_late_2026,18976
2026-08-04,LVH,rikka,watch_time,jun_early_2026,13078
2026-08-04,LVH,rikka,watch_time,jun_late_2026,16924
2026-08-04,LVH,rikka,watch_time,may_early_2026,28442
2026-08-04,LVH,rikka,watch_time,may_late_2026,2528
2026-08-04,LVH,rikka,watch_time,regular_season,23142
2026-08-04,LVH,rikka,youtube_subscribers,current,12600
2026-08-04,LVH,だーよね,followers,current,3201
2026-08-04,LVH,だーよね,stream_duration,apr_late_2026,5.6
2026-08-04,LVH,だーよね,stream_duration,aug_early_2026,0.0
2026-08-04,LVH,だーよね,stream_duration,jul_early_2026,4.3
2026-08-04,LVH,だーよね,stream_duration,jul_late_2026,12.0
2026-08-04,LVH,だーよね,stream_duration,jun_early_2026,11.2
2026-08-04,LVH,だーよね,stream_duration,jun_late_2026,9.2
2026-08-04,LVH,だーよね,stream_duration,may_early_2026,18.7
2026-08-04,LVH,だーよね,stream_duration,may_late_2026,17.3
2026-08-04,LVH,だーよね,stream_duration,regular_season,12.0
2026-08-04,LVH,だーよね,video_upload_count,apr_late_2026,0
2026-08-04,LVH,だーよね,video_upload_count,aug_early_2026,0
2026-08-04,LVH,だーよね,video_upload_count,jul_early_2026,0
2026-08-04,LVH,だーよね,video_upload_count,jul_late_2026,0
2026-08-04,LVH,だーよね,video_upload_count,jun_early_2026,0
2026-08-04,LVH,だーよね,video_upload_count,jun_late_2026,0
2026-08-04,LVH,だーよね,video_upload_count,may_early_2026,0
2026-08-04,LVH,だーよね,video_upload_count,may_late_2026,0
2026-08-04,LVH,だーよね,video_upload_count,regular_season,0
2026-08-04,LVH,だーよね,video_view_count,aug_early_2026,0
2026-08-04,LVH,だーよね,video_view_count,jul_early_2026,0
2026-08-04,LVH,だーよね,video_view_count,jul_late_2026,0
2026-08-04,LVH,だーよね,video_view_count,jun_early_2026,0
2026-08-04,LVH,だーよね,video_view_count,jun_late_2026,0
2026-08-04,LVH,だーよね,video_view_count,may_early_2026,0
2026-08-04,LVH,だーよね,video_view_count,may_late_2026,0
2026-08-04,LVH,だーよね,video_view_count,regular_season,0
2026-08-04,LVH,だーよね,watch_time,aug_early_2026,0
2026-08-04,LVH,だーよね,watch_time,jul_early_2026,546
2026-08-04,LVH,だーよね,watch_time,jul_late_2026,1776
2026-08-04,LVH,だーよね,watch_time,jun_early_2026,866
2026-08-04,LVH,だーよね,watch_time,jun_late_2026,1013
2026-08-04,LVH,だーよね,watch_time,may_early_2026,2621
2026-08-04,LVH,だーよね,watch_time,may_late_2026,1566
2026-08-04,LVH,だーよね,watch_time,regular_season,1776
2026-08-04,LVH,だーよね,youtube_subscribers,current,1520
2026-08-04,LVH,智念せいら,followers,current,15468
2026-08-04,LVH,智念せいら,stream_duration,aug_early_2026,0.0
2026-08-04,LVH,智念せいら,stream_duration,jul_early_2026,19.6
2026-08-04,LVH,智念せいら,stream_duration,jul_late_2026,21.5
2026-08-04,LVH,智念せいら,stream_duration,jun_late_2026,17.6
2026-08-04,LVH,智念せいら,stream_duration,regular_season,28.7
2026-08-04,LVH,智念せいら,video_upload_count,aug_early_2026,0
2026-08-04,LVH,智念せいら,video_upload_count,jul_early_2026,9
2026-08-04,LVH,智念せいら,video_upload_count,jul_late_2026,2
2026-08-04,LVH,智念せいら,video_upload_count,jun_late_2026,6
2026-08-04,LVH,智念せいら,video_upload_count,regular_season,7
2026-08-04,LVH,智念せいら,video_view_count,aug_early_2026,0
2026-08-04,LVH,智念せいら,video_view_count,jul_early_2026,617975
2026-08-04,LVH,智念せいら,video_view_count,jul_late_2026,148648
2026-08-04,LVH,智念せいら,video_view_count,regular_season,545964
2026-08-04,LVH,智念せいら,watch_time,aug_early_2026,0
2026-08-04,LVH,智念せいら,watch_time,jul_early_2026,30693
2026-08-04,LVH,智念せいら,watch_time,jul_late_2026,26610
2026-08-04,LVH,智念せいら,watch_time,regular_season,34707
2026-08-04,LVH,智念せいら,youtube_subscribers,current,60900
2026-08-04,MRG,Spicies,followers,current,32938
2026-08-04,MRG,Spicies,stream_duration,apr_late_2026,97.2
2026-08-04,MRG,Spicies,stream_duration,aug_early_2026,3.5
2026-08-04,MRG,Spicies,stream_duration,jul_early_2026,22.0
2026-08-04,MRG,Spicies,stream_duration,jul_late_2026,20.6
2026-08-04,MRG,Spicies,stream_duration,jun_early_2026,84.2
2026-08-04,MRG,Spicies,stream_duration,jun_late_2026,55.6
2026-08-04,MRG,Spicies,stream_duration,may_early_2026,40.3
2026-08-04,MRG,Spicies,stream_duration,may_late_2026,52.1
2026-08-04,MRG,Spicies,stream_duration,regular_season,33.4
2026-08-04,MRG,Spicies,video_upload_count,apr_late_2026,12
2026-08-04,MRG,Spicies,video_upload_count,aug_early_2026,0
2026-08-04,MRG,Spicies,video_upload_count,jul_early_2026,2
2026-08-04,MRG,Spicies,video_upload_count,jul_late_2026,1
2026-08-04,MRG,Spicies,video_upload_count,jun_early_2026,3
2026-08-04,MRG,Spicies,video_upload_count,jun_late_2026,4
2026-08-04,MRG,Spicies,video_upload_count,may_early_2026,6
2026-08-04,MRG,Spicies,video_upload_count,may_late_2026,5
2026-08-04,MRG,Spicies,video_upload_count,regular_season,2
2026-08-04,MRG,Spicies,video_view_count,aug_early_2026,0
2026-08-04,MRG,Spicies,video_view_count,jul_early_2026,54296
2026-08-04,MRG,Spicies,video_view_count,jul_late_2026,27377
2026-08-04,MRG,Spicies,video_view_count,jun_early_2026,44105
2026-08-04,MRG,Spicies,video_view_count,jun_late_2026,103158
2026-08-04,MRG,Spicies,video_view_count,may_early_2026,167728
2026-08-04,MRG,Spicies,video_view_count,may_late_2026,96387
2026-08-04,MRG,Spicies,video_view_count,regular_season,50607
2026-08-04,MRG,Spicies,watch_time,aug_early_2026,4942
2026-08-04,MRG,Spicies,watch_time,jul_early_2026,47762
2026-08-04,MRG,Spicies,watch_time,jul_late_2026,28397
2026-08-04,MRG,Spicies,watch_time,jun_early_2026,105722
2026-08-04,MRG,Spicies,watch_time,jun_late_2026,122304
2026-08-04,MRG,Spicies,watch_time,may_early_2026,99977
2026-08-04,MRG,Spicies,watch_time,may_late_2026,89154
2026-08-04,MRG,Spicies,watch_time,regular_season,56154
2026-08-04,MRG,Spicies,youtube_subscribers,current,42100
2026-08-04,MRG,Toby,followers,current,18890
2026-08-04,MRG,Toby,stream_duration,apr_late_2026,39.2
2026-08-04,MRG,Toby,stream_duration,aug_early_2026,1.0
2026-08-04,MRG,Toby,stream_duration,jul_early_2026,12.6
2026-08-04,MRG,Toby,stream_duration,jul_late_2026,2.4
2026-08-04,MRG,Toby,stream_duration,jun_early_2026,6.3
2026-08-04,MRG,Toby,stream_duration,jun_late_2026,32.7
2026-08-04,MRG,Toby,stream_duration,may_early_2026,18.5
2026-08-04,MRG,Toby,stream_duration,may_late_2026,25.8
2026-08-04,MRG,Toby,stream_duration,regular_season,8.3
2026-08-04,MRG,Toby,video_upload_count,apr_late_2026,0
2026-08-04,MRG,Toby,video_upload_count,aug_early_2026,0
2026-08-04,MRG,Toby,video_upload_count,jul_early_2026,0
2026-08-04,MRG,Toby,video_upload_count,jul_late_2026,0
2026-08-04,MRG,Toby,video_upload_count,jun_early_2026,0
2026-08-04,MRG,Toby,video_upload_count,jun_late_2026,2
2026-08-04,MRG,Toby,video_upload_count,may_early_2026,0
2026-08-04,MRG,Toby,video_upload_count,may_late_2026,0
2026-08-04,MRG,Toby,video_upload_count,regular_season,0
2026-08-04,MRG,Toby,video_view_count,aug_early_2026,0
2026-08-04,MRG,Toby,video_view_count,jul_early_2026,0
2026-08-04,MRG,Toby,video_view_count,jul_late_2026,0
2026-08-04,MRG,Toby,video_view_count,jun_early_2026,0
2026-08-04,MRG,Toby,video_view_count,jun_late_2026,14358
2026-08-04,MRG,Toby,video_view_count,may_early_2026,0
2026-08-04,MRG,Toby,video_view_count,may_late_2026,0
2026-08-04,MRG,Toby,video_view_count,regular_season,0
2026-08-04,MRG,Toby,watch_time,aug_early_2026,2865
2026-08-04,MRG,Toby,watch_time,jul_early_2026,19385
2026-08-04,MRG,Toby,watch_time,jul_late_2026,3958
2026-08-04,MRG,Toby,watch_time,jun_early_2026,4704
2026-08-04,MRG,Toby,watch_time,jun_late_2026,66426
2026-08-04,MRG,Toby,watch_time,may_early_2026,28670
2026-08-04,MRG,Toby,watch_time,may_late_2026,19931
2026-08-04,MRG,Toby,watch_time,regular_season,13058
2026-08-04,MRG,Toby,youtube_subscribers,current,16800
2026-08-04,MRG,glory,followers,current,14959
2026-08-04,MRG,glory,stream_duration,apr_late_2026,82.8
2026-08-04,MRG,glory,stream_duration,aug_early_2026,6.9
2026-08-04,MRG,glory,stream_duration,jul_early_2026,33.2
2026-08-04,MRG,glory,stream_duration,jul_late_2026,28.6
2026-08-04,MRG,glory,stream_duration,jun_early_2026,64.5
2026-08-04,MRG,glory,stream_duration,jun_late_2026,61.2
2026-08-04,MRG,glory,stream_duration,may_early_2026,48.3
2026-08-04,MRG,glory,stream_duration,may_late_2026,82.8
2026-08-04,MRG,glory,stream_duration,regular_season,50.6
2026-08-04,MRG,glory,video_upload_count,apr_late_2026,0
2026-08-04,MRG,glory,video_upload_count,aug_early_2026,0
2026-08-04,MRG,glory,video_upload_count,jul_early_2026,0
2026-08-04,MRG,glory,video_upload_count,jul_late_2026,0
2026-08-04,MRG,glory,video_upload_count,jun_early_2026,0
2026-08-04,MRG,glory,video_upload_count,jun_late_2026,0
2026-08-04,MRG,glory,video_upload_count,may_early_2026,0
2026-08-04,MRG,glory,video_upload_count,may_late_2026,0
2026-08-04,MRG,glory,video_upload_count,regular_season,0
2026-08-04,MRG,glory,video_view_count,aug_early_2026,0
2026-08-04,MRG,glory,video_view_count,jul_early_2026,0
2026-08-04,MRG,glory,video_view_count,jul_late_2026,0
2026-08-04,MRG,glory,video_view_count,jun_early_2026,0
2026-08-04,MRG,glory,video_view_count,jun_late_2026,0
2026-08-04,MRG,glory,video_view_count,may_early_2026,0
2026-08-04,MRG,glory,video_view_count,may_late_2026,0
2026-08-04,MRG,glory,video_view_count,regular_season,0
2026-08-04,MRG,glory,watch_time,aug_early_2026,10106
2026-08-04,MRG,glory,watch_time,jul_early_2026,28636
2026-08-04,MRG,glory,watch_time,jul_late_2026,31369
2026-08-04,MRG,glory,watch_time,jun_early_2026,23062
2026-08-04,MRG,glory,watch_time,jun_late_2026,29182
2026-08-04,MRG,glory,watch_time,may_early_2026,28275
2026-08-04,MRG,glory,watch_time,may_late_2026,42240
2026-08-04,MRG,glory,watch_time,regular_season,55152
2026-08-04,MRG,glory,youtube_subscribers,current,8090
2026-08-04,MRG,もっちゃま,followers,current,10033
2026-08-04,MRG,もっちゃま,stream_duration,aug_early_2026,5.7
2026-08-04,MRG,もっちゃま,stream_duration,jul_early_2026,82.5
2026-08-04,MRG,もっちゃま,stream_duration,jul_late_2026,67.4
2026-08-04,MRG,もっちゃま,stream_duration,jun_late_2026,40.9
2026-08-04,MRG,もっちゃま,stream_duration,regular_season,86.7
2026-08-04,MRG,もっちゃま,video_upload_count,aug_early_2026,0
2026-08-04,MRG,もっちゃま,video_upload_count,jul_early_2026,0
2026-08-04,MRG,もっちゃま,video_upload_count,jul_late_2026,0
2026-08-04,MRG,もっちゃま,video_upload_count,jun_late_2026,0
2026-08-04,MRG,もっちゃま,video_upload_count,regular_season,0
2026-08-04,MRG,もっちゃま,video_view_count,aug_early_2026,0
2026-08-04,MRG,もっちゃま,video_view_count,jul_early_2026,0
2026-08-04,MRG,もっちゃま,video_view_count,jul_late_2026,0
2026-08-04,MRG,もっちゃま,video_view_count,regular_season,0
2026-08-04,MRG,もっちゃま,watch_time,aug_early_2026,9824
2026-08-04,MRG,もっちゃま,watch_time,jul_early_2026,116677
2026-08-04,MRG,もっちゃま,watch_time,jul_late_2026,102904
2026-08-04,MRG,もっちゃま,watch_time,regular_season,135749
2026-08-04,MRG,もっちゃま,youtube_subscribers,current,18100
2026-08-04,MRG,マイト,followers,current,11478
2026-08-04,MRG,マイト,stream_duration,apr_late_2026,90.4
2026-08-04,MRG,マイト,stream_duration,aug_early_2026,3.7
2026-08-04,MRG,マイト,stream_duration,jul_early_2026,22.0
2026-08-04,MRG,マイト,stream_duration,jul_late_2026,9.9
2026-08-04,MRG,マイト,stream_duration,jun_early_2026,54.9
2026-08-04,MRG,マイト,stream_duration,jun_late_2026,51.3
2026-08-04,MRG,マイト,stream_duration,may_early_2026,49.9
2026-08-04,MRG,マイト,stream_duration,may_late_2026,60.4
2026-08-04,MRG,マイト,stream_duration,regular_season,15.5
2026-08-04,MRG,マイト,video_upload_count,apr_late_2026,1
2026-08-04,MRG,マイト,video_upload_count,aug_early_2026,1
2026-08-04,MRG,マイト,video_upload_count,jul_early_2026,3
2026-08-04,MRG,マイト,video_upload_count,jul_late_2026,3
2026-08-04,MRG,マイト,video_upload_count,jun_early_2026,0
2026-08-04,MRG,マイト,video_upload_count,jun_late_2026,4
2026-08-04,MRG,マイト,video_upload_count,may_early_2026,0
2026-08-04,MRG,マイト,video_upload_count,may_late_2026,0
2026-08-04,MRG,マイト,video_upload_count,regular_season,4
2026-08-04,MRG,マイト,video_view_count,aug_early_2026,0
2026-08-04,MRG,マイト,video_view_count,jul_early_2026,50094
2026-08-04,MRG,マイト,video_view_count,jul_late_2026,42932
2026-08-04,MRG,マイト,video_view_count,jun_early_2026,0
2026-08-04,MRG,マイト,video_view_count,jun_late_2026,52957
2026-08-04,MRG,マイト,video_view_count,may_early_2026,0
2026-08-04,MRG,マイト,video_view_count,may_late_2026,0
2026-08-04,MRG,マイト,video_view_count,regular_season,42932
2026-08-04,MRG,マイト,watch_time,aug_early_2026,4064
2026-08-04,MRG,マイト,watch_time,jul_early_2026,34758
2026-08-04,MRG,マイト,watch_time,jul_late_2026,9407
2026-08-04,MRG,マイト,watch_time,jun_early_2026,58593
2026-08-04,MRG,マイト,watch_time,jun_late_2026,66965
2026-08-04,MRG,マイト,watch_time,may_early_2026,73329
2026-08-04,MRG,マイト,watch_time,may_late_2026,80542
2026-08-04,MRG,マイト,watch_time,regular_season,15444
2026-08-04,MRG,マイト,youtube_subscribers,current,35900
2026-08-04,RC,あぐのむ,followers,current,27318
2026-08-04,RC,あぐのむ,stream_duration,apr_late_2026,12.7
2026-08-04,RC,あぐのむ,stream_duration,aug_early_2026,0.0
2026-08-04,RC,あぐのむ,stream_duration,jul_early_2026,7.4
2026-08-04,RC,あぐのむ,stream_duration,jul_late_2026,1.4
2026-08-04,RC,あぐのむ,stream_duration,jun_early_2026,18.5
2026-08-04,RC,あぐのむ,stream_duration,jun_late_2026,6.1
2026-08-04,RC,あぐのむ,stream_duration,may_early_2026,12.4
2026-08-04,RC,あぐのむ,stream_duration,may_late_2026,0.9
2026-08-04,RC,あぐのむ,stream_duration,regular_season,8.8
2026-08-04,RC,あぐのむ,video_upload_count,apr_late_2026,2
2026-08-04,RC,あぐのむ,video_upload_count,aug_early_2026,1
2026-08-04,RC,あぐのむ,video_upload_count,jul_early_2026,1
2026-08-04,RC,あぐのむ,video_upload_count,jul_late_2026,0
2026-08-04,RC,あぐのむ,video_upload_count,jun_early_2026,0
2026-08-04,RC,あぐのむ,video_upload_count,jun_late_2026,3
2026-08-04,RC,あぐのむ,video_upload_count,may_early_2026,2
2026-08-04,RC,あぐのむ,video_upload_count,may_late_2026,0
2026-08-04,RC,あぐのむ,video_upload_count,regular_season,1
2026-08-04,RC,あぐのむ,video_view_count,aug_early_2026,0
2026-08-04,RC,あぐのむ,video_view_count,jul_early_2026,17335
2026-08-04,RC,あぐのむ,video_view_count,jul_late_2026,0
2026-08-04,RC,あぐのむ,video_view_count,jun_early_2026,0
2026-08-04,RC,あぐのむ,video_view_count,jun_late_2026,52049
2026-08-04,RC,あぐのむ,video_view_count,may_early_2026,20087
2026-08-04,RC,あぐのむ,video_view_count,may_late_2026,0
2026-08-04,RC,あぐのむ,video_view_count,regular_season,0
2026-08-04,RC,あぐのむ,watch_time,aug_early_2026,0
2026-08-04,RC,あぐのむ,watch_time,jul_early_2026,4303
2026-08-04,RC,あぐのむ,watch_time,jul_late_2026,1014
2026-08-04,RC,あぐのむ,watch_time,jun_early_2026,3773
2026-08-04,RC,あぐのむ,watch_time,jun_late_2026,1718
2026-08-04,RC,あぐのむ,watch_time,may_early_2026,7048
2026-08-04,RC,あぐのむ,watch_time,may_late_2026,45
2026-08-04,RC,あぐのむ,watch_time,regular_season,5311
2026-08-04,RC,あぐのむ,youtube_subscribers,current,35400
2026-08-04,RC,たばた,followers,current,11338
2026-08-04,RC,たばた,stream_duration,apr_late_2026,3.1
2026-08-04,RC,たばた,stream_duration,aug_early_2026,1.9
2026-08-04,RC,たばた,stream_duration,jul_early_2026,9.6
2026-08-04,RC,たばた,stream_duration,jul_late_2026,8.3
2026-08-04,RC,たばた,stream_duration,jun_early_2026,49.8
2026-08-04,RC,たばた,stream_duration,jun_late_2026,19.5
2026-08-04,RC,たばた,stream_duration,may_early_2026,4.0
2026-08-04,RC,たばた,stream_duration,may_late_2026,4.6
2026-08-04,RC,たばた,stream_duration,regular_season,11.4
2026-08-04,RC,たばた,video_upload_count,apr_late_2026,0
2026-08-04,RC,たばた,video_upload_count,aug_early_2026,0
2026-08-04,RC,たばた,video_upload_count,jul_early_2026,0
2026-08-04,RC,たばた,video_upload_count,jul_late_2026,3
2026-08-04,RC,たばた,video_upload_count,jun_early_2026,1
2026-08-04,RC,たばた,video_upload_count,jun_late_2026,2
2026-08-04,RC,たばた,video_upload_count,may_early_2026,0
2026-08-04,RC,たばた,video_upload_count,may_late_2026,1
2026-08-04,RC,たばた,video_upload_count,regular_season,3
2026-08-04,RC,たばた,video_view_count,aug_early_2026,0
2026-08-04,RC,たばた,video_view_count,jul_early_2026,0
2026-08-04,RC,たばた,video_view_count,jul_late_2026,28883
2026-08-04,RC,たばた,video_view_count,jun_early_2026,2922
2026-08-04,RC,たばた,video_view_count,jun_late_2026,7648
2026-08-04,RC,たばた,video_view_count,may_early_2026,0
2026-08-04,RC,たばた,video_view_count,may_late_2026,3273
2026-08-04,RC,たばた,video_view_count,regular_season,28883
2026-08-04,RC,たばた,watch_time,aug_early_2026,825
2026-08-04,RC,たばた,watch_time,jul_early_2026,982
2026-08-04,RC,たばた,watch_time,jul_late_2026,2352
2026-08-04,RC,たばた,watch_time,jun_early_2026,3924
2026-08-04,RC,たばた,watch_time,jun_late_2026,1715
2026-08-04,RC,たばた,watch_time,may_early_2026,75
2026-08-04,RC,たばた,watch_time,may_late_2026,101
2026-08-04,RC,たばた,watch_time,regular_season,3422
2026-08-04,RC,たばた,youtube_subscribers,current,4030
2026-08-04,RC,つきあかめん,followers,current,3664
2026-08-04,RC,つきあかめん,stream_duration,aug_early_2026,6.8
2026-08-04,RC,つきあかめん,stream_duration,jul_early_2026,43.3
2026-08-04,RC,つきあかめん,stream_duration,jul_late_2026,41.4
2026-08-04,RC,つきあかめん,stream_duration,jun_late_2026,41.7
2026-08-04,RC,つきあかめん,stream_duration,regular_season,59.9
2026-08-04,RC,つきあかめん,video_upload_count,aug_early_2026,0
2026-08-04,RC,つきあかめん,video_upload_count,jul_early_2026,3
2026-08-04,RC,つきあかめん,video_upload_count,jul_late_2026,1
2026-08-04,RC,つきあかめん,video_upload_count,jun_late_2026,1
2026-08-04,RC,つきあかめん,video_upload_count,regular_season,1
2026-08-04,RC,つきあかめん,video_view_count,aug_early_2026,0
2026-08-04,RC,つきあかめん,video_view_count,jul_early_2026,34698
2026-08-04,RC,つきあかめん,video_view_count,jul_late_2026,6154
2026-08-04,RC,つきあかめん,video_view_count,regular_season,6154
2026-08-04,RC,つきあかめん,watch_time,aug_early_2026,1842
2026-08-04,RC,つきあかめん,watch_time,jul_early_2026,17481
2026-08-04,RC,つきあかめん,watch_time,jul_late_2026,14723
2026-08-04,RC,つきあかめん,watch_time,regular_season,22509
2026-08-04,RC,つきあかめん,youtube_subscribers,current,7000
2026-08-04,RC,ぱらちゃん,followers,current,34713
2026-08-04,RC,ぱらちゃん,stream_duration,apr_late_2026,54.1
2026-08-04,RC,ぱらちゃん,stream_duration,aug_early_2026,3.4
2026-08-04,RC,ぱらちゃん,stream_duration,jul_early_2026,37.5
2026-08-04,RC,ぱらちゃん,stream_duration,jul_late_2026,33.0
2026-08-04,RC,ぱらちゃん,stream_duration,jun_early_2026,20.4
2026-08-04,RC,ぱらちゃん,stream_duration,jun_late_2026,35.2
2026-08-04,RC,ぱらちゃん,stream_duration,may_early_2026,37.5
2026-08-04,RC,ぱらちゃん,stream_duration,may_late_2026,48.8
2026-08-04,RC,ぱらちゃん,stream_duration,regular_season,48.4
2026-08-04,RC,ぱらちゃん,video_upload_count,apr_late_2026,2
2026-08-04,RC,ぱらちゃん,video_upload_count,aug_early_2026,0
2026-08-04,RC,ぱらちゃん,video_upload_count,jul_early_2026,0
2026-08-04,RC,ぱらちゃん,video_upload_count,jul_late_2026,0
2026-08-04,RC,ぱらちゃん,video_upload_count,jun_early_2026,1
2026-08-04,RC,ぱらちゃん,video_upload_count,jun_late_2026,1
2026-08-04,RC,ぱらちゃん,video_upload_count,may_early_2026,9
2026-08-04,RC,ぱらちゃん,video_upload_count,may_late_2026,4
2026-08-04,RC,ぱらちゃん,video_upload_count,regular_season,0
2026-08-04,RC,ぱらちゃん,video_view_count,aug_early_2026,0
2026-08-04,RC,ぱらちゃん,video_view_count,jul_early_2026,0
2026-08-04,RC,ぱらちゃん,video_view_count,jul_late_2026,0
2026-08-04,RC,ぱらちゃん,video_view_count,jun_early_2026,16237
2026-08-04,RC,ぱらちゃん,video_view_count,jun_late_2026,27561
2026-08-04,RC,ぱらちゃん,video_view_count,may_early_2026,159462
2026-08-04,RC,ぱらちゃん,video_view_count,may_late_2026,76393
2026-08-04,RC,ぱらちゃん,video_view_count,regular_season,0
2026-08-04,RC,ぱらちゃん,watch_time,aug_early_2026,3453
2026-08-04,RC,ぱらちゃん,watch_time,jul_early_2026,47653
2026-08-04,RC,ぱらちゃん,watch_time,jul_late_2026,28629
2026-08-04,RC,ぱらちゃん,watch_time,jun_early_2026,14828
2026-08-04,RC,ぱらちゃん,watch_time,jun_late_2026,41002
2026-08-04,RC,ぱらちゃん,watch_time,may_early_2026,54871
2026-08-04,RC,ぱらちゃん,watch_time,may_late_2026,47272
2026-08-04,RC,ぱらちゃん,watch_time,regular_season,44366
2026-08-04,RC,ぱらちゃん,youtube_subscribers,current,45599
2026-08-04,RC,拓海,followers,current,10264
2026-08-04,RC,拓海,stream_duration,apr_late_2026,26.1
2026-08-04,RC,拓海,stream_duration,aug_early_2026,3.3
2026-08-04,RC,拓海,stream_duration,jul_early_2026,30.3
2026-08-04,RC,拓海,stream_duration,jul_late_2026,40.2
2026-08-04,RC,拓海,stream_duration,jun_early_2026,0.0
2026-08-04,RC,拓海,stream_duration,jun_late_2026,55.1
2026-08-04,RC,拓海,stream_duration,may_early_2026,33.3
2026-08-04,RC,拓海,stream_duration,may_late_2026,14.7
2026-08-04,RC,拓海,stream_duration,regular_season,50.8
2026-08-04,RC,拓海,video_upload_count,apr_late_2026,0
2026-08-04,RC,拓海,video_upload_count,aug_early_2026,0
2026-08-04,RC,拓海,video_upload_count,jul_early_2026,1
2026-08-04,RC,拓海,video_upload_count,jul_late_2026,0
2026-08-04,RC,拓海,video_upload_count,jun_early_2026,2
2026-08-04,RC,拓海,video_upload_count,jun_late_2026,1
2026-08-04,RC,拓海,video_upload_count,may_early_2026,0
2026-08-04,RC,拓海,video_upload_count,may_late_2026,0
2026-08-04,RC,拓海,video_upload_count,regular_season,0
2026-08-04,RC,拓海,video_view_count,aug_early_2026,0
2026-08-04,RC,拓海,video_view_count,jul_early_2026,6767
2026-08-04,RC,拓海,video_view_count,jul_late_2026,0
2026-08-04,RC,拓海,video_view_count,jun_early_2026,32895
2026-08-04,RC,拓海,video_view_count,jun_late_2026,5275
2026-08-04,RC,拓海,video_view_count,may_early_2026,0
2026-08-04,RC,拓海,video_view_count,may_late_2026,0
2026-08-04,RC,拓海,video_view_count,regular_season,0
2026-08-04,RC,拓海,watch_time,aug_early_2026,989
2026-08-04,RC,拓海,watch_time,jul_early_2026,5850
2026-08-04,RC,拓海,watch_time,jul_late_2026,8922
2026-08-04,RC,拓海,watch_time,jun_early_2026,0
2026-08-04,RC,拓海,watch_time,jun_late_2026,5019
2026-08-04,RC,拓海,watch_time,may_early_2026,2915
2026-08-04,RC,拓海,watch_time,may_late_2026,978
2026-08-04,RC,拓海,watch_time,regular_season,11035
2026-08-04,RC,拓海,youtube_subscribers,current,5550
2026-08-04,RDL,Chappy,followers,current,2571
2026-08-04,RDL,Chappy,stream_duration,aug_early_2026,4.6
2026-08-04,RDL,Chappy,stream_duration,jul_early_2026,78.2
2026-08-04,RDL,Chappy,stream_duration,jul_late_2026,32.0
2026-08-04,RDL,Chappy,stream_duration,jun_late_2026,93.0
2026-08-04,RDL,Chappy,stream_duration,regular_season,50.9
2026-08-04,RDL,Chappy,video_upload_count,aug_early_2026,0
2026-08-04,RDL,Chappy,video_upload_count,jul_early_2026,0
2026-08-04,RDL,Chappy,video_upload_count,jul_late_2026,0
2026-08-04,RDL,Chappy,video_upload_count,jun_late_2026,0
2026-08-04,RDL,Chappy,video_upload_count,regular_season,0
2026-08-04,RDL,Chappy,video_view_count,aug_early_2026,0
2026-08-04,RDL,Chappy,video_view_count,jul_early_2026,0
2026-08-04,RDL,Chappy,video_view_count,jul_late_2026,0
2026-08-04,RDL,Chappy,video_view_count,regular_season,0
2026-08-04,RDL,Chappy,watch_time,aug_early_2026,259
2026-08-04,RDL,Chappy,watch_time,jul_early_2026,11737
2026-08-04,RDL,Chappy,watch_time,jul_late_2026,3388
2026-08-04,RDL,Chappy,watch_time,regular_season,5578
2026-08-04,RDL,Stylish_deko,followers,current,1641
2026-08-04,RDL,Stylish_deko,stream_duration,aug_early_2026,10.1
2026-08-04,RDL,Stylish_deko,stream_duration,jul_early_2026,29.9
2026-08-04,RDL,Stylish_deko,stream_duration,jul_late_2026,18.1
2026-08-04,RDL,Stylish_deko,stream_duration,jun_late_2026,39.0
2026-08-04,RDL,Stylish_deko,stream_duration,regular_season,33.3
2026-08-04,RDL,Stylish_deko,video_upload_count,aug_early_2026,0
2026-08-04,RDL,Stylish_deko,video_upload_count,jul_early_2026,1
2026-08-04,RDL,Stylish_deko,video_upload_count,jul_late_2026,0
2026-08-04,RDL,Stylish_deko,video_upload_count,jun_late_2026,2
2026-08-04,RDL,Stylish_deko,video_upload_count,regular_season,0
2026-08-04,RDL,Stylish_deko,video_view_count,aug_early_2026,0
2026-08-04,RDL,Stylish_deko,video_view_count,jul_early_2026,932
2026-08-04,RDL,Stylish_deko,video_view_count,jul_late_2026,0
2026-08-04,RDL,Stylish_deko,video_view_count,regular_season,0
2026-08-04,RDL,Stylish_deko,watch_time,aug_early_2026,1227
2026-08-04,RDL,Stylish_deko,watch_time,jul_early_2026,1858
2026-08-04,RDL,Stylish_deko,watch_time,jul_late_2026,1190
2026-08-04,RDL,Stylish_deko,watch_time,regular_season,2581
2026-08-04,RDL,Stylish_deko,youtube_subscribers,current,541
2026-08-04,RDL,ぱんさく,followers,current,1137
2026-08-04,RDL,ぱんさく,stream_duration,aug_early_2026,0.0
2026-08-04,RDL,ぱんさく,stream_duration,jul_early_2026,5.5
2026-08-04,RDL,ぱんさく,stream_duration,jul_late_2026,1.1
2026-08-04,RDL,ぱんさく,stream_duration,jun_late_2026,15.8
2026-08-04,RDL,ぱんさく,stream_duration,regular_season,2.9
2026-08-04,RDL,ぱんさく,video_upload_count,aug_early_2026,0
2026-08-04,RDL,ぱんさく,video_upload_count,jul_early_2026,0
2026-08-04,RDL,ぱんさく,video_upload_count,jul_late_2026,0
2026-08-04,RDL,ぱんさく,video_upload_count,jun_late_2026,0
2026-08-04,RDL,ぱんさく,video_upload_count,regular_season,0
2026-08-04,RDL,ぱんさく,video_view_count,aug_early_2026,0
2026-08-04,RDL,ぱんさく,video_view_count,jul_early_2026,0
2026-08-04,RDL,ぱんさく,video_view_count,jul_late_2026,0
2026-08-04,RDL,ぱんさく,video_view_count,regular_season,0
2026-08-04,RDL,ぱんさく,watch_time,aug_early_2026,0
2026-08-04,RDL,ぱんさく,watch_time,jul_early_2026,79
2026-08-04,RDL,ぱんさく,watch_time,jul_late_2026,13
2026-08-04,RDL,ぱんさく,watch_time,regular_season,50
2026-08-04,RDL,ぱんさく,youtube_subscribers,current,205
2026-08-04,RDL,山田レクイエム,followers,current,2085
2026-08-04,RDL,山田レクイエム,stream_duration,aug_early_2026,0.0
2026-08-04,RDL,山田レクイエム,stream_duration,jul_early_2026,0.0
2026-08-04,RDL,山田レクイエム,stream_duration,jul_late_2026,0.0
2026-08-04,RDL,山田レクイエム,stream_duration,jun_late_2026,15.4
2026-08-04,RDL,山田レクイエム,stream_duration,regular_season,0.0
2026-08-04,RDL,山田レクイエム,video_upload_count,aug_early_2026,0
2026-08-04,RDL,山田レクイエム,video_upload_count,jul_early_2026,0
2026-08-04,RDL,山田レクイエム,video_upload_count,jul_late_2026,0
2026-08-04,RDL,山田レクイエム,video_upload_count,jun_late_2026,0
2026-08-04,RDL,山田レクイエム,video_upload_count,regular_season,0
2026-08-04,RDL,山田レクイエム,video_view_count,aug_early_2026,0
2026-08-04,RDL,山田レクイエム,video_view_count,jul_early_2026,0
2026-08-04,RDL,山田レクイエム,video_view_count,jul_late_2026,0
2026-08-04,RDL,山田レクイエム,video_view_count,regular_season,0
2026-08-04,RDL,山田レクイエム,watch_time,aug_early_2026,0
2026-08-04,RDL,山田レクイエム,watch_time,jul_early_2026,0
2026-08-04,RDL,山田レクイエム,watch_time,jul_late_2026,0
2026-08-04,RDL,山田レクイエム,watch_time,regular_season,0
2026-08-04,RDL,山田レクイエム,youtube_subscribers,current,305
2026-08-04,RDL,折り紙,followers,current,5122
2026-08-04,RDL,折り紙,stream_duration,apr_late_2026,74.4
2026-08-04,RDL,折り紙,stream_duration,aug_early_2026,5.1
2026-08-04,RDL,折り紙,stream_duration,jul_early_2026,25.6
2026-08-04,RDL,折り紙,stream_duration,jul_late_2026,10.4
2026-08-04,RDL,折り紙,stream_duration,jun_early_2026,47.1
2026-08-04,RDL,折り紙,stream_duration,jun_late_2026,33.0
2026-08-04,RDL,折り紙,stream_duration,may_early_2026,50.5
2026-08-04,RDL,折り紙,stream_duration,may_late_2026,54.7
2026-08-04,RDL,折り紙,stream_duration,regular_season,22.6
2026-08-04,RDL,折り紙,video_upload_count,apr_late_2026,5
2026-08-04,RDL,折り紙,video_upload_count,aug_early_2026,0
2026-08-04,RDL,折り紙,video_upload_count,jul_early_2026,3
2026-08-04,RDL,折り紙,video_upload_count,jul_late_2026,0
2026-08-04,RDL,折り紙,video_upload_count,jun_early_2026,3
2026-08-04,RDL,折り紙,video_upload_count,jun_late_2026,3
2026-08-04,RDL,折り紙,video_upload_count,may_early_2026,3
2026-08-04,RDL,折り紙,video_upload_count,may_late_2026,5
2026-08-04,RDL,折り紙,video_upload_count,regular_season,0
2026-08-04,RDL,折り紙,video_view_count,aug_early_2026,0
2026-08-04,RDL,折り紙,video_view_count,jul_early_2026,59767
2026-08-04,RDL,折り紙,video_view_count,jul_late_2026,0
2026-08-04,RDL,折り紙,video_view_count,jun_early_2026,43730
2026-08-04,RDL,折り紙,video_view_count,jun_late_2026,88530
2026-08-04,RDL,折り紙,video_view_count,may_early_2026,107876
2026-08-04,RDL,折り紙,video_view_count,may_late_2026,66564
2026-08-04,RDL,折り紙,video_view_count,regular_season,0
2026-08-04,RDL,折り紙,watch_time,aug_early_2026,675
2026-08-04,RDL,折り紙,watch_time,jul_early_2026,6628
2026-08-04,RDL,折り紙,watch_time,jul_late_2026,751
2026-08-04,RDL,折り紙,watch_time,jun_early_2026,5895
2026-08-04,RDL,折り紙,watch_time,jun_late_2026,4608
2026-08-04,RDL,折り紙,watch_time,may_early_2026,7528
2026-08-04,RDL,折り紙,watch_time,may_late_2026,9118
2026-08-04,RDL,折り紙,watch_time,regular_season,2772
2026-08-04,RDL,折り紙,youtube_subscribers,current,14300
2026-08-04,VRL,Mishadow51,followers,current,2969
2026-08-04,VRL,Mishadow51,stream_duration,apr_late_2026,0.0
2026-08-04,VRL,Mishadow51,stream_duration,aug_early_2026,0.0
2026-08-04,VRL,Mishadow51,stream_duration,jul_early_2026,0.0
2026-08-04,VRL,Mishadow51,stream_duration,jul_late_2026,0.0
2026-08-04,VRL,Mishadow51,stream_duration,jun_early_2026,0.0
2026-08-04,VRL,Mishadow51,stream_duration,jun_late_2026,0.0
2026-08-04,VRL,Mishadow51,stream_duration,may_early_2026,0.0
2026-08-04,VRL,Mishadow51,stream_duration,may_late_2026,0.0
2026-08-04,VRL,Mishadow51,stream_duration,regular_season,0.0
2026-08-04,VRL,Mishadow51,video_upload_count,apr_late_2026,0
2026-08-04,VRL,Mishadow51,video_upload_count,aug_early_2026,0
2026-08-04,VRL,Mishadow51,video_upload_count,jul_early_2026,0
2026-08-04,VRL,Mishadow51,video_upload_count,jul_late_2026,0
2026-08-04,VRL,Mishadow51,video_upload_count,jun_early_2026,0
2026-08-04,VRL,Mishadow51,video_upload_count,jun_late_2026,0
2026-08-04,VRL,Mishadow51,video_upload_count,may_early_2026,0
2026-08-04,VRL,Mishadow51,video_upload_count,may_late_2026,0
2026-08-04,VRL,Mishadow51,video_upload_count,regular_season,0
2026-08-04,VRL,Mishadow51,video_view_count,aug_early_2026,0
2026-08-04,VRL,Mishadow51,video_view_count,jul_early_2026,0
2026-08-04,VRL,Mishadow51,video_view_count,jul_late_2026,0
2026-08-04,VRL,Mishadow51,video_view_count,jun_early_2026,0
2026-08-04,VRL,Mishadow51,video_view_count,jun_late_2026,0
2026-08-04,VRL,Mishadow51,video_view_count,may_early_2026,0
2026-08-04,VRL,Mishadow51,video_view_count,may_late_2026,0
2026-08-04,VRL,Mishadow51,video_view_count,regular_season,0
2026-08-04,VRL,Mishadow51,watch_time,aug_early_2026,0
2026-08-04,VRL,Mishadow51,watch_time,jul_early_2026,0
2026-08-04,VRL,Mishadow51,watch_time,jul_late_2026,0
2026-08-04,VRL,Mishadow51,watch_time,jun_early_2026,0
2026-08-04,VRL,Mishadow51,watch_time,jun_late_2026,0
2026-08-04,VRL,Mishadow51,watch_time,may_early_2026,0
2026-08-04,VRL,Mishadow51,watch_time,may_late_2026,0
2026-08-04,VRL,Mishadow51,watch_time,regular_season,0
2026-08-04,VRL,Mishadow51,youtube_subscribers,current,29
2026-08-04,VRL,Terarina,followers,current,3799
2026-08-04,VRL,Terarina,stream_duration,apr_late_2026,4.0
2026-08-04,VRL,Terarina,stream_duration,aug_early_2026,0.9
2026-08-04,VRL,Terarina,stream_duration,jul_early_2026,0.2
2026-08-04,VRL,Terarina,stream_duration,jul_late_2026,9.1
2026-08-04,VRL,Terarina,stream_duration,jun_early_2026,16.0
2026-08-04,VRL,Terarina,stream_duration,jun_late_2026,4.2
2026-08-04,VRL,Terarina,stream_duration,may_early_2026,5.1
2026-08-04,VRL,Terarina,stream_duration,may_late_2026,5.9
2026-08-04,VRL,Terarina,stream_duration,regular_season,10.0
2026-08-04,VRL,Terarina,video_upload_count,apr_late_2026,0
2026-08-04,VRL,Terarina,video_upload_count,aug_early_2026,0
2026-08-04,VRL,Terarina,video_upload_count,jul_early_2026,0
2026-08-04,VRL,Terarina,video_upload_count,jul_late_2026,0
2026-08-04,VRL,Terarina,video_upload_count,jun_early_2026,0
2026-08-04,VRL,Terarina,video_upload_count,jun_late_2026,0
2026-08-04,VRL,Terarina,video_upload_count,may_early_2026,0
2026-08-04,VRL,Terarina,video_upload_count,may_late_2026,0
2026-08-04,VRL,Terarina,video_upload_count,regular_season,0
2026-08-04,VRL,Terarina,video_view_count,aug_early_2026,0
2026-08-04,VRL,Terarina,video_view_count,jul_early_2026,0
2026-08-04,VRL,Terarina,video_view_count,jul_late_2026,0
2026-08-04,VRL,Terarina,video_view_count,jun_early_2026,0
2026-08-04,VRL,Terarina,video_view_count,jun_late_2026,0
2026-08-04,VRL,Terarina,video_view_count,may_early_2026,0
2026-08-04,VRL,Terarina,video_view_count,may_late_2026,0
2026-08-04,VRL,Terarina,video_view_count,regular_season,0
2026-08-04,VRL,Terarina,watch_time,aug_early_2026,4
2026-08-04,VRL,Terarina,watch_time,jul_early_2026,3
2026-08-04,VRL,Terarina,watch_time,jul_late_2026,65
2026-08-04,VRL,Terarina,watch_time,jun_early_2026,2920
2026-08-04,VRL,Terarina,watch_time,jun_late_2026,193
2026-08-04,VRL,Terarina,watch_time,may_early_2026,387
2026-08-04,VRL,Terarina,watch_time,may_late_2026,381
2026-08-04,VRL,Terarina,watch_time,regular_season,70
2026-08-04,VRL,Terarina,youtube_subscribers,current,1770
2026-08-04,VRL,monakawan,followers,current,1887
2026-08-04,VRL,monakawan,stream_duration,apr_late_2026,0.0
2026-08-04,VRL,monakawan,stream_duration,aug_early_2026,8.8
2026-08-04,VRL,monakawan,stream_duration,jul_early_2026,0.0
2026-08-04,VRL,monakawan,stream_duration,jul_late_2026,16.7
2026-08-04,VRL,monakawan,stream_duration,jun_early_2026,0.0
2026-08-04,VRL,monakawan,stream_duration,jun_late_2026,0.0
2026-08-04,VRL,monakawan,stream_duration,may_early_2026,0.0
2026-08-04,VRL,monakawan,stream_duration,may_late_2026,0.0
2026-08-04,VRL,monakawan,stream_duration,regular_season,25.5
2026-08-04,VRL,monakawan,video_upload_count,apr_late_2026,0
2026-08-04,VRL,monakawan,video_upload_count,aug_early_2026,0
2026-08-04,VRL,monakawan,video_upload_count,jul_early_2026,0
2026-08-04,VRL,monakawan,video_upload_count,jul_late_2026,0
2026-08-04,VRL,monakawan,video_upload_count,jun_early_2026,0
2026-08-04,VRL,monakawan,video_upload_count,jun_late_2026,0
2026-08-04,VRL,monakawan,video_upload_count,may_early_2026,0
2026-08-04,VRL,monakawan,video_upload_count,may_late_2026,0
2026-08-04,VRL,monakawan,video_upload_count,regular_season,0
2026-08-04,VRL,monakawan,video_view_count,aug_early_2026,0
2026-08-04,VRL,monakawan,video_view_count,jul_early_2026,0
2026-08-04,VRL,monakawan,video_view_count,jul_late_2026,0
2026-08-04,VRL,monakawan,video_view_count,jun_early_2026,0
2026-08-04,VRL,monakawan,video_view_count,jun_late_2026,0
2026-08-04,VRL,monakawan,video_view_count,may_early_2026,0
2026-08-04,VRL,monakawan,video_view_count,may_late_2026,0
2026-08-04,VRL,monakawan,video_view_count,regular_season,0
2026-08-04,VRL,monakawan,watch_time,aug_early_2026,91
2026-08-04,VRL,monakawan,watch_time,jul_early_2026,0
2026-08-04,VRL,monakawan,watch_time,jul_late_2026,262
2026-08-04,VRL,monakawan,watch_time,jun_early_2026,0
2026-08-04,VRL,monakawan,watch_time,jun_late_2026,0
2026-08-04,VRL,monakawan,watch_time,may_early_2026,0
2026-08-04,VRL,monakawan,watch_time,may_late_2026,0
2026-08-04,VRL,monakawan,watch_time,regular_season,353
2026-08-04,VRL,monakawan,youtube_subscribers,current,385
2026-08-04,VRL,まっつ,followers,current,4563
2026-08-04,VRL,まっつ,stream_duration,aug_early_2026,2.7
2026-08-04,VRL,まっつ,stream_duration,jul_early_2026,8.3
2026-08-04,VRL,まっつ,stream_duration,jul_late_2026,14.6
2026-08-04,VRL,まっつ,stream_duration,jun_late_2026,16.8
2026-08-04,VRL,まっつ,stream_duration,regular_season,20.3
2026-08-04,VRL,まっつ,video_upload_count,aug_early_2026,0
2026-08-04,VRL,まっつ,video_upload_count,jul_early_2026,0
2026-08-04,VRL,まっつ,video_upload_count,jul_late_2026,0
2026-08-04,VRL,まっつ,video_upload_count,jun_late_2026,0
2026-08-04,VRL,まっつ,video_upload_count,regular_season,0
2026-08-04,VRL,まっつ,video_view_count,aug_early_2026,0
2026-08-04,VRL,まっつ,video_view_count,jul_early_2026,0
2026-08-04,VRL,まっつ,video_view_count,jul_late_2026,0
2026-08-04,VRL,まっつ,video_view_count,regular_season,0
2026-08-04,VRL,まっつ,watch_time,aug_early_2026,234
2026-08-04,VRL,まっつ,watch_time,jul_early_2026,540
2026-08-04,VRL,まっつ,watch_time,jul_late_2026,1435
2026-08-04,VRL,まっつ,watch_time,regular_season,1706
2026-08-04,VRL,まっつ,youtube_subscribers,current,1610
2026-08-04,ZETA,CQCQ,followers,current,13717
2026-08-04,ZETA,CQCQ,stream_duration,apr_late_2026,21.5
2026-08-04,ZETA,CQCQ,stream_duration,aug_early_2026,6.2
2026-08-04,ZETA,CQCQ,stream_duration,jul_early_2026,2.7
2026-08-04,ZETA,CQCQ,stream_duration,jul_late_2026,26.9
2026-08-04,ZETA,CQCQ,stream_duration,jun_early_2026,18.1
2026-08-04,ZETA,CQCQ,stream_duration,jun_late_2026,20.2
2026-08-04,ZETA,CQCQ,stream_duration,may_early_2026,26.4
2026-08-04,ZETA,CQCQ,stream_duration,may_late_2026,18.6
2026-08-04,ZETA,CQCQ,stream_duration,regular_season,33.1
2026-08-04,ZETA,CQCQ,video_upload_count,apr_late_2026,2
2026-08-04,ZETA,CQCQ,video_upload_count,aug_early_2026,0
2026-08-04,ZETA,CQCQ,video_upload_count,jul_early_2026,0
2026-08-04,ZETA,CQCQ,video_upload_count,jul_late_2026,0
2026-08-04,ZETA,CQCQ,video_upload_count,jun_early_2026,0
2026-08-04,ZETA,CQCQ,video_upload_count,jun_late_2026,0
2026-08-04,ZETA,CQCQ,video_upload_count,may_early_2026,1
2026-08-04,ZETA,CQCQ,video_upload_count,may_late_2026,0
2026-08-04,ZETA,CQCQ,video_upload_count,regular_season,0
2026-08-04,ZETA,CQCQ,video_view_count,aug_early_2026,0
2026-08-04,ZETA,CQCQ,video_view_count,jul_early_2026,0
2026-08-04,ZETA,CQCQ,video_view_count,jul_late_2026,0
2026-08-04,ZETA,CQCQ,video_view_count,jun_early_2026,0
2026-08-04,ZETA,CQCQ,video_view_count,jun_late_2026,0
2026-08-04,ZETA,CQCQ,video_view_count,may_early_2026,32600
2026-08-04,ZETA,CQCQ,video_view_count,may_late_2026,0
2026-08-04,ZETA,CQCQ,video_view_count,regular_season,0
2026-08-04,ZETA,CQCQ,watch_time,aug_early_2026,1644
2026-08-04,ZETA,CQCQ,watch_time,jul_early_2026,1808
2026-08-04,ZETA,CQCQ,watch_time,jul_late_2026,12525
2026-08-04,ZETA,CQCQ,watch_time,jun_early_2026,5188
2026-08-04,ZETA,CQCQ,watch_time,jun_late_2026,8316
2026-08-04,ZETA,CQCQ,watch_time,may_early_2026,18546
2026-08-04,ZETA,CQCQ,watch_time,may_late_2026,9708
2026-08-04,ZETA,CQCQ,watch_time,regular_season,14200
2026-08-04,ZETA,CQCQ,youtube_subscribers,current,13500
2026-08-04,ZETA,TBT,followers,current,2618
2026-08-04,ZETA,TBT,stream_duration,apr_late_2026,4.4
2026-08-04,ZETA,TBT,stream_duration,aug_early_2026,1.6
2026-08-04,ZETA,TBT,stream_duration,jul_early_2026,3.8
2026-08-04,ZETA,TBT,stream_duration,jul_late_2026,19.3
2026-08-04,ZETA,TBT,stream_duration,jun_early_2026,2.2
2026-08-04,ZETA,TBT,stream_duration,jun_late_2026,19.3
2026-08-04,ZETA,TBT,stream_duration,may_early_2026,0.0
2026-08-04,ZETA,TBT,stream_duration,may_late_2026,16.0
2026-08-04,ZETA,TBT,stream_duration,regular_season,20.9
2026-08-04,ZETA,TBT,video_upload_count,apr_late_2026,2
2026-08-04,ZETA,TBT,video_upload_count,aug_early_2026,0
2026-08-04,ZETA,TBT,video_upload_count,jul_early_2026,0
2026-08-04,ZETA,TBT,video_upload_count,jul_late_2026,0
2026-08-04,ZETA,TBT,video_upload_count,jun_early_2026,0
2026-08-04,ZETA,TBT,video_upload_count,jun_late_2026,0
2026-08-04,ZETA,TBT,video_upload_count,may_early_2026,0
2026-08-04,ZETA,TBT,video_upload_count,may_late_2026,0
2026-08-04,ZETA,TBT,video_upload_count,regular_season,0
2026-08-04,ZETA,TBT,video_view_count,aug_early_2026,0
2026-08-04,ZETA,TBT,video_view_count,jul_early_2026,0
2026-08-04,ZETA,TBT,video_view_count,jul_late_2026,0
2026-08-04,ZETA,TBT,video_view_count,jun_early_2026,0
2026-08-04,ZETA,TBT,video_view_count,jun_late_2026,0
2026-08-04,ZETA,TBT,video_view_count,may_early_2026,0
2026-08-04,ZETA,TBT,video_view_count,may_late_2026,0
2026-08-04,ZETA,TBT,video_view_count,regular_season,0
2026-08-04,ZETA,TBT,watch_time,aug_early_2026,141
2026-08-04,ZETA,TBT,watch_time,jul_early_2026,319
2026-08-04,ZETA,TBT,watch_time,jul_late_2026,2111
2026-08-04,ZETA,TBT,watch_time,jun_early_2026,258
2026-08-04,ZETA,TBT,watch_time,jun_late_2026,1414
2026-08-04,ZETA,TBT,watch_time,may_early_2026,0
2026-08-04,ZETA,TBT,watch_time,may_late_2026,2626
2026-08-04,ZETA,TBT,watch_time,regular_season,2253
2026-08-04,ZETA,TBT,youtube_subscribers,current,1190
2026-08-04,ZETA,ねぎま,followers,current,3259
2026-08-04,ZETA,ねぎま,stream_duration,aug_early_2026,6.8
2026-08-04,ZETA,ねぎま,stream_duration,jul_early_2026,14.6
2026-08-04,ZETA,ねぎま,stream_duration,jul_late_2026,37.6
2026-08-04,ZETA,ねぎま,stream_duration,jun_late_2026,77.4
2026-08-04,ZETA,ねぎま,stream_duration,regular_season,44.4
2026-08-04,ZETA,ねぎま,video_upload_count,aug_early_2026,0
2026-08-04,ZETA,ねぎま,video_upload_count,jul_early_2026,0
2026-08-04,ZETA,ねぎま,video_upload_count,jul_late_2026,0
2026-08-04,ZETA,ねぎま,video_upload_count,jun_late_2026,1
2026-08-04,ZETA,ねぎま,video_upload_count,regular_season,0
2026-08-04,ZETA,ねぎま,video_view_count,aug_early_2026,0
2026-08-04,ZETA,ねぎま,video_view_count,jul_early_2026,0
2026-08-04,ZETA,ねぎま,video_view_count,jul_late_2026,0
2026-08-04,ZETA,ねぎま,video_view_count,regular_season,0
2026-08-04,ZETA,ねぎま,watch_time,aug_early_2026,882
2026-08-04,ZETA,ねぎま,watch_time,jul_early_2026,1479
2026-08-04,ZETA,ねぎま,watch_time,jul_late_2026,6211
2026-08-04,ZETA,ねぎま,watch_time,regular_season,7089
2026-08-04,ZETA,ねぎま,youtube_subscribers,current,1490
2026-08-04,ZETA,ヘイム,followers,current,6335
2026-08-04,ZETA,ヘイム,stream_duration,apr_late_2026,57.1
2026-08-04,ZETA,ヘイム,stream_duration,aug_early_2026,2.4
2026-08-04,ZETA,ヘイム,stream_duration,jul_early_2026,8.1
2026-08-04,ZETA,ヘイム,stream_duration,jul_late_2026,22.7
2026-08-04,ZETA,ヘイム,stream_duration,jun_early_2026,41.3
2026-08-04,ZETA,ヘイム,stream_duration,jun_late_2026,11.1
2026-08-04,ZETA,ヘイム,stream_duration,may_early_2026,63.6
2026-08-04,ZETA,ヘイム,stream_duration,may_late_2026,80.1
2026-08-04,ZETA,ヘイム,stream_duration,regular_season,26.3
2026-08-04,ZETA,ヘイム,video_upload_count,apr_late_2026,0
2026-08-04,ZETA,ヘイム,video_upload_count,aug_early_2026,0
2026-08-04,ZETA,ヘイム,video_upload_count,jul_early_2026,0
2026-08-04,ZETA,ヘイム,video_upload_count,jul_late_2026,0
2026-08-04,ZETA,ヘイム,video_upload_count,jun_early_2026,0
2026-08-04,ZETA,ヘイム,video_upload_count,jun_late_2026,0
2026-08-04,ZETA,ヘイム,video_upload_count,may_early_2026,0
2026-08-04,ZETA,ヘイム,video_upload_count,may_late_2026,0
2026-08-04,ZETA,ヘイム,video_upload_count,regular_season,0
2026-08-04,ZETA,ヘイム,video_view_count,aug_early_2026,0
2026-08-04,ZETA,ヘイム,video_view_count,jul_early_2026,0
2026-08-04,ZETA,ヘイム,video_view_count,jul_late_2026,0
2026-08-04,ZETA,ヘイム,video_view_count,jun_early_2026,0
2026-08-04,ZETA,ヘイム,video_view_count,jun_late_2026,0
2026-08-04,ZETA,ヘイム,video_view_count,may_early_2026,0
2026-08-04,ZETA,ヘイム,video_view_count,may_late_2026,0
2026-08-04,ZETA,ヘイム,video_view_count,regular_season,0
2026-08-04,ZETA,ヘイム,watch_time,aug_early_2026,511
2026-08-04,ZETA,ヘイム,watch_time,jul_early_2026,1205
2026-08-04,ZETA,ヘイム,watch_time,jul_late_2026,6332
2026-08-04,ZETA,ヘイム,watch_time,jun_early_2026,6920
2026-08-04,ZETA,ヘイム,watch_time,jun_late_2026,1119
2026-08-04,ZETA,ヘイム,watch_time,may_early_2026,30598
2026-08-04,ZETA,ヘイム,watch_time,may_late_2026,19810
2026-08-04,ZETA,ヘイム,watch_time,regular_season,7055
2026-08-04,ZETA,ヘイム,youtube_subscribers,current,5080
2026-08-05,CR,Atom,followers,current,13211
2026-08-05,CR,Atom,stream_duration,apr_late_2026,35.5
2026-08-05,CR,Atom,stream_duration,aug_early_2026,3.3
2026-08-05,CR,Atom,stream_duration,jul_early_2026,0.8
2026-08-05,CR,Atom,stream_duration,jul_late_2026,15.4
2026-08-05,CR,Atom,stream_duration,jun_early_2026,3.6
2026-08-05,CR,Atom,stream_duration,jun_late_2026,0.0
2026-08-05,CR,Atom,stream_duration,may_early_2026,21.2
2026-08-05,CR,Atom,stream_duration,may_late_2026,15.3
2026-08-05,CR,Atom,stream_duration,regular_season,19.5
2026-08-05,CR,Atom,video_upload_count,apr_late_2026,0
2026-08-05,CR,Atom,video_upload_count,aug_early_2026,0
2026-08-05,CR,Atom,video_upload_count,jul_early_2026,0
2026-08-05,CR,Atom,video_upload_count,jul_late_2026,0
2026-08-05,CR,Atom,video_upload_count,jun_early_2026,0
2026-08-05,CR,Atom,video_upload_count,jun_late_2026,0
2026-08-05,CR,Atom,video_upload_count,may_early_2026,0
2026-08-05,CR,Atom,video_upload_count,may_late_2026,0
2026-08-05,CR,Atom,video_upload_count,regular_season,0
2026-08-05,CR,Atom,video_view_count,aug_early_2026,0
2026-08-05,CR,Atom,video_view_count,jul_early_2026,0
2026-08-05,CR,Atom,video_view_count,jul_late_2026,0
2026-08-05,CR,Atom,video_view_count,jun_early_2026,0
2026-08-05,CR,Atom,video_view_count,jun_late_2026,0
2026-08-05,CR,Atom,video_view_count,may_early_2026,0
2026-08-05,CR,Atom,video_view_count,may_late_2026,0
2026-08-05,CR,Atom,video_view_count,regular_season,0
2026-08-05,CR,Atom,watch_time,aug_early_2026,1403
2026-08-05,CR,Atom,watch_time,jul_early_2026,209
2026-08-05,CR,Atom,watch_time,jul_late_2026,4353
2026-08-05,CR,Atom,watch_time,jun_early_2026,2778
2026-08-05,CR,Atom,watch_time,jun_late_2026,0
2026-08-05,CR,Atom,watch_time,may_early_2026,17519
2026-08-05,CR,Atom,watch_time,may_late_2026,9365
2026-08-05,CR,Atom,watch_time,regular_season,5959
2026-08-05,CR,Atom,youtube_subscribers,current,8030
2026-08-05,CR,Winter,followers,current,2972
2026-08-05,CR,Winter,stream_duration,apr_late_2026,0.0
2026-08-05,CR,Winter,stream_duration,aug_early_2026,0.0
2026-08-05,CR,Winter,stream_duration,jul_early_2026,0.0
2026-08-05,CR,Winter,stream_duration,jul_late_2026,16.3
2026-08-05,CR,Winter,stream_duration,jun_early_2026,0.0
2026-08-05,CR,Winter,stream_duration,jun_late_2026,5.5
2026-08-05,CR,Winter,stream_duration,may_early_2026,0.0
2026-08-05,CR,Winter,stream_duration,may_late_2026,4.7
2026-08-05,CR,Winter,stream_duration,regular_season,16.3
2026-08-05,CR,Winter,video_upload_count,apr_late_2026,0
2026-08-05,CR,Winter,video_upload_count,aug_early_2026,0
2026-08-05,CR,Winter,video_upload_count,jul_early_2026,0
2026-08-05,CR,Winter,video_upload_count,jul_late_2026,0
2026-08-05,CR,Winter,video_upload_count,jun_early_2026,0
2026-08-05,CR,Winter,video_upload_count,jun_late_2026,0
2026-08-05,CR,Winter,video_upload_count,may_early_2026,0
2026-08-05,CR,Winter,video_upload_count,may_late_2026,0
2026-08-05,CR,Winter,video_upload_count,regular_season,0
2026-08-05,CR,Winter,video_view_count,aug_early_2026,0
2026-08-05,CR,Winter,video_view_count,jul_early_2026,0
2026-08-05,CR,Winter,video_view_count,jul_late_2026,0
2026-08-05,CR,Winter,video_view_count,jun_early_2026,0
2026-08-05,CR,Winter,video_view_count,jun_late_2026,0
2026-08-05,CR,Winter,video_view_count,may_early_2026,0
2026-08-05,CR,Winter,video_view_count,may_late_2026,0
2026-08-05,CR,Winter,video_view_count,regular_season,0
2026-08-05,CR,Winter,watch_time,aug_early_2026,0
2026-08-05,CR,Winter,watch_time,jul_early_2026,0
2026-08-05,CR,Winter,watch_time,jul_late_2026,874
2026-08-05,CR,Winter,watch_time,jun_early_2026,0
2026-08-05,CR,Winter,watch_time,jun_late_2026,346
2026-08-05,CR,Winter,watch_time,may_early_2026,0
2026-08-05,CR,Winter,watch_time,may_late_2026,260
2026-08-05,CR,Winter,watch_time,regular_season,874
2026-08-05,CR,Winter,youtube_subscribers,current,993
2026-08-05,CR,ふぇぐ,followers,current,34324
2026-08-05,CR,ふぇぐ,stream_duration,aug_early_2026,0.0
2026-08-05,CR,ふぇぐ,stream_duration,jul_early_2026,1.0
2026-08-05,CR,ふぇぐ,stream_duration,jul_late_2026,11.2
2026-08-05,CR,ふぇぐ,stream_duration,jun_late_2026,17.7
2026-08-05,CR,ふぇぐ,stream_duration,regular_season,11.2
2026-08-05,CR,ふぇぐ,video_upload_count,aug_early_2026,0
2026-08-05,CR,ふぇぐ,video_upload_count,jul_early_2026,0
2026-08-05,CR,ふぇぐ,video_upload_count,jul_late_2026,1
2026-08-05,CR,ふぇぐ,video_upload_count,jun_late_2026,0
2026-08-05,CR,ふぇぐ,video_upload_count,regular_season,1
2026-08-05,CR,ふぇぐ,video_view_count,aug_early_2026,0
2026-08-05,CR,ふぇぐ,video_view_count,jul_early_2026,0
2026-08-05,CR,ふぇぐ,video_view_count,jul_late_2026,3492
2026-08-05,CR,ふぇぐ,video_view_count,regular_season,3492
2026-08-05,CR,ふぇぐ,watch_time,aug_early_2026,0
2026-08-05,CR,ふぇぐ,watch_time,jul_early_2026,80
2026-08-05,CR,ふぇぐ,watch_time,jul_late_2026,1006
2026-08-05,CR,ふぇぐ,watch_time,regular_season,1006
2026-08-05,CR,ふぇぐ,youtube_subscribers,current,6280
2026-08-05,CR,ふえた,followers,current,3751
2026-08-05,CR,ふえた,stream_duration,apr_late_2026,11.3
2026-08-05,CR,ふえた,stream_duration,aug_early_2026,0.0
2026-08-05,CR,ふえた,stream_duration,jul_early_2026,0.0
2026-08-05,CR,ふえた,stream_duration,jul_late_2026,12.6
2026-08-05,CR,ふえた,stream_duration,jun_early_2026,25.3
2026-08-05,CR,ふえた,stream_duration,jun_late_2026,10.4
2026-08-05,CR,ふえた,stream_duration,may_early_2026,0.0
2026-08-05,CR,ふえた,stream_duration,may_late_2026,1.3
2026-08-05,CR,ふえた,stream_duration,regular_season,12.6
2026-08-05,CR,ふえた,video_upload_count,apr_late_2026,0
2026-08-05,CR,ふえた,video_upload_count,aug_early_2026,0
2026-08-05,CR,ふえた,video_upload_count,jul_early_2026,0
2026-08-05,CR,ふえた,video_upload_count,jul_late_2026,2
2026-08-05,CR,ふえた,video_upload_count,jun_early_2026,0
2026-08-05,CR,ふえた,video_upload_count,jun_late_2026,0
2026-08-05,CR,ふえた,video_upload_count,may_early_2026,0
2026-08-05,CR,ふえた,video_upload_count,may_late_2026,0
2026-08-05,CR,ふえた,video_upload_count,regular_season,2
2026-08-05,CR,ふえた,video_view_count,aug_early_2026,0
2026-08-05,CR,ふえた,video_view_count,jul_early_2026,0
2026-08-05,CR,ふえた,video_view_count,jul_late_2026,3025
2026-08-05,CR,ふえた,video_view_count,jun_early_2026,0
2026-08-05,CR,ふえた,video_view_count,jun_late_2026,0
2026-08-05,CR,ふえた,video_view_count,may_early_2026,0
2026-08-05,CR,ふえた,video_view_count,may_late_2026,0
2026-08-05,CR,ふえた,video_view_count,regular_season,3025
2026-08-05,CR,ふえた,watch_time,aug_early_2026,0
2026-08-05,CR,ふえた,watch_time,jul_early_2026,0
2026-08-05,CR,ふえた,watch_time,jul_late_2026,626
2026-08-05,CR,ふえた,watch_time,jun_early_2026,1221
2026-08-05,CR,ふえた,watch_time,jun_late_2026,742
2026-08-05,CR,ふえた,watch_time,may_early_2026,0
2026-08-05,CR,ふえた,watch_time,may_late_2026,15
2026-08-05,CR,ふえた,watch_time,regular_season,626
2026-08-05,CR,ふえた,youtube_subscribers,current,1170
2026-08-05,CR,空白,followers,current,3910
2026-08-05,CR,空白,stream_duration,apr_late_2026,23.8
2026-08-05,CR,空白,stream_duration,aug_early_2026,0.0
2026-08-05,CR,空白,stream_duration,jul_early_2026,0.0
2026-08-05,CR,空白,stream_duration,jul_late_2026,20.7
2026-08-05,CR,空白,stream_duration,jun_early_2026,26.8
2026-08-05,CR,空白,stream_duration,jun_late_2026,20.3
2026-08-05,CR,空白,stream_duration,may_early_2026,24.5
2026-08-05,CR,空白,stream_duration,may_late_2026,33.6
2026-08-05,CR,空白,stream_duration,regular_season,20.7
2026-08-05,CR,空白,video_upload_count,apr_late_2026,0
2026-08-05,CR,空白,video_upload_count,aug_early_2026,0
2026-08-05,CR,空白,video_upload_count,jul_early_2026,0
2026-08-05,CR,空白,video_upload_count,jul_late_2026,1
2026-08-05,CR,空白,video_upload_count,jun_early_2026,0
2026-08-05,CR,空白,video_upload_count,jun_late_2026,0
2026-08-05,CR,空白,video_upload_count,may_early_2026,0
2026-08-05,CR,空白,video_upload_count,may_late_2026,0
2026-08-05,CR,空白,video_upload_count,regular_season,1
2026-08-05,CR,空白,video_view_count,aug_early_2026,0
2026-08-05,CR,空白,video_view_count,jul_early_2026,0
2026-08-05,CR,空白,video_view_count,jul_late_2026,0
2026-08-05,CR,空白,video_view_count,jun_early_2026,0
2026-08-05,CR,空白,video_view_count,jun_late_2026,0
2026-08-05,CR,空白,video_view_count,may_early_2026,0
2026-08-05,CR,空白,video_view_count,may_late_2026,0
2026-08-05,CR,空白,video_view_count,regular_season,0
2026-08-05,CR,空白,watch_time,aug_early_2026,0
2026-08-05,CR,空白,watch_time,jul_early_2026,0
2026-08-05,CR,空白,watch_time,jul_late_2026,722
2026-08-05,CR,空白,watch_time,jun_early_2026,1152
2026-08-05,CR,空白,watch_time,jun_late_2026,2339
2026-08-05,CR,空白,watch_time,may_early_2026,2243
2026-08-05,CR,空白,watch_time,may_late_2026,1811
2026-08-05,CR,空白,watch_time,regular_season,722
2026-08-05,CR,空白,youtube_subscribers,current,1640
2026-08-05,DFM,MingiGod,followers,current,3531
2026-08-05,DFM,MingiGod,stream_duration,aug_early_2026,3.7
2026-08-05,DFM,MingiGod,stream_duration,jul_early_2026,8.9
2026-08-05,DFM,MingiGod,stream_duration,jul_late_2026,14.9
2026-08-05,DFM,MingiGod,stream_duration,jun_late_2026,16.6
2026-08-05,DFM,MingiGod,stream_duration,regular_season,27.4
2026-08-05,DFM,MingiGod,video_upload_count,aug_early_2026,0
2026-08-05,DFM,MingiGod,video_upload_count,jul_early_2026,0
2026-08-05,DFM,MingiGod,video_upload_count,jul_late_2026,0
2026-08-05,DFM,MingiGod,video_upload_count,jun_late_2026,1
2026-08-05,DFM,MingiGod,video_upload_count,regular_season,0
2026-08-05,DFM,MingiGod,video_view_count,aug_early_2026,0
2026-08-05,DFM,MingiGod,video_view_count,jul_early_2026,0
2026-08-05,DFM,MingiGod,video_view_count,jul_late_2026,0
2026-08-05,DFM,MingiGod,video_view_count,regular_season,0
2026-08-05,DFM,MingiGod,watch_time,aug_early_2026,195
2026-08-05,DFM,MingiGod,watch_time,jul_early_2026,996
2026-08-05,DFM,MingiGod,watch_time,jul_late_2026,1262
2026-08-05,DFM,MingiGod,watch_time,regular_season,2465
2026-08-05,DFM,MingiGod,youtube_subscribers,current,1780
2026-08-05,DFM,かなで,followers,current,2147
2026-08-05,DFM,かなで,stream_duration,apr_late_2026,9.2
2026-08-05,DFM,かなで,stream_duration,aug_early_2026,0.0
2026-08-05,DFM,かなで,stream_duration,jul_early_2026,2.1
2026-08-05,DFM,かなで,stream_duration,jul_late_2026,6.8
2026-08-05,DFM,かなで,stream_duration,jun_early_2026,4.8
2026-08-05,DFM,かなで,stream_duration,jun_late_2026,9.7
2026-08-05,DFM,かなで,stream_duration,may_early_2026,4.5
2026-08-05,DFM,かなで,stream_duration,may_late_2026,9.4
2026-08-05,DFM,かなで,stream_duration,regular_season,6.8
2026-08-05,DFM,かなで,video_upload_count,apr_late_2026,0
2026-08-05,DFM,かなで,video_upload_count,aug_early_2026,0
2026-08-05,DFM,かなで,video_upload_count,jul_early_2026,0
2026-08-05,DFM,かなで,video_upload_count,jul_late_2026,0
2026-08-05,DFM,かなで,video_upload_count,jun_early_2026,0
2026-08-05,DFM,かなで,video_upload_count,jun_late_2026,0
2026-08-05,DFM,かなで,video_upload_count,may_early_2026,0
2026-08-05,DFM,かなで,video_upload_count,may_late_2026,0
2026-08-05,DFM,かなで,video_upload_count,regular_season,0
2026-08-05,DFM,かなで,video_view_count,aug_early_2026,0
2026-08-05,DFM,かなで,video_view_count,jul_early_2026,0
2026-08-05,DFM,かなで,video_view_count,jul_late_2026,0
2026-08-05,DFM,かなで,video_view_count,jun_early_2026,0
2026-08-05,DFM,かなで,video_view_count,jun_late_2026,0
2026-08-05,DFM,かなで,video_view_count,may_early_2026,0
2026-08-05,DFM,かなで,video_view_count,may_late_2026,0
2026-08-05,DFM,かなで,video_view_count,regular_season,0
2026-08-05,DFM,かなで,watch_time,aug_early_2026,0
2026-08-05,DFM,かなで,watch_time,jul_early_2026,52
2026-08-05,DFM,かなで,watch_time,jul_late_2026,141
2026-08-05,DFM,かなで,watch_time,jun_early_2026,73
2026-08-05,DFM,かなで,watch_time,jun_late_2026,301
2026-08-05,DFM,かなで,watch_time,may_early_2026,157
2026-08-05,DFM,かなで,watch_time,may_late_2026,258
2026-08-05,DFM,かなで,watch_time,regular_season,141
2026-08-05,DFM,かなで,youtube_subscribers,current,539
2026-08-05,DFM,ミル,followers,current,14540
2026-08-05,DFM,ミル,stream_duration,apr_late_2026,33.8
2026-08-05,DFM,ミル,stream_duration,aug_early_2026,1.2
2026-08-05,DFM,ミル,stream_duration,jul_early_2026,6.9
2026-08-05,DFM,ミル,stream_duration,jul_late_2026,9.5
2026-08-05,DFM,ミル,stream_duration,jun_early_2026,15.0
2026-08-05,DFM,ミル,stream_duration,jun_late_2026,14.1
2026-08-05,DFM,ミル,stream_duration,may_early_2026,14.1
2026-08-05,DFM,ミル,stream_duration,may_late_2026,23.3
2026-08-05,DFM,ミル,stream_duration,regular_season,17.6
2026-08-05,DFM,ミル,video_upload_count,apr_late_2026,0
2026-08-05,DFM,ミル,video_upload_count,aug_early_2026,0
2026-08-05,DFM,ミル,video_upload_count,jul_early_2026,0
2026-08-05,DFM,ミル,video_upload_count,jul_late_2026,0
2026-08-05,DFM,ミル,video_upload_count,jun_early_2026,0
2026-08-05,DFM,ミル,video_upload_count,jun_late_2026,0
2026-08-05,DFM,ミル,video_upload_count,may_early_2026,0
2026-08-05,DFM,ミル,video_upload_count,may_late_2026,0
2026-08-05,DFM,ミル,video_upload_count,regular_season,0
2026-08-05,DFM,ミル,video_view_count,aug_early_2026,0
2026-08-05,DFM,ミル,video_view_count,jul_early_2026,0
2026-08-05,DFM,ミル,video_view_count,jul_late_2026,0
2026-08-05,DFM,ミル,video_view_count,jun_early_2026,0
2026-08-05,DFM,ミル,video_view_count,jun_late_2026,0
2026-08-05,DFM,ミル,video_view_count,may_early_2026,0
2026-08-05,DFM,ミル,video_view_count,may_late_2026,0
2026-08-05,DFM,ミル,video_view_count,regular_season,0
2026-08-05,DFM,ミル,watch_time,aug_early_2026,85
2026-08-05,DFM,ミル,watch_time,jul_early_2026,321
2026-08-05,DFM,ミル,watch_time,jul_late_2026,210
2026-08-05,DFM,ミル,watch_time,jun_early_2026,2284
2026-08-05,DFM,ミル,watch_time,jun_late_2026,1093
2026-08-05,DFM,ミル,watch_time,may_early_2026,691
2026-08-05,DFM,ミル,watch_time,may_late_2026,1363
2026-08-05,DFM,ミル,watch_time,regular_season,606
2026-08-05,DFM,ミル,youtube_subscribers,current,3960
2026-08-05,DFM,ユーリ,followers,current,14194
2026-08-05,DFM,ユーリ,stream_duration,apr_late_2026,56.4
2026-08-05,DFM,ユーリ,stream_duration,aug_early_2026,5.6
2026-08-05,DFM,ユーリ,stream_duration,jul_early_2026,9.4
2026-08-05,DFM,ユーリ,stream_duration,jul_late_2026,16.7
2026-08-05,DFM,ユーリ,stream_duration,jun_early_2026,22.3
2026-08-05,DFM,ユーリ,stream_duration,jun_late_2026,27.3
2026-08-05,DFM,ユーリ,stream_duration,may_early_2026,11.7
2026-08-05,DFM,ユーリ,stream_duration,may_late_2026,19.5
2026-08-05,DFM,ユーリ,stream_duration,regular_season,31.7
2026-08-05,DFM,ユーリ,video_upload_count,apr_late_2026,0
2026-08-05,DFM,ユーリ,video_upload_count,aug_early_2026,0
2026-08-05,DFM,ユーリ,video_upload_count,jul_early_2026,0
2026-08-05,DFM,ユーリ,video_upload_count,jul_late_2026,2
2026-08-05,DFM,ユーリ,video_upload_count,jun_early_2026,0
2026-08-05,DFM,ユーリ,video_upload_count,jun_late_2026,0
2026-08-05,DFM,ユーリ,video_upload_count,may_early_2026,0
2026-08-05,DFM,ユーリ,video_upload_count,may_late_2026,0
2026-08-05,DFM,ユーリ,video_upload_count,regular_season,2
2026-08-05,DFM,ユーリ,video_view_count,aug_early_2026,0
2026-08-05,DFM,ユーリ,video_view_count,jul_early_2026,0
2026-08-05,DFM,ユーリ,video_view_count,jul_late_2026,0
2026-08-05,DFM,ユーリ,video_view_count,jun_early_2026,0
2026-08-05,DFM,ユーリ,video_view_count,jun_late_2026,0
2026-08-05,DFM,ユーリ,video_view_count,may_early_2026,0
2026-08-05,DFM,ユーリ,video_view_count,may_late_2026,0
2026-08-05,DFM,ユーリ,video_view_count,regular_season,0
2026-08-05,DFM,ユーリ,watch_time,aug_early_2026,3614
2026-08-05,DFM,ユーリ,watch_time,jul_early_2026,11134
2026-08-05,DFM,ユーリ,watch_time,jul_late_2026,5765
2026-08-05,DFM,ユーリ,watch_time,jun_early_2026,14677
2026-08-05,DFM,ユーリ,watch_time,jun_late_2026,18125
2026-08-05,DFM,ユーリ,watch_time,may_early_2026,8667
2026-08-05,DFM,ユーリ,watch_time,may_late_2026,11953
2026-08-05,DFM,ユーリ,watch_time,regular_season,20615
2026-08-05,DFM,ユーリ,youtube_subscribers,current,12400
2026-08-05,LVH,Era53,followers,current,12670
2026-08-05,LVH,Era53,stream_duration,apr_late_2026,52.3
2026-08-05,LVH,Era53,stream_duration,aug_early_2026,4.2
2026-08-05,LVH,Era53,stream_duration,jul_early_2026,14.2
2026-08-05,LVH,Era53,stream_duration,jul_late_2026,26.0
2026-08-05,LVH,Era53,stream_duration,jun_early_2026,52.1
2026-08-05,LVH,Era53,stream_duration,jun_late_2026,38.9
2026-08-05,LVH,Era53,stream_duration,may_early_2026,14.4
2026-08-05,LVH,Era53,stream_duration,may_late_2026,67.1
2026-08-05,LVH,Era53,stream_duration,regular_season,39.8
2026-08-05,LVH,Era53,video_upload_count,apr_late_2026,0
2026-08-05,LVH,Era53,video_upload_count,aug_early_2026,0
2026-08-05,LVH,Era53,video_upload_count,jul_early_2026,0
2026-08-05,LVH,Era53,video_upload_count,jul_late_2026,0
2026-08-05,LVH,Era53,video_upload_count,jun_early_2026,0
2026-08-05,LVH,Era53,video_upload_count,jun_late_2026,0
2026-08-05,LVH,Era53,video_upload_count,may_early_2026,0
2026-08-05,LVH,Era53,video_upload_count,may_late_2026,0
2026-08-05,LVH,Era53,video_upload_count,regular_season,0
2026-08-05,LVH,Era53,video_view_count,aug_early_2026,0
2026-08-05,LVH,Era53,video_view_count,jul_early_2026,0
2026-08-05,LVH,Era53,video_view_count,jul_late_2026,0
2026-08-05,LVH,Era53,video_view_count,jun_early_2026,0
2026-08-05,LVH,Era53,video_view_count,jun_late_2026,0
2026-08-05,LVH,Era53,video_view_count,may_early_2026,0
2026-08-05,LVH,Era53,video_view_count,may_late_2026,0
2026-08-05,LVH,Era53,video_view_count,regular_season,0
2026-08-05,LVH,Era53,watch_time,aug_early_2026,4379
2026-08-05,LVH,Era53,watch_time,jul_early_2026,23904
2026-08-05,LVH,Era53,watch_time,jul_late_2026,30525
2026-08-05,LVH,Era53,watch_time,jun_early_2026,28528
2026-08-05,LVH,Era53,watch_time,jun_late_2026,34566
2026-08-05,LVH,Era53,watch_time,may_early_2026,12339
2026-08-05,LVH,Era53,watch_time,may_late_2026,54486
2026-08-05,LVH,Era53,watch_time,regular_season,54930
2026-08-05,LVH,Era53,youtube_subscribers,current,15900
2026-08-05,LVH,Hirobosu,followers,current,2920
2026-08-05,LVH,Hirobosu,stream_duration,aug_early_2026,5.2
2026-08-05,LVH,Hirobosu,stream_duration,jul_early_2026,0.0
2026-08-05,LVH,Hirobosu,stream_duration,jul_late_2026,0.0
2026-08-05,LVH,Hirobosu,stream_duration,jun_late_2026,0.0
2026-08-05,LVH,Hirobosu,stream_duration,regular_season,5.2
2026-08-05,LVH,Hirobosu,video_upload_count,aug_early_2026,0
2026-08-05,LVH,Hirobosu,video_upload_count,jul_early_2026,0
2026-08-05,LVH,Hirobosu,video_upload_count,jul_late_2026,0
2026-08-05,LVH,Hirobosu,video_upload_count,jun_late_2026,0
2026-08-05,LVH,Hirobosu,video_upload_count,regular_season,0
2026-08-05,LVH,Hirobosu,video_view_count,aug_early_2026,0
2026-08-05,LVH,Hirobosu,video_view_count,jul_early_2026,0
2026-08-05,LVH,Hirobosu,video_view_count,jul_late_2026,0
2026-08-05,LVH,Hirobosu,video_view_count,regular_season,0
2026-08-05,LVH,Hirobosu,watch_time,aug_early_2026,948
2026-08-05,LVH,Hirobosu,watch_time,jul_early_2026,0
2026-08-05,LVH,Hirobosu,watch_time,jul_late_2026,0
2026-08-05,LVH,Hirobosu,watch_time,regular_season,948
2026-08-05,LVH,Hirobosu,youtube_subscribers,current,700
2026-08-05,LVH,rikka,followers,current,13707
2026-08-05,LVH,rikka,stream_duration,apr_late_2026,50.5
2026-08-05,LVH,rikka,stream_duration,aug_early_2026,4.5
2026-08-05,LVH,rikka,stream_duration,jul_early_2026,8.0
2026-08-05,LVH,rikka,stream_duration,jul_late_2026,19.1
2026-08-05,LVH,rikka,stream_duration,jun_early_2026,32.2
2026-08-05,LVH,rikka,stream_duration,jun_late_2026,33.0
2026-08-05,LVH,rikka,stream_duration,may_early_2026,39.5
2026-08-05,LVH,rikka,stream_duration,may_late_2026,7.5
2026-08-05,LVH,rikka,stream_duration,regular_season,23.6
2026-08-05,LVH,rikka,video_upload_count,apr_late_2026,0
2026-08-05,LVH,rikka,video_upload_count,aug_early_2026,0
2026-08-05,LVH,rikka,video_upload_count,jul_early_2026,0
2026-08-05,LVH,rikka,video_upload_count,jul_late_2026,0
2026-08-05,LVH,rikka,video_upload_count,jun_early_2026,0
2026-08-05,LVH,rikka,video_upload_count,jun_late_2026,0
2026-08-05,LVH,rikka,video_upload_count,may_early_2026,0
2026-08-05,LVH,rikka,video_upload_count,may_late_2026,0
2026-08-05,LVH,rikka,video_upload_count,regular_season,0
2026-08-05,LVH,rikka,video_view_count,aug_early_2026,0
2026-08-05,LVH,rikka,video_view_count,jul_early_2026,0
2026-08-05,LVH,rikka,video_view_count,jul_late_2026,0
2026-08-05,LVH,rikka,video_view_count,jun_early_2026,0
2026-08-05,LVH,rikka,video_view_count,jun_late_2026,0
2026-08-05,LVH,rikka,video_view_count,may_early_2026,0
2026-08-05,LVH,rikka,video_view_count,may_late_2026,0
2026-08-05,LVH,rikka,video_view_count,regular_season,0
2026-08-05,LVH,rikka,watch_time,aug_early_2026,4167
2026-08-05,LVH,rikka,watch_time,jul_early_2026,3688
2026-08-05,LVH,rikka,watch_time,jul_late_2026,18976
2026-08-05,LVH,rikka,watch_time,jun_early_2026,13078
2026-08-05,LVH,rikka,watch_time,jun_late_2026,16924
2026-08-05,LVH,rikka,watch_time,may_early_2026,28442
2026-08-05,LVH,rikka,watch_time,may_late_2026,2528
2026-08-05,LVH,rikka,watch_time,regular_season,23142
2026-08-05,LVH,rikka,youtube_subscribers,current,12600
2026-08-05,LVH,だーよね,followers,current,3201
2026-08-05,LVH,だーよね,stream_duration,apr_late_2026,5.6
2026-08-05,LVH,だーよね,stream_duration,aug_early_2026,0.0
2026-08-05,LVH,だーよね,stream_duration,jul_early_2026,4.3
2026-08-05,LVH,だーよね,stream_duration,jul_late_2026,12.0
2026-08-05,LVH,だーよね,stream_duration,jun_early_2026,11.2
2026-08-05,LVH,だーよね,stream_duration,jun_late_2026,9.2
2026-08-05,LVH,だーよね,stream_duration,may_early_2026,18.7
2026-08-05,LVH,だーよね,stream_duration,may_late_2026,17.3
2026-08-05,LVH,だーよね,stream_duration,regular_season,12.0
2026-08-05,LVH,だーよね,video_upload_count,apr_late_2026,0
2026-08-05,LVH,だーよね,video_upload_count,aug_early_2026,0
2026-08-05,LVH,だーよね,video_upload_count,jul_early_2026,0
2026-08-05,LVH,だーよね,video_upload_count,jul_late_2026,0
2026-08-05,LVH,だーよね,video_upload_count,jun_early_2026,0
2026-08-05,LVH,だーよね,video_upload_count,jun_late_2026,0
2026-08-05,LVH,だーよね,video_upload_count,may_early_2026,0
2026-08-05,LVH,だーよね,video_upload_count,may_late_2026,0
2026-08-05,LVH,だーよね,video_upload_count,regular_season,0
2026-08-05,LVH,だーよね,video_view_count,aug_early_2026,0
2026-08-05,LVH,だーよね,video_view_count,jul_early_2026,0
2026-08-05,LVH,だーよね,video_view_count,jul_late_2026,0
2026-08-05,LVH,だーよね,video_view_count,jun_early_2026,0
2026-08-05,LVH,だーよね,video_view_count,jun_late_2026,0
2026-08-05,LVH,だーよね,video_view_count,may_early_2026,0
2026-08-05,LVH,だーよね,video_view_count,may_late_2026,0
2026-08-05,LVH,だーよね,video_view_count,regular_season,0
2026-08-05,LVH,だーよね,watch_time,aug_early_2026,0
2026-08-05,LVH,だーよね,watch_time,jul_early_2026,546
2026-08-05,LVH,だーよね,watch_time,jul_late_2026,1776
2026-08-05,LVH,だーよね,watch_time,jun_early_2026,866
2026-08-05,LVH,だーよね,watch_time,jun_late_2026,1013
2026-08-05,LVH,だーよね,watch_time,may_early_2026,2621
2026-08-05,LVH,だーよね,watch_time,may_late_2026,1566
2026-08-05,LVH,だーよね,watch_time,regular_season,1776
2026-08-05,LVH,だーよね,youtube_subscribers,current,1520
2026-08-05,LVH,智念せいら,followers,current,15468
2026-08-05,LVH,智念せいら,stream_duration,aug_early_2026,0.0
2026-08-05,LVH,智念せいら,stream_duration,jul_early_2026,19.6
2026-08-05,LVH,智念せいら,stream_duration,jul_late_2026,21.5
2026-08-05,LVH,智念せいら,stream_duration,jun_late_2026,17.6
2026-08-05,LVH,智念せいら,stream_duration,regular_season,28.7
2026-08-05,LVH,智念せいら,video_upload_count,aug_early_2026,0
2026-08-05,LVH,智念せいら,video_upload_count,jul_early_2026,9
2026-08-05,LVH,智念せいら,video_upload_count,jul_late_2026,2
2026-08-05,LVH,智念せいら,video_upload_count,jun_late_2026,6
2026-08-05,LVH,智念せいら,video_upload_count,regular_season,7
2026-08-05,LVH,智念せいら,video_view_count,aug_early_2026,0
2026-08-05,LVH,智念せいら,video_view_count,jul_early_2026,617975
2026-08-05,LVH,智念せいら,video_view_count,jul_late_2026,148648
2026-08-05,LVH,智念せいら,video_view_count,regular_season,545964
2026-08-05,LVH,智念せいら,watch_time,aug_early_2026,0
2026-08-05,LVH,智念せいら,watch_time,jul_early_2026,30693
2026-08-05,LVH,智念せいら,watch_time,jul_late_2026,26610
2026-08-05,LVH,智念せいら,watch_time,regular_season,34707
2026-08-05,LVH,智念せいら,youtube_subscribers,current,60900
2026-08-05,MRG,Spicies,followers,current,32938
2026-08-05,MRG,Spicies,stream_duration,apr_late_2026,97.2
2026-08-05,MRG,Spicies,stream_duration,aug_early_2026,3.5
2026-08-05,MRG,Spicies,stream_duration,jul_early_2026,22.0
2026-08-05,MRG,Spicies,stream_duration,jul_late_2026,20.6
2026-08-05,MRG,Spicies,stream_duration,jun_early_2026,84.2
2026-08-05,MRG,Spicies,stream_duration,jun_late_2026,55.6
2026-08-05,MRG,Spicies,stream_duration,may_early_2026,40.3
2026-08-05,MRG,Spicies,stream_duration,may_late_2026,52.1
2026-08-05,MRG,Spicies,stream_duration,regular_season,33.4
2026-08-05,MRG,Spicies,video_upload_count,apr_late_2026,12
2026-08-05,MRG,Spicies,video_upload_count,aug_early_2026,0
2026-08-05,MRG,Spicies,video_upload_count,jul_early_2026,2
2026-08-05,MRG,Spicies,video_upload_count,jul_late_2026,1
2026-08-05,MRG,Spicies,video_upload_count,jun_early_2026,3
2026-08-05,MRG,Spicies,video_upload_count,jun_late_2026,4
2026-08-05,MRG,Spicies,video_upload_count,may_early_2026,6
2026-08-05,MRG,Spicies,video_upload_count,may_late_2026,5
2026-08-05,MRG,Spicies,video_upload_count,regular_season,2
2026-08-05,MRG,Spicies,video_view_count,aug_early_2026,0
2026-08-05,MRG,Spicies,video_view_count,jul_early_2026,54296
2026-08-05,MRG,Spicies,video_view_count,jul_late_2026,27377
2026-08-05,MRG,Spicies,video_view_count,jun_early_2026,44105
2026-08-05,MRG,Spicies,video_view_count,jun_late_2026,103158
2026-08-05,MRG,Spicies,video_view_count,may_early_2026,167728
2026-08-05,MRG,Spicies,video_view_count,may_late_2026,96387
2026-08-05,MRG,Spicies,video_view_count,regular_season,50607
2026-08-05,MRG,Spicies,watch_time,aug_early_2026,4942
2026-08-05,MRG,Spicies,watch_time,jul_early_2026,47762
2026-08-05,MRG,Spicies,watch_time,jul_late_2026,28397
2026-08-05,MRG,Spicies,watch_time,jun_early_2026,105722
2026-08-05,MRG,Spicies,watch_time,jun_late_2026,122304
2026-08-05,MRG,Spicies,watch_time,may_early_2026,99977
2026-08-05,MRG,Spicies,watch_time,may_late_2026,89154
2026-08-05,MRG,Spicies,watch_time,regular_season,56154
2026-08-05,MRG,Spicies,youtube_subscribers,current,42100
2026-08-05,MRG,Toby,followers,current,18890
2026-08-05,MRG,Toby,stream_duration,apr_late_2026,39.2
2026-08-05,MRG,Toby,stream_duration,aug_early_2026,1.0
2026-08-05,MRG,Toby,stream_duration,jul_early_2026,12.6
2026-08-05,MRG,Toby,stream_duration,jul_late_2026,2.4
2026-08-05,MRG,Toby,stream_duration,jun_early_2026,6.3
2026-08-05,MRG,Toby,stream_duration,jun_late_2026,32.7
2026-08-05,MRG,Toby,stream_duration,may_early_2026,18.5
2026-08-05,MRG,Toby,stream_duration,may_late_2026,25.8
2026-08-05,MRG,Toby,stream_duration,regular_season,8.3
2026-08-05,MRG,Toby,video_upload_count,apr_late_2026,0
2026-08-05,MRG,Toby,video_upload_count,aug_early_2026,0
2026-08-05,MRG,Toby,video_upload_count,jul_early_2026,0
2026-08-05,MRG,Toby,video_upload_count,jul_late_2026,0
2026-08-05,MRG,Toby,video_upload_count,jun_early_2026,0
2026-08-05,MRG,Toby,video_upload_count,jun_late_2026,2
2026-08-05,MRG,Toby,video_upload_count,may_early_2026,0
2026-08-05,MRG,Toby,video_upload_count,may_late_2026,0
2026-08-05,MRG,Toby,video_upload_count,regular_season,0
2026-08-05,MRG,Toby,video_view_count,aug_early_2026,0
2026-08-05,MRG,Toby,video_view_count,jul_early_2026,0
2026-08-05,MRG,Toby,video_view_count,jul_late_2026,0
2026-08-05,MRG,Toby,video_view_count,jun_early_2026,0
2026-08-05,MRG,Toby,video_view_count,jun_late_2026,14358
2026-08-05,MRG,Toby,video_view_count,may_early_2026,0
2026-08-05,MRG,Toby,video_view_count,may_late_2026,0
2026-08-05,MRG,Toby,video_view_count,regular_season,0
2026-08-05,MRG,Toby,watch_time,aug_early_2026,2865
2026-08-05,MRG,Toby,watch_time,jul_early_2026,19385
2026-08-05,MRG,Toby,watch_time,jul_late_2026,3958
2026-08-05,MRG,Toby,watch_time,jun_early_2026,4704
2026-08-05,MRG,Toby,watch_time,jun_late_2026,66426
2026-08-05,MRG,Toby,watch_time,may_early_2026,28670
2026-08-05,MRG,Toby,watch_time,may_late_2026,19931
2026-08-05,MRG,Toby,watch_time,regular_season,13058
2026-08-05,MRG,Toby,youtube_subscribers,current,16800
2026-08-05,MRG,glory,followers,current,14959
2026-08-05,MRG,glory,stream_duration,apr_late_2026,82.8
2026-08-05,MRG,glory,stream_duration,aug_early_2026,6.9
2026-08-05,MRG,glory,stream_duration,jul_early_2026,33.2
2026-08-05,MRG,glory,stream_duration,jul_late_2026,28.6
2026-08-05,MRG,glory,stream_duration,jun_early_2026,64.5
2026-08-05,MRG,glory,stream_duration,jun_late_2026,61.2
2026-08-05,MRG,glory,stream_duration,may_early_2026,48.3
2026-08-05,MRG,glory,stream_duration,may_late_2026,82.8
2026-08-05,MRG,glory,stream_duration,regular_season,50.6
2026-08-05,MRG,glory,video_upload_count,apr_late_2026,0
2026-08-05,MRG,glory,video_upload_count,aug_early_2026,0
2026-08-05,MRG,glory,video_upload_count,jul_early_2026,0
2026-08-05,MRG,glory,video_upload_count,jul_late_2026,0
2026-08-05,MRG,glory,video_upload_count,jun_early_2026,0
2026-08-05,MRG,glory,video_upload_count,jun_late_2026,0
2026-08-05,MRG,glory,video_upload_count,may_early_2026,0
2026-08-05,MRG,glory,video_upload_count,may_late_2026,0
2026-08-05,MRG,glory,video_upload_count,regular_season,0
2026-08-05,MRG,glory,video_view_count,aug_early_2026,0
2026-08-05,MRG,glory,video_view_count,jul_early_2026,0
2026-08-05,MRG,glory,video_view_count,jul_late_2026,0
2026-08-05,MRG,glory,video_view_count,jun_early_2026,0
2026-08-05,MRG,glory,video_view_count,jun_late_2026,0
2026-08-05,MRG,glory,video_view_count,may_early_2026,0
2026-08-05,MRG,glory,video_view_count,may_late_2026,0
2026-08-05,MRG,glory,video_view_count,regular_season,0
2026-08-05,MRG,glory,watch_time,aug_early_2026,10106
2026-08-05,MRG,glory,watch_time,jul_early_2026,28636
2026-08-05,MRG,glory,watch_time,jul_late_2026,31369
2026-08-05,MRG,glory,watch_time,jun_early_2026,23062
2026-08-05,MRG,glory,watch_time,jun_late_2026,29182
2026-08-05,MRG,glory,watch_time,may_early_2026,28275
2026-08-05,MRG,glory,watch_time,may_late_2026,42240
2026-08-05,MRG,glory,watch_time,regular_season,55152
2026-08-05,MRG,glory,youtube_subscribers,current,8090
2026-08-05,MRG,もっちゃま,followers,current,10033
2026-08-05,MRG,もっちゃま,stream_duration,aug_early_2026,10.1
2026-08-05,MRG,もっちゃま,stream_duration,jul_early_2026,82.5
2026-08-05,MRG,もっちゃま,stream_duration,jul_late_2026,67.4
2026-08-05,MRG,もっちゃま,stream_duration,jun_late_2026,40.9
2026-08-05,MRG,もっちゃま,stream_duration,regular_season,91.1
2026-08-05,MRG,もっちゃま,video_upload_count,aug_early_2026,0
2026-08-05,MRG,もっちゃま,video_upload_count,jul_early_2026,0
2026-08-05,MRG,もっちゃま,video_upload_count,jul_late_2026,0
2026-08-05,MRG,もっちゃま,video_upload_count,jun_late_2026,0
2026-08-05,MRG,もっちゃま,video_upload_count,regular_season,0
2026-08-05,MRG,もっちゃま,video_view_count,aug_early_2026,0
2026-08-05,MRG,もっちゃま,video_view_count,jul_early_2026,0
2026-08-05,MRG,もっちゃま,video_view_count,jul_late_2026,0
2026-08-05,MRG,もっちゃま,video_view_count,regular_season,0
2026-08-05,MRG,もっちゃま,watch_time,aug_early_2026,16360
2026-08-05,MRG,もっちゃま,watch_time,jul_early_2026,116677
2026-08-05,MRG,もっちゃま,watch_time,jul_late_2026,102904
2026-08-05,MRG,もっちゃま,watch_time,regular_season,142310
2026-08-05,MRG,もっちゃま,youtube_subscribers,current,18200
2026-08-05,MRG,マイト,followers,current,11478
2026-08-05,MRG,マイト,stream_duration,apr_late_2026,90.4
2026-08-05,MRG,マイト,stream_duration,aug_early_2026,3.7
2026-08-05,MRG,マイト,stream_duration,jul_early_2026,22.0
2026-08-05,MRG,マイト,stream_duration,jul_late_2026,9.9
2026-08-05,MRG,マイト,stream_duration,jun_early_2026,54.9
2026-08-05,MRG,マイト,stream_duration,jun_late_2026,51.3
2026-08-05,MRG,マイト,stream_duration,may_early_2026,49.9
2026-08-05,MRG,マイト,stream_duration,may_late_2026,60.4
2026-08-05,MRG,マイト,stream_duration,regular_season,15.5
2026-08-05,MRG,マイト,video_upload_count,apr_late_2026,1
2026-08-05,MRG,マイト,video_upload_count,aug_early_2026,1
2026-08-05,MRG,マイト,video_upload_count,jul_early_2026,3
2026-08-05,MRG,マイト,video_upload_count,jul_late_2026,3
2026-08-05,MRG,マイト,video_upload_count,jun_early_2026,0
2026-08-05,MRG,マイト,video_upload_count,jun_late_2026,4
2026-08-05,MRG,マイト,video_upload_count,may_early_2026,0
2026-08-05,MRG,マイト,video_upload_count,may_late_2026,0
2026-08-05,MRG,マイト,video_upload_count,regular_season,4
2026-08-05,MRG,マイト,video_view_count,aug_early_2026,0
2026-08-05,MRG,マイト,video_view_count,jul_early_2026,50094
2026-08-05,MRG,マイト,video_view_count,jul_late_2026,42932
2026-08-05,MRG,マイト,video_view_count,jun_early_2026,0
2026-08-05,MRG,マイト,video_view_count,jun_late_2026,52957
2026-08-05,MRG,マイト,video_view_count,may_early_2026,0
2026-08-05,MRG,マイト,video_view_count,may_late_2026,0
2026-08-05,MRG,マイト,video_view_count,regular_season,42932
2026-08-05,MRG,マイト,watch_time,aug_early_2026,4064
2026-08-05,MRG,マイト,watch_time,jul_early_2026,34758
2026-08-05,MRG,マイト,watch_time,jul_late_2026,9407
2026-08-05,MRG,マイト,watch_time,jun_early_2026,58593
2026-08-05,MRG,マイト,watch_time,jun_late_2026,66965
2026-08-05,MRG,マイト,watch_time,may_early_2026,73329
2026-08-05,MRG,マイト,watch_time,may_late_2026,80542
2026-08-05,MRG,マイト,watch_time,regular_season,15444
2026-08-05,MRG,マイト,youtube_subscribers,current,35900
2026-08-05,RC,あぐのむ,followers,current,27318
2026-08-05,RC,あぐのむ,stream_duration,apr_late_2026,12.7
2026-08-05,RC,あぐのむ,stream_duration,aug_early_2026,0.0
2026-08-05,RC,あぐのむ,stream_duration,jul_early_2026,7.4
2026-08-05,RC,あぐのむ,stream_duration,jul_late_2026,1.4
2026-08-05,RC,あぐのむ,stream_duration,jun_early_2026,18.5
2026-08-05,RC,あぐのむ,stream_duration,jun_late_2026,6.1
2026-08-05,RC,あぐのむ,stream_duration,may_early_2026,12.4
2026-08-05,RC,あぐのむ,stream_duration,may_late_2026,0.9
2026-08-05,RC,あぐのむ,stream_duration,regular_season,8.8
2026-08-05,RC,あぐのむ,video_upload_count,apr_late_2026,2
2026-08-05,RC,あぐのむ,video_upload_count,aug_early_2026,1
2026-08-05,RC,あぐのむ,video_upload_count,jul_early_2026,1
2026-08-05,RC,あぐのむ,video_upload_count,jul_late_2026,0
2026-08-05,RC,あぐのむ,video_upload_count,jun_early_2026,0
2026-08-05,RC,あぐのむ,video_upload_count,jun_late_2026,3
2026-08-05,RC,あぐのむ,video_upload_count,may_early_2026,2
2026-08-05,RC,あぐのむ,video_upload_count,may_late_2026,0
2026-08-05,RC,あぐのむ,video_upload_count,regular_season,1
2026-08-05,RC,あぐのむ,video_view_count,aug_early_2026,0
2026-08-05,RC,あぐのむ,video_view_count,jul_early_2026,17335
2026-08-05,RC,あぐのむ,video_view_count,jul_late_2026,0
2026-08-05,RC,あぐのむ,video_view_count,jun_early_2026,0
2026-08-05,RC,あぐのむ,video_view_count,jun_late_2026,52049
2026-08-05,RC,あぐのむ,video_view_count,may_early_2026,20087
2026-08-05,RC,あぐのむ,video_view_count,may_late_2026,0
2026-08-05,RC,あぐのむ,video_view_count,regular_season,0
2026-08-05,RC,あぐのむ,watch_time,aug_early_2026,0
2026-08-05,RC,あぐのむ,watch_time,jul_early_2026,4303
2026-08-05,RC,あぐのむ,watch_time,jul_late_2026,1014
2026-08-05,RC,あぐのむ,watch_time,jun_early_2026,3773
2026-08-05,RC,あぐのむ,watch_time,jun_late_2026,1718
2026-08-05,RC,あぐのむ,watch_time,may_early_2026,7048
2026-08-05,RC,あぐのむ,watch_time,may_late_2026,45
2026-08-05,RC,あぐのむ,watch_time,regular_season,5311
2026-08-05,RC,あぐのむ,youtube_subscribers,current,35400
2026-08-05,RC,たばた,followers,current,11338
2026-08-05,RC,たばた,stream_duration,apr_late_2026,3.1
2026-08-05,RC,たばた,stream_duration,aug_early_2026,1.9
2026-08-05,RC,たばた,stream_duration,jul_early_2026,9.6
2026-08-05,RC,たばた,stream_duration,jul_late_2026,8.3
2026-08-05,RC,たばた,stream_duration,jun_early_2026,49.8
2026-08-05,RC,たばた,stream_duration,jun_late_2026,19.5
2026-08-05,RC,たばた,stream_duration,may_early_2026,4.0
2026-08-05,RC,たばた,stream_duration,may_late_2026,4.6
2026-08-05,RC,たばた,stream_duration,regular_season,11.4
2026-08-05,RC,たばた,video_upload_count,apr_late_2026,0
2026-08-05,RC,たばた,video_upload_count,aug_early_2026,0
2026-08-05,RC,たばた,video_upload_count,jul_early_2026,0
2026-08-05,RC,たばた,video_upload_count,jul_late_2026,3
2026-08-05,RC,たばた,video_upload_count,jun_early_2026,1
2026-08-05,RC,たばた,video_upload_count,jun_late_2026,2
2026-08-05,RC,たばた,video_upload_count,may_early_2026,0
2026-08-05,RC,たばた,video_upload_count,may_late_2026,1
2026-08-05,RC,たばた,video_upload_count,regular_season,3
2026-08-05,RC,たばた,video_view_count,aug_early_2026,0
2026-08-05,RC,たばた,video_view_count,jul_early_2026,0
2026-08-05,RC,たばた,video_view_count,jul_late_2026,28883
2026-08-05,RC,たばた,video_view_count,jun_early_2026,2922
2026-08-05,RC,たばた,video_view_count,jun_late_2026,7648
2026-08-05,RC,たばた,video_view_count,may_early_2026,0
2026-08-05,RC,たばた,video_view_count,may_late_2026,3273
2026-08-05,RC,たばた,video_view_count,regular_season,28883
2026-08-05,RC,たばた,watch_time,aug_early_2026,825
2026-08-05,RC,たばた,watch_time,jul_early_2026,982
2026-08-05,RC,たばた,watch_time,jul_late_2026,2352
2026-08-05,RC,たばた,watch_time,jun_early_2026,3924
2026-08-05,RC,たばた,watch_time,jun_late_2026,1715
2026-08-05,RC,たばた,watch_time,may_early_2026,75
2026-08-05,RC,たばた,watch_time,may_late_2026,101
2026-08-05,RC,たばた,watch_time,regular_season,3422
2026-08-05,RC,たばた,youtube_subscribers,current,4030
2026-08-05,RC,つきあかめん,followers,current,3664
2026-08-05,RC,つきあかめん,stream_duration,aug_early_2026,12.5
2026-08-05,RC,つきあかめん,stream_duration,jul_early_2026,43.3
2026-08-05,RC,つきあかめん,stream_duration,jul_late_2026,41.4
2026-08-05,RC,つきあかめん,stream_duration,jun_late_2026,41.7
2026-08-05,RC,つきあかめん,stream_duration,regular_season,65.6
2026-08-05,RC,つきあかめん,video_upload_count,aug_early_2026,0
2026-08-05,RC,つきあかめん,video_upload_count,jul_early_2026,3
2026-08-05,RC,つきあかめん,video_upload_count,jul_late_2026,1
2026-08-05,RC,つきあかめん,video_upload_count,jun_late_2026,1
2026-08-05,RC,つきあかめん,video_upload_count,regular_season,1
2026-08-05,RC,つきあかめん,video_view_count,aug_early_2026,0
2026-08-05,RC,つきあかめん,video_view_count,jul_early_2026,34698
2026-08-05,RC,つきあかめん,video_view_count,jul_late_2026,6154
2026-08-05,RC,つきあかめん,video_view_count,regular_season,6154
2026-08-05,RC,つきあかめん,watch_time,aug_early_2026,4710
2026-08-05,RC,つきあかめん,watch_time,jul_early_2026,17481
2026-08-05,RC,つきあかめん,watch_time,jul_late_2026,14723
2026-08-05,RC,つきあかめん,watch_time,regular_season,25373
2026-08-05,RC,つきあかめん,youtube_subscribers,current,7060
2026-08-05,RC,ぱらちゃん,followers,current,34713
2026-08-05,RC,ぱらちゃん,stream_duration,apr_late_2026,54.1
2026-08-05,RC,ぱらちゃん,stream_duration,aug_early_2026,5.4
2026-08-05,RC,ぱらちゃん,stream_duration,jul_early_2026,37.5
2026-08-05,RC,ぱらちゃん,stream_duration,jul_late_2026,33.0
2026-08-05,RC,ぱらちゃん,stream_duration,jun_early_2026,20.4
2026-08-05,RC,ぱらちゃん,stream_duration,jun_late_2026,35.2
2026-08-05,RC,ぱらちゃん,stream_duration,may_early_2026,37.5
2026-08-05,RC,ぱらちゃん,stream_duration,may_late_2026,48.8
2026-08-05,RC,ぱらちゃん,stream_duration,regular_season,50.4
2026-08-05,RC,ぱらちゃん,video_upload_count,apr_late_2026,2
2026-08-05,RC,ぱらちゃん,video_upload_count,aug_early_2026,0
2026-08-05,RC,ぱらちゃん,video_upload_count,jul_early_2026,0
2026-08-05,RC,ぱらちゃん,video_upload_count,jul_late_2026,0
2026-08-05,RC,ぱらちゃん,video_upload_count,jun_early_2026,1
2026-08-05,RC,ぱらちゃん,video_upload_count,jun_late_2026,1
2026-08-05,RC,ぱらちゃん,video_upload_count,may_early_2026,9
2026-08-05,RC,ぱらちゃん,video_upload_count,may_late_2026,4
2026-08-05,RC,ぱらちゃん,video_upload_count,regular_season,0
2026-08-05,RC,ぱらちゃん,video_view_count,aug_early_2026,0
2026-08-05,RC,ぱらちゃん,video_view_count,jul_early_2026,0
2026-08-05,RC,ぱらちゃん,video_view_count,jul_late_2026,0
2026-08-05,RC,ぱらちゃん,video_view_count,jun_early_2026,16237
2026-08-05,RC,ぱらちゃん,video_view_count,jun_late_2026,27561
2026-08-05,RC,ぱらちゃん,video_view_count,may_early_2026,159462
2026-08-05,RC,ぱらちゃん,video_view_count,may_late_2026,76393
2026-08-05,RC,ぱらちゃん,video_view_count,regular_season,0
2026-08-05,RC,ぱらちゃん,watch_time,aug_early_2026,5011
2026-08-05,RC,ぱらちゃん,watch_time,jul_early_2026,47653
2026-08-05,RC,ぱらちゃん,watch_time,jul_late_2026,28629
2026-08-05,RC,ぱらちゃん,watch_time,jun_early_2026,14828
2026-08-05,RC,ぱらちゃん,watch_time,jun_late_2026,41002
2026-08-05,RC,ぱらちゃん,watch_time,may_early_2026,54871
2026-08-05,RC,ぱらちゃん,watch_time,may_late_2026,47272
2026-08-05,RC,ぱらちゃん,watch_time,regular_season,45912
2026-08-05,RC,ぱらちゃん,youtube_subscribers,current,45599
2026-08-05,RC,拓海,followers,current,10264
2026-08-05,RC,拓海,stream_duration,apr_late_2026,26.1
2026-08-05,RC,拓海,stream_duration,aug_early_2026,5.6
2026-08-05,RC,拓海,stream_duration,jul_early_2026,30.3
2026-08-05,RC,拓海,stream_duration,jul_late_2026,40.2
2026-08-05,RC,拓海,stream_duration,jun_early_2026,0.0
2026-08-05,RC,拓海,stream_duration,jun_late_2026,55.1
2026-08-05,RC,拓海,stream_duration,may_early_2026,33.3
2026-08-05,RC,拓海,stream_duration,may_late_2026,14.7
2026-08-05,RC,拓海,stream_duration,regular_season,53.1
2026-08-05,RC,拓海,video_upload_count,apr_late_2026,0
2026-08-05,RC,拓海,video_upload_count,aug_early_2026,0
2026-08-05,RC,拓海,video_upload_count,jul_early_2026,1
2026-08-05,RC,拓海,video_upload_count,jul_late_2026,0
2026-08-05,RC,拓海,video_upload_count,jun_early_2026,2
2026-08-05,RC,拓海,video_upload_count,jun_late_2026,1
2026-08-05,RC,拓海,video_upload_count,may_early_2026,0
2026-08-05,RC,拓海,video_upload_count,may_late_2026,0
2026-08-05,RC,拓海,video_upload_count,regular_season,0
2026-08-05,RC,拓海,video_view_count,aug_early_2026,0
2026-08-05,RC,拓海,video_view_count,jul_early_2026,6767
2026-08-05,RC,拓海,video_view_count,jul_late_2026,0
2026-08-05,RC,拓海,video_view_count,jun_early_2026,32895
2026-08-05,RC,拓海,video_view_count,jun_late_2026,5275
2026-08-05,RC,拓海,video_view_count,may_early_2026,0
2026-08-05,RC,拓海,video_view_count,may_late_2026,0
2026-08-05,RC,拓海,video_view_count,regular_season,0
2026-08-05,RC,拓海,watch_time,aug_early_2026,1472
2026-08-05,RC,拓海,watch_time,jul_early_2026,5850
2026-08-05,RC,拓海,watch_time,jul_late_2026,8922
2026-08-05,RC,拓海,watch_time,jun_early_2026,0
2026-08-05,RC,拓海,watch_time,jun_late_2026,5019
2026-08-05,RC,拓海,watch_time,may_early_2026,2915
2026-08-05,RC,拓海,watch_time,may_late_2026,978
2026-08-05,RC,拓海,watch_time,regular_season,11521
2026-08-05,RC,拓海,youtube_subscribers,current,5570
2026-08-05,RDL,Chappy,followers,current,2571
2026-08-05,RDL,Chappy,stream_duration,aug_early_2026,7.3
2026-08-05,RDL,Chappy,stream_duration,jul_early_2026,78.2
2026-08-05,RDL,Chappy,stream_duration,jul_late_2026,32.0
2026-08-05,RDL,Chappy,stream_duration,jun_late_2026,93.0
2026-08-05,RDL,Chappy,stream_duration,regular_season,53.6
2026-08-05,RDL,Chappy,video_upload_count,aug_early_2026,0
2026-08-05,RDL,Chappy,video_upload_count,jul_early_2026,0
2026-08-05,RDL,Chappy,video_upload_count,jul_late_2026,0
2026-08-05,RDL,Chappy,video_upload_count,jun_late_2026,0
2026-08-05,RDL,Chappy,video_upload_count,regular_season,0
2026-08-05,RDL,Chappy,video_view_count,aug_early_2026,0
2026-08-05,RDL,Chappy,video_view_count,jul_early_2026,0
2026-08-05,RDL,Chappy,video_view_count,jul_late_2026,0
2026-08-05,RDL,Chappy,video_view_count,regular_season,0
2026-08-05,RDL,Chappy,watch_time,aug_early_2026,403
2026-08-05,RDL,Chappy,watch_time,jul_early_2026,11737
2026-08-05,RDL,Chappy,watch_time,jul_late_2026,3388
2026-08-05,RDL,Chappy,watch_time,regular_season,5718
2026-08-05,RDL,Stylish_deko,followers,current,1641
2026-08-05,RDL,Stylish_deko,stream_duration,aug_early_2026,11.7
2026-08-05,RDL,Stylish_deko,stream_duration,jul_early_2026,29.9
2026-08-05,RDL,Stylish_deko,stream_duration,jul_late_2026,18.1
2026-08-05,RDL,Stylish_deko,stream_duration,jun_late_2026,39.0
2026-08-05,RDL,Stylish_deko,stream_duration,regular_season,34.8
2026-08-05,RDL,Stylish_deko,video_upload_count,aug_early_2026,0
2026-08-05,RDL,Stylish_deko,video_upload_count,jul_early_2026,1
2026-08-05,RDL,Stylish_deko,video_upload_count,jul_late_2026,0
2026-08-05,RDL,Stylish_deko,video_upload_count,jun_late_2026,2
2026-08-05,RDL,Stylish_deko,video_upload_count,regular_season,0
2026-08-05,RDL,Stylish_deko,video_view_count,aug_early_2026,0
2026-08-05,RDL,Stylish_deko,video_view_count,jul_early_2026,932
2026-08-05,RDL,Stylish_deko,video_view_count,jul_late_2026,0
2026-08-05,RDL,Stylish_deko,video_view_count,regular_season,0
2026-08-05,RDL,Stylish_deko,watch_time,aug_early_2026,1275
2026-08-05,RDL,Stylish_deko,watch_time,jul_early_2026,1858
2026-08-05,RDL,Stylish_deko,watch_time,jul_late_2026,1190
2026-08-05,RDL,Stylish_deko,watch_time,regular_season,2624
2026-08-05,RDL,Stylish_deko,youtube_subscribers,current,541
2026-08-05,RDL,ぱんさく,followers,current,1137
2026-08-05,RDL,ぱんさく,stream_duration,aug_early_2026,0.0
2026-08-05,RDL,ぱんさく,stream_duration,jul_early_2026,5.5
2026-08-05,RDL,ぱんさく,stream_duration,jul_late_2026,1.1
2026-08-05,RDL,ぱんさく,stream_duration,jun_late_2026,15.8
2026-08-05,RDL,ぱんさく,stream_duration,regular_season,2.9
2026-08-05,RDL,ぱんさく,video_upload_count,aug_early_2026,0
2026-08-05,RDL,ぱんさく,video_upload_count,jul_early_2026,0
2026-08-05,RDL,ぱんさく,video_upload_count,jul_late_2026,0
2026-08-05,RDL,ぱんさく,video_upload_count,jun_late_2026,0
2026-08-05,RDL,ぱんさく,video_upload_count,regular_season,0
2026-08-05,RDL,ぱんさく,video_view_count,aug_early_2026,0
2026-08-05,RDL,ぱんさく,video_view_count,jul_early_2026,0
2026-08-05,RDL,ぱんさく,video_view_count,jul_late_2026,0
2026-08-05,RDL,ぱんさく,video_view_count,regular_season,0
2026-08-05,RDL,ぱんさく,watch_time,aug_early_2026,0
2026-08-05,RDL,ぱんさく,watch_time,jul_early_2026,79
2026-08-05,RDL,ぱんさく,watch_time,jul_late_2026,13
2026-08-05,RDL,ぱんさく,watch_time,regular_season,50
2026-08-05,RDL,ぱんさく,youtube_subscribers,current,205
2026-08-05,RDL,山田レクイエム,followers,current,2085
2026-08-05,RDL,山田レクイエム,stream_duration,aug_early_2026,0.0
2026-08-05,RDL,山田レクイエム,stream_duration,jul_early_2026,0.0
2026-08-05,RDL,山田レクイエム,stream_duration,jul_late_2026,0.0
2026-08-05,RDL,山田レクイエム,stream_duration,jun_late_2026,15.4
2026-08-05,RDL,山田レクイエム,stream_duration,regular_season,0.0
2026-08-05,RDL,山田レクイエム,video_upload_count,aug_early_2026,0
2026-08-05,RDL,山田レクイエム,video_upload_count,jul_early_2026,0
2026-08-05,RDL,山田レクイエム,video_upload_count,jul_late_2026,0
2026-08-05,RDL,山田レクイエム,video_upload_count,jun_late_2026,0
2026-08-05,RDL,山田レクイエム,video_upload_count,regular_season,0
2026-08-05,RDL,山田レクイエム,video_view_count,aug_early_2026,0
2026-08-05,RDL,山田レクイエム,video_view_count,jul_early_2026,0
2026-08-05,RDL,山田レクイエム,video_view_count,jul_late_2026,0
2026-08-05,RDL,山田レクイエム,video_view_count,regular_season,0
2026-08-05,RDL,山田レクイエム,watch_time,aug_early_2026,0
2026-08-05,RDL,山田レクイエム,watch_time,jul_early_2026,0
2026-08-05,RDL,山田レクイエム,watch_time,jul_late_2026,0
2026-08-05,RDL,山田レクイエム,watch_time,regular_season,0
2026-08-05,RDL,山田レクイエム,youtube_subscribers,current,305
2026-08-05,RDL,折り紙,followers,current,5122
2026-08-05,RDL,折り紙,stream_duration,apr_late_2026,74.4
2026-08-05,RDL,折り紙,stream_duration,aug_early_2026,5.1
2026-08-05,RDL,折り紙,stream_duration,jul_early_2026,25.6
2026-08-05,RDL,折り紙,stream_duration,jul_late_2026,10.4
2026-08-05,RDL,折り紙,stream_duration,jun_early_2026,47.1
2026-08-05,RDL,折り紙,stream_duration,jun_late_2026,33.0
2026-08-05,RDL,折り紙,stream_duration,may_early_2026,50.5
2026-08-05,RDL,折り紙,stream_duration,may_late_2026,54.7
2026-08-05,RDL,折り紙,stream_duration,regular_season,22.6
2026-08-05,RDL,折り紙,video_upload_count,apr_late_2026,5
2026-08-05,RDL,折り紙,video_upload_count,aug_early_2026,0
2026-08-05,RDL,折り紙,video_upload_count,jul_early_2026,3
2026-08-05,RDL,折り紙,video_upload_count,jul_late_2026,0
2026-08-05,RDL,折り紙,video_upload_count,jun_early_2026,3
2026-08-05,RDL,折り紙,video_upload_count,jun_late_2026,3
2026-08-05,RDL,折り紙,video_upload_count,may_early_2026,3
2026-08-05,RDL,折り紙,video_upload_count,may_late_2026,5
2026-08-05,RDL,折り紙,video_upload_count,regular_season,0
2026-08-05,RDL,折り紙,video_view_count,aug_early_2026,0
2026-08-05,RDL,折り紙,video_view_count,jul_early_2026,59767
2026-08-05,RDL,折り紙,video_view_count,jul_late_2026,0
2026-08-05,RDL,折り紙,video_view_count,jun_early_2026,43730
2026-08-05,RDL,折り紙,video_view_count,jun_late_2026,88530
2026-08-05,RDL,折り紙,video_view_count,may_early_2026,107876
2026-08-05,RDL,折り紙,video_view_count,may_late_2026,66564
2026-08-05,RDL,折り紙,video_view_count,regular_season,0
2026-08-05,RDL,折り紙,watch_time,aug_early_2026,675
2026-08-05,RDL,折り紙,watch_time,jul_early_2026,6628
2026-08-05,RDL,折り紙,watch_time,jul_late_2026,751
2026-08-05,RDL,折り紙,watch_time,jun_early_2026,5895
2026-08-05,RDL,折り紙,watch_time,jun_late_2026,4608
2026-08-05,RDL,折り紙,watch_time,may_early_2026,7528
2026-08-05,RDL,折り紙,watch_time,may_late_2026,9118
2026-08-05,RDL,折り紙,watch_time,regular_season,2772
2026-08-05,RDL,折り紙,youtube_subscribers,current,14300
2026-08-05,VRL,Mishadow51,followers,current,2969
2026-08-05,VRL,Mishadow51,stream_duration,apr_late_2026,0.0
2026-08-05,VRL,Mishadow51,stream_duration,aug_early_2026,0.0
2026-08-05,VRL,Mishadow51,stream_duration,jul_early_2026,0.0
2026-08-05,VRL,Mishadow51,stream_duration,jul_late_2026,0.0
2026-08-05,VRL,Mishadow51,stream_duration,jun_early_2026,0.0
2026-08-05,VRL,Mishadow51,stream_duration,jun_late_2026,0.0
2026-08-05,VRL,Mishadow51,stream_duration,may_early_2026,0.0
2026-08-05,VRL,Mishadow51,stream_duration,may_late_2026,0.0
2026-08-05,VRL,Mishadow51,stream_duration,regular_season,0.0
2026-08-05,VRL,Mishadow51,video_upload_count,apr_late_2026,0
2026-08-05,VRL,Mishadow51,video_upload_count,aug_early_2026,0
2026-08-05,VRL,Mishadow51,video_upload_count,jul_early_2026,0
2026-08-05,VRL,Mishadow51,video_upload_count,jul_late_2026,0
2026-08-05,VRL,Mishadow51,video_upload_count,jun_early_2026,0
2026-08-05,VRL,Mishadow51,video_upload_count,jun_late_2026,0
2026-08-05,VRL,Mishadow51,video_upload_count,may_early_2026,0
2026-08-05,VRL,Mishadow51,video_upload_count,may_late_2026,0
2026-08-05,VRL,Mishadow51,video_upload_count,regular_season,0
2026-08-05,VRL,Mishadow51,video_view_count,aug_early_2026,0
2026-08-05,VRL,Mishadow51,video_view_count,jul_early_2026,0
2026-08-05,VRL,Mishadow51,video_view_count,jul_late_2026,0
2026-08-05,VRL,Mishadow51,video_view_count,jun_early_2026,0
2026-08-05,VRL,Mishadow51,video_view_count,jun_late_2026,0
2026-08-05,VRL,Mishadow51,video_view_count,may_early_2026,0
2026-08-05,VRL,Mishadow51,video_view_count,may_late_2026,0
2026-08-05,VRL,Mishadow51,video_view_count,regular_season,0
2026-08-05,VRL,Mishadow51,watch_time,aug_early_2026,0
2026-08-05,VRL,Mishadow51,watch_time,jul_early_2026,0
2026-08-05,VRL,Mishadow51,watch_time,jul_late_2026,0
2026-08-05,VRL,Mishadow51,watch_time,jun_early_2026,0
2026-08-05,VRL,Mishadow51,watch_time,jun_late_2026,0
2026-08-05,VRL,Mishadow51,watch_time,may_early_2026,0
2026-08-05,VRL,Mishadow51,watch_time,may_late_2026,0
2026-08-05,VRL,Mishadow51,watch_time,regular_season,0
2026-08-05,VRL,Mishadow51,youtube_subscribers,current,29
2026-08-05,VRL,Terarina,followers,current,3799
2026-08-05,VRL,Terarina,stream_duration,apr_late_2026,4.0
2026-08-05,VRL,Terarina,stream_duration,aug_early_2026,0.9
2026-08-05,VRL,Terarina,stream_duration,jul_early_2026,0.2
2026-08-05,VRL,Terarina,stream_duration,jul_late_2026,9.1
2026-08-05,VRL,Terarina,stream_duration,jun_early_2026,16.0
2026-08-05,VRL,Terarina,stream_duration,jun_late_2026,4.2
2026-08-05,VRL,Terarina,stream_duration,may_early_2026,5.1
2026-08-05,VRL,Terarina,stream_duration,may_late_2026,5.9
2026-08-05,VRL,Terarina,stream_duration,regular_season,10.0
2026-08-05,VRL,Terarina,video_upload_count,apr_late_2026,0
2026-08-05,VRL,Terarina,video_upload_count,aug_early_2026,0
2026-08-05,VRL,Terarina,video_upload_count,jul_early_2026,0
2026-08-05,VRL,Terarina,video_upload_count,jul_late_2026,0
2026-08-05,VRL,Terarina,video_upload_count,jun_early_2026,0
2026-08-05,VRL,Terarina,video_upload_count,jun_late_2026,0
2026-08-05,VRL,Terarina,video_upload_count,may_early_2026,0
2026-08-05,VRL,Terarina,video_upload_count,may_late_2026,0
2026-08-05,VRL,Terarina,video_upload_count,regular_season,0
2026-08-05,VRL,Terarina,video_view_count,aug_early_2026,0
2026-08-05,VRL,Terarina,video_view_count,jul_early_2026,0
2026-08-05,VRL,Terarina,video_view_count,jul_late_2026,0
2026-08-05,VRL,Terarina,video_view_count,jun_early_2026,0
2026-08-05,VRL,Terarina,video_view_count,jun_late_2026,0
2026-08-05,VRL,Terarina,video_view_count,may_early_2026,0
2026-08-05,VRL,Terarina,video_view_count,may_late_2026,0
2026-08-05,VRL,Terarina,video_view_count,regular_season,0
2026-08-05,VRL,Terarina,watch_time,aug_early_2026,4
2026-08-05,VRL,Terarina,watch_time,jul_early_2026,3
2026-08-05,VRL,Terarina,watch_time,jul_late_2026,65
2026-08-05,VRL,Terarina,watch_time,jun_early_2026,2920
2026-08-05,VRL,Terarina,watch_time,jun_late_2026,193
2026-08-05,VRL,Terarina,watch_time,may_early_2026,387
2026-08-05,VRL,Terarina,watch_time,may_late_2026,381
2026-08-05,VRL,Terarina,watch_time,regular_season,70
2026-08-05,VRL,Terarina,youtube_subscribers,current,1770
2026-08-05,VRL,monakawan,followers,current,1887
2026-08-05,VRL,monakawan,stream_duration,apr_late_2026,0.0
2026-08-05,VRL,monakawan,stream_duration,aug_early_2026,8.8
2026-08-05,VRL,monakawan,stream_duration,jul_early_2026,0.0
2026-08-05,VRL,monakawan,stream_duration,jul_late_2026,16.7
2026-08-05,VRL,monakawan,stream_duration,jun_early_2026,0.0
2026-08-05,VRL,monakawan,stream_duration,jun_late_2026,0.0
2026-08-05,VRL,monakawan,stream_duration,may_early_2026,0.0
2026-08-05,VRL,monakawan,stream_duration,may_late_2026,0.0
2026-08-05,VRL,monakawan,stream_duration,regular_season,25.5
2026-08-05,VRL,monakawan,video_upload_count,apr_late_2026,0
2026-08-05,VRL,monakawan,video_upload_count,aug_early_2026,0
2026-08-05,VRL,monakawan,video_upload_count,jul_early_2026,0
2026-08-05,VRL,monakawan,video_upload_count,jul_late_2026,0
2026-08-05,VRL,monakawan,video_upload_count,jun_early_2026,0
2026-08-05,VRL,monakawan,video_upload_count,jun_late_2026,0
2026-08-05,VRL,monakawan,video_upload_count,may_early_2026,0
2026-08-05,VRL,monakawan,video_upload_count,may_late_2026,0
2026-08-05,VRL,monakawan,video_upload_count,regular_season,0
2026-08-05,VRL,monakawan,video_view_count,aug_early_2026,0
2026-08-05,VRL,monakawan,video_view_count,jul_early_2026,0
2026-08-05,VRL,monakawan,video_view_count,jul_late_2026,0
2026-08-05,VRL,monakawan,video_view_count,jun_early_2026,0
2026-08-05,VRL,monakawan,video_view_count,jun_late_2026,0
2026-08-05,VRL,monakawan,video_view_count,may_early_2026,0
2026-08-05,VRL,monakawan,video_view_count,may_late_2026,0
2026-08-05,VRL,monakawan,video_view_count,regular_season,0
2026-08-05,VRL,monakawan,watch_time,aug_early_2026,91
2026-08-05,VRL,monakawan,watch_time,jul_early_2026,0
2026-08-05,VRL,monakawan,watch_time,jul_late_2026,262
2026-08-05,VRL,monakawan,watch_time,jun_early_2026,0
2026-08-05,VRL,monakawan,watch_time,jun_late_2026,0
2026-08-05,VRL,monakawan,watch_time,may_early_2026,0
2026-08-05,VRL,monakawan,watch_time,may_late_2026,0
2026-08-05,VRL,monakawan,watch_time,regular_season,353
2026-08-05,VRL,monakawan,youtube_subscribers,current,386
2026-08-05,VRL,まっつ,followers,current,4563
2026-08-05,VRL,まっつ,stream_duration,aug_early_2026,2.7
2026-08-05,VRL,まっつ,stream_duration,jul_early_2026,8.3
2026-08-05,VRL,まっつ,stream_duration,jul_late_2026,14.6
2026-08-05,VRL,まっつ,stream_duration,jun_late_2026,16.8
2026-08-05,VRL,まっつ,stream_duration,regular_season,20.3
2026-08-05,VRL,まっつ,video_upload_count,aug_early_2026,0
2026-08-05,VRL,まっつ,video_upload_count,jul_early_2026,0
2026-08-05,VRL,まっつ,video_upload_count,jul_late_2026,0
2026-08-05,VRL,まっつ,video_upload_count,jun_late_2026,0
2026-08-05,VRL,まっつ,video_upload_count,regular_season,0
2026-08-05,VRL,まっつ,video_view_count,aug_early_2026,0
2026-08-05,VRL,まっつ,video_view_count,jul_early_2026,0
2026-08-05,VRL,まっつ,video_view_count,jul_late_2026,0
2026-08-05,VRL,まっつ,video_view_count,regular_season,0
2026-08-05,VRL,まっつ,watch_time,aug_early_2026,234
2026-08-05,VRL,まっつ,watch_time,jul_early_2026,540
2026-08-05,VRL,まっつ,watch_time,jul_late_2026,1435
2026-08-05,VRL,まっつ,watch_time,regular_season,1706
2026-08-05,VRL,まっつ,youtube_subscribers,current,1610
2026-08-05,ZETA,CQCQ,followers,current,13717
2026-08-05,ZETA,CQCQ,stream_duration,apr_late_2026,21.5
2026-08-05,ZETA,CQCQ,stream_duration,aug_early_2026,6.2
2026-08-05,ZETA,CQCQ,stream_duration,jul_early_2026,2.7
2026-08-05,ZETA,CQCQ,stream_duration,jul_late_2026,26.9
2026-08-05,ZETA,CQCQ,stream_duration,jun_early_2026,18.1
2026-08-05,ZETA,CQCQ,stream_duration,jun_late_2026,20.2
2026-08-05,ZETA,CQCQ,stream_duration,may_early_2026,26.4
2026-08-05,ZETA,CQCQ,stream_duration,may_late_2026,18.6
2026-08-05,ZETA,CQCQ,stream_duration,regular_season,33.1
2026-08-05,ZETA,CQCQ,video_upload_count,apr_late_2026,2
2026-08-05,ZETA,CQCQ,video_upload_count,aug_early_2026,0
2026-08-05,ZETA,CQCQ,video_upload_count,jul_early_2026,0
2026-08-05,ZETA,CQCQ,video_upload_count,jul_late_2026,0
2026-08-05,ZETA,CQCQ,video_upload_count,jun_early_2026,0
2026-08-05,ZETA,CQCQ,video_upload_count,jun_late_2026,0
2026-08-05,ZETA,CQCQ,video_upload_count,may_early_2026,1
2026-08-05,ZETA,CQCQ,video_upload_count,may_late_2026,0
2026-08-05,ZETA,CQCQ,video_upload_count,regular_season,0
2026-08-05,ZETA,CQCQ,video_view_count,aug_early_2026,0
2026-08-05,ZETA,CQCQ,video_view_count,jul_early_2026,0
2026-08-05,ZETA,CQCQ,video_view_count,jul_late_2026,0
2026-08-05,ZETA,CQCQ,video_view_count,jun_early_2026,0
2026-08-05,ZETA,CQCQ,video_view_count,jun_late_2026,0
2026-08-05,ZETA,CQCQ,video_view_count,may_early_2026,32600
2026-08-05,ZETA,CQCQ,video_view_count,may_late_2026,0
2026-08-05,ZETA,CQCQ,video_view_count,regular_season,0
2026-08-05,ZETA,CQCQ,watch_time,aug_early_2026,1644
2026-08-05,ZETA,CQCQ,watch_time,jul_early_2026,1808
2026-08-05,ZETA,CQCQ,watch_time,jul_late_2026,12525
2026-08-05,ZETA,CQCQ,watch_time,jun_early_2026,5188
2026-08-05,ZETA,CQCQ,watch_time,jun_late_2026,8316
2026-08-05,ZETA,CQCQ,watch_time,may_early_2026,18546
2026-08-05,ZETA,CQCQ,watch_time,may_late_2026,9708
2026-08-05,ZETA,CQCQ,watch_time,regular_season,14200
2026-08-05,ZETA,CQCQ,youtube_subscribers,current,13500
2026-08-05,ZETA,TBT,followers,current,2618
2026-08-05,ZETA,TBT,stream_duration,apr_late_2026,4.4
2026-08-05,ZETA,TBT,stream_duration,aug_early_2026,2.2
2026-08-05,ZETA,TBT,stream_duration,jul_early_2026,3.8
2026-08-05,ZETA,TBT,stream_duration,jul_late_2026,19.3
2026-08-05,ZETA,TBT,stream_duration,jun_early_2026,2.2
2026-08-05,ZETA,TBT,stream_duration,jun_late_2026,19.3
2026-08-05,ZETA,TBT,stream_duration,may_early_2026,0.0
2026-08-05,ZETA,TBT,stream_duration,may_late_2026,16.0
2026-08-05,ZETA,TBT,stream_duration,regular_season,21.5
2026-08-05,ZETA,TBT,video_upload_count,apr_late_2026,2
2026-08-05,ZETA,TBT,video_upload_count,aug_early_2026,0
2026-08-05,ZETA,TBT,video_upload_count,jul_early_2026,0
2026-08-05,ZETA,TBT,video_upload_count,jul_late_2026,0
2026-08-05,ZETA,TBT,video_upload_count,jun_early_2026,0
2026-08-05,ZETA,TBT,video_upload_count,jun_late_2026,0
2026-08-05,ZETA,TBT,video_upload_count,may_early_2026,0
2026-08-05,ZETA,TBT,video_upload_count,may_late_2026,0
2026-08-05,ZETA,TBT,video_upload_count,regular_season,0
2026-08-05,ZETA,TBT,video_view_count,aug_early_2026,0
2026-08-05,ZETA,TBT,video_view_count,jul_early_2026,0
2026-08-05,ZETA,TBT,video_view_count,jul_late_2026,0
2026-08-05,ZETA,TBT,video_view_count,jun_early_2026,0
2026-08-05,ZETA,TBT,video_view_count,jun_late_2026,0
2026-08-05,ZETA,TBT,video_view_count,may_early_2026,0
2026-08-05,ZETA,TBT,video_view_count,may_late_2026,0
2026-08-05,ZETA,TBT,video_view_count,regular_season,0
2026-08-05,ZETA,TBT,watch_time,aug_early_2026,204
2026-08-05,ZETA,TBT,watch_time,jul_early_2026,319
2026-08-05,ZETA,TBT,watch_time,jul_late_2026,2111
2026-08-05,ZETA,TBT,watch_time,jun_early_2026,258
2026-08-05,ZETA,TBT,watch_time,jun_late_2026,1414
2026-08-05,ZETA,TBT,watch_time,may_early_2026,0
2026-08-05,ZETA,TBT,watch_time,may_late_2026,2626
2026-08-05,ZETA,TBT,watch_time,regular_season,2317
2026-08-05,ZETA,TBT,youtube_subscribers,current,1210
2026-08-05,ZETA,ねぎま,followers,current,3259
2026-08-05,ZETA,ねぎま,stream_duration,aug_early_2026,11.7
2026-08-05,ZETA,ねぎま,stream_duration,jul_early_2026,14.6
2026-08-05,ZETA,ねぎま,stream_duration,jul_late_2026,37.6
2026-08-05,ZETA,ねぎま,stream_duration,jun_late_2026,77.4
2026-08-05,ZETA,ねぎま,stream_duration,regular_season,49.3
2026-08-05,ZETA,ねぎま,video_upload_count,aug_early_2026,0
2026-08-05,ZETA,ねぎま,video_upload_count,jul_early_2026,0
2026-08-05,ZETA,ねぎま,video_upload_count,jul_late_2026,0
2026-08-05,ZETA,ねぎま,video_upload_count,jun_late_2026,1
2026-08-05,ZETA,ねぎま,video_upload_count,regular_season,0
2026-08-05,ZETA,ねぎま,video_view_count,aug_early_2026,0
2026-08-05,ZETA,ねぎま,video_view_count,jul_early_2026,0
2026-08-05,ZETA,ねぎま,video_view_count,jul_late_2026,0
2026-08-05,ZETA,ねぎま,video_view_count,regular_season,0
2026-08-05,ZETA,ねぎま,watch_time,aug_early_2026,2077
2026-08-05,ZETA,ねぎま,watch_time,jul_early_2026,1479
2026-08-05,ZETA,ねぎま,watch_time,jul_late_2026,6211
2026-08-05,ZETA,ねぎま,watch_time,regular_season,8291
2026-08-05,ZETA,ねぎま,youtube_subscribers,current,1510
2026-08-05,ZETA,ヘイム,followers,current,6335
2026-08-05,ZETA,ヘイム,stream_duration,apr_late_2026,57.1
2026-08-05,ZETA,ヘイム,stream_duration,aug_early_2026,2.4
2026-08-05,ZETA,ヘイム,stream_duration,jul_early_2026,8.1
2026-08-05,ZETA,ヘイム,stream_duration,jul_late_2026,22.7
2026-08-05,ZETA,ヘイム,stream_duration,jun_early_2026,41.3
2026-08-05,ZETA,ヘイム,stream_duration,jun_late_2026,11.1
2026-08-05,ZETA,ヘイム,stream_duration,may_early_2026,63.6
2026-08-05,ZETA,ヘイム,stream_duration,may_late_2026,80.1
2026-08-05,ZETA,ヘイム,stream_duration,regular_season,26.3
2026-08-05,ZETA,ヘイム,video_upload_count,apr_late_2026,0
2026-08-05,ZETA,ヘイム,video_upload_count,aug_early_2026,0
2026-08-05,ZETA,ヘイム,video_upload_count,jul_early_2026,0
2026-08-05,ZETA,ヘイム,video_upload_count,jul_late_2026,0
2026-08-05,ZETA,ヘイム,video_upload_count,jun_early_2026,0
2026-08-05,ZETA,ヘイム,video_upload_count,jun_late_2026,0
2026-08-05,ZETA,ヘイム,video_upload_count,may_early_2026,0
2026-08-05,ZETA,ヘイム,video_upload_count,may_late_2026,0
2026-08-05,ZETA,ヘイム,video_upload_count,regular_season,0
2026-08-05,ZETA,ヘイム,video_view_count,aug_early_2026,0
2026-08-05,ZETA,ヘイム,video_view_count,jul_early_2026,0
2026-08-05,ZETA,ヘイム,video_view_count,jul_late_2026,0
2026-08-05,ZETA,ヘイム,video_view_count,jun_early_2026,0
2026-08-05,ZETA,ヘイム,video_view_count,jun_late_2026,0
2026-08-05,ZETA,ヘイム,video_view_count,may_early_2026,0
2026-08-05,ZETA,ヘイム,video_view_count,may_late_2026,0
2026-08-05,ZETA,ヘイム,video_view_count,regular_season,0
2026-08-05,ZETA,ヘイム,watch_time,aug_early_2026,511
2026-08-05,ZETA,ヘイム,watch_time,jul_early_2026,1205
2026-08-05,ZETA,ヘイム,watch_time,jul_late_2026,6332
2026-08-05,ZETA,ヘイム,watch_time,jun_early_2026,6920
2026-08-05,ZETA,ヘイム,watch_time,jun_late_2026,1119
2026-08-05,ZETA,ヘイム,watch_time,may_early_2026,30598
2026-08-05,ZETA,ヘイム,watch_time,may_late_2026,19810
2026-08-05,ZETA,ヘイム,watch_time,regular_season,7055
2026-08-05,ZETA,ヘイム,youtube_subscribers,current,5080
2026-08-06,CR,Atom,followers,current,13211
2026-08-06,CR,Atom,stream_duration,apr_late_2026,35.5
2026-08-06,CR,Atom,stream_duration,aug_early_2026,3.3
2026-08-06,CR,Atom,stream_duration,jul_early_2026,0.8
2026-08-06,CR,Atom,stream_duration,jul_late_2026,15.4
2026-08-06,CR,Atom,stream_duration,jun_early_2026,3.6
2026-08-06,CR,Atom,stream_duration,jun_late_2026,0.0
2026-08-06,CR,Atom,stream_duration,may_early_2026,21.2
2026-08-06,CR,Atom,stream_duration,may_late_2026,15.3
2026-08-06,CR,Atom,stream_duration,regular_season,19.5
2026-08-06,CR,Atom,video_upload_count,apr_late_2026,0
2026-08-06,CR,Atom,video_upload_count,aug_early_2026,0
2026-08-06,CR,Atom,video_upload_count,jul_early_2026,0
2026-08-06,CR,Atom,video_upload_count,jul_late_2026,0
2026-08-06,CR,Atom,video_upload_count,jun_early_2026,0
2026-08-06,CR,Atom,video_upload_count,jun_late_2026,0
2026-08-06,CR,Atom,video_upload_count,may_early_2026,0
2026-08-06,CR,Atom,video_upload_count,may_late_2026,0
2026-08-06,CR,Atom,video_upload_count,regular_season,0
2026-08-06,CR,Atom,video_view_count,aug_early_2026,0
2026-08-06,CR,Atom,video_view_count,jul_early_2026,0
2026-08-06,CR,Atom,video_view_count,jul_late_2026,0
2026-08-06,CR,Atom,video_view_count,jun_early_2026,0
2026-08-06,CR,Atom,video_view_count,jun_late_2026,0
2026-08-06,CR,Atom,video_view_count,may_early_2026,0
2026-08-06,CR,Atom,video_view_count,may_late_2026,0
2026-08-06,CR,Atom,video_view_count,regular_season,0
2026-08-06,CR,Atom,watch_time,aug_early_2026,1403
2026-08-06,CR,Atom,watch_time,jul_early_2026,209
2026-08-06,CR,Atom,watch_time,jul_late_2026,4353
2026-08-06,CR,Atom,watch_time,jun_early_2026,2778
2026-08-06,CR,Atom,watch_time,jun_late_2026,0
2026-08-06,CR,Atom,watch_time,may_early_2026,17519
2026-08-06,CR,Atom,watch_time,may_late_2026,9365
2026-08-06,CR,Atom,watch_time,regular_season,5959
2026-08-06,CR,Atom,youtube_subscribers,current,8020
2026-08-06,CR,Winter,followers,current,2972
2026-08-06,CR,Winter,stream_duration,apr_late_2026,0.0
2026-08-06,CR,Winter,stream_duration,aug_early_2026,3.6
2026-08-06,CR,Winter,stream_duration,jul_early_2026,0.0
2026-08-06,CR,Winter,stream_duration,jul_late_2026,16.3
2026-08-06,CR,Winter,stream_duration,jun_early_2026,0.0
2026-08-06,CR,Winter,stream_duration,jun_late_2026,5.5
2026-08-06,CR,Winter,stream_duration,may_early_2026,0.0
2026-08-06,CR,Winter,stream_duration,may_late_2026,4.7
2026-08-06,CR,Winter,stream_duration,regular_season,19.9
2026-08-06,CR,Winter,video_upload_count,apr_late_2026,0
2026-08-06,CR,Winter,video_upload_count,aug_early_2026,0
2026-08-06,CR,Winter,video_upload_count,jul_early_2026,0
2026-08-06,CR,Winter,video_upload_count,jul_late_2026,0
2026-08-06,CR,Winter,video_upload_count,jun_early_2026,0
2026-08-06,CR,Winter,video_upload_count,jun_late_2026,0
2026-08-06,CR,Winter,video_upload_count,may_early_2026,0
2026-08-06,CR,Winter,video_upload_count,may_late_2026,0
2026-08-06,CR,Winter,video_upload_count,regular_season,0
2026-08-06,CR,Winter,video_view_count,aug_early_2026,0
2026-08-06,CR,Winter,video_view_count,jul_early_2026,0
2026-08-06,CR,Winter,video_view_count,jul_late_2026,0
2026-08-06,CR,Winter,video_view_count,jun_early_2026,0
2026-08-06,CR,Winter,video_view_count,jun_late_2026,0
2026-08-06,CR,Winter,video_view_count,may_early_2026,0
2026-08-06,CR,Winter,video_view_count,may_late_2026,0
2026-08-06,CR,Winter,video_view_count,regular_season,0
2026-08-06,CR,Winter,watch_time,aug_early_2026,174
2026-08-06,CR,Winter,watch_time,jul_early_2026,0
2026-08-06,CR,Winter,watch_time,jul_late_2026,874
2026-08-06,CR,Winter,watch_time,jun_early_2026,0
2026-08-06,CR,Winter,watch_time,jun_late_2026,346
2026-08-06,CR,Winter,watch_time,may_early_2026,0
2026-08-06,CR,Winter,watch_time,may_late_2026,260
2026-08-06,CR,Winter,watch_time,regular_season,1048
2026-08-06,CR,Winter,youtube_subscribers,current,1000
2026-08-06,CR,ふぇぐ,followers,current,34324
2026-08-06,CR,ふぇぐ,stream_duration,aug_early_2026,0.0
2026-08-06,CR,ふぇぐ,stream_duration,jul_early_2026,1.0
2026-08-06,CR,ふぇぐ,stream_duration,jul_late_2026,11.2
2026-08-06,CR,ふぇぐ,stream_duration,jun_late_2026,17.7
2026-08-06,CR,ふぇぐ,stream_duration,regular_season,11.2
2026-08-06,CR,ふぇぐ,video_upload_count,aug_early_2026,0
2026-08-06,CR,ふぇぐ,video_upload_count,jul_early_2026,0
2026-08-06,CR,ふぇぐ,video_upload_count,jul_late_2026,1
2026-08-06,CR,ふぇぐ,video_upload_count,jun_late_2026,0
2026-08-06,CR,ふぇぐ,video_upload_count,regular_season,1
2026-08-06,CR,ふぇぐ,video_view_count,aug_early_2026,0
2026-08-06,CR,ふぇぐ,video_view_count,jul_early_2026,0
2026-08-06,CR,ふぇぐ,video_view_count,jul_late_2026,3492
2026-08-06,CR,ふぇぐ,video_view_count,regular_season,3492
2026-08-06,CR,ふぇぐ,watch_time,aug_early_2026,0
2026-08-06,CR,ふぇぐ,watch_time,jul_early_2026,80
2026-08-06,CR,ふぇぐ,watch_time,jul_late_2026,1006
2026-08-06,CR,ふぇぐ,watch_time,regular_season,1006
2026-08-06,CR,ふぇぐ,youtube_subscribers,current,6280
2026-08-06,CR,ふえた,followers,current,3751
2026-08-06,CR,ふえた,stream_duration,apr_late_2026,11.3
2026-08-06,CR,ふえた,stream_duration,aug_early_2026,0.0
2026-08-06,CR,ふえた,stream_duration,jul_early_2026,0.0
2026-08-06,CR,ふえた,stream_duration,jul_late_2026,12.6
2026-08-06,CR,ふえた,stream_duration,jun_early_2026,25.3
2026-08-06,CR,ふえた,stream_duration,jun_late_2026,10.4
2026-08-06,CR,ふえた,stream_duration,may_early_2026,0.0
2026-08-06,CR,ふえた,stream_duration,may_late_2026,1.3
2026-08-06,CR,ふえた,stream_duration,regular_season,12.6
2026-08-06,CR,ふえた,video_upload_count,apr_late_2026,0
2026-08-06,CR,ふえた,video_upload_count,aug_early_2026,0
2026-08-06,CR,ふえた,video_upload_count,jul_early_2026,0
2026-08-06,CR,ふえた,video_upload_count,jul_late_2026,2
2026-08-06,CR,ふえた,video_upload_count,jun_early_2026,0
2026-08-06,CR,ふえた,video_upload_count,jun_late_2026,0
2026-08-06,CR,ふえた,video_upload_count,may_early_2026,0
2026-08-06,CR,ふえた,video_upload_count,may_late_2026,0
2026-08-06,CR,ふえた,video_upload_count,regular_season,2
2026-08-06,CR,ふえた,video_view_count,aug_early_2026,0
2026-08-06,CR,ふえた,video_view_count,jul_early_2026,0
2026-08-06,CR,ふえた,video_view_count,jul_late_2026,3025
2026-08-06,CR,ふえた,video_view_count,jun_early_2026,0
2026-08-06,CR,ふえた,video_view_count,jun_late_2026,0
2026-08-06,CR,ふえた,video_view_count,may_early_2026,0
2026-08-06,CR,ふえた,video_view_count,may_late_2026,0
2026-08-06,CR,ふえた,video_view_count,regular_season,3025
2026-08-06,CR,ふえた,watch_time,aug_early_2026,0
2026-08-06,CR,ふえた,watch_time,jul_early_2026,0
2026-08-06,CR,ふえた,watch_time,jul_late_2026,626
2026-08-06,CR,ふえた,watch_time,jun_early_2026,1221
2026-08-06,CR,ふえた,watch_time,jun_late_2026,742
2026-08-06,CR,ふえた,watch_time,may_early_2026,0
2026-08-06,CR,ふえた,watch_time,may_late_2026,15
2026-08-06,CR,ふえた,watch_time,regular_season,626
2026-08-06,CR,ふえた,youtube_subscribers,current,1170
2026-08-06,CR,空白,followers,current,3910
2026-08-06,CR,空白,stream_duration,apr_late_2026,23.8
2026-08-06,CR,空白,stream_duration,aug_early_2026,0.0
2026-08-06,CR,空白,stream_duration,jul_early_2026,0.0
2026-08-06,CR,空白,stream_duration,jul_late_2026,20.7
2026-08-06,CR,空白,stream_duration,jun_early_2026,26.8
2026-08-06,CR,空白,stream_duration,jun_late_2026,20.3
2026-08-06,CR,空白,stream_duration,may_early_2026,24.5
2026-08-06,CR,空白,stream_duration,may_late_2026,33.6
2026-08-06,CR,空白,stream_duration,regular_season,20.7
2026-08-06,CR,空白,video_upload_count,apr_late_2026,0
2026-08-06,CR,空白,video_upload_count,aug_early_2026,0
2026-08-06,CR,空白,video_upload_count,jul_early_2026,0
2026-08-06,CR,空白,video_upload_count,jul_late_2026,1
2026-08-06,CR,空白,video_upload_count,jun_early_2026,0
2026-08-06,CR,空白,video_upload_count,jun_late_2026,0
2026-08-06,CR,空白,video_upload_count,may_early_2026,0
2026-08-06,CR,空白,video_upload_count,may_late_2026,0
2026-08-06,CR,空白,video_upload_count,regular_season,1
2026-08-06,CR,空白,video_view_count,aug_early_2026,0
2026-08-06,CR,空白,video_view_count,jul_early_2026,0
2026-08-06,CR,空白,video_view_count,jul_late_2026,0
2026-08-06,CR,空白,video_view_count,jun_early_2026,0
2026-08-06,CR,空白,video_view_count,jun_late_2026,0
2026-08-06,CR,空白,video_view_count,may_early_2026,0
2026-08-06,CR,空白,video_view_count,may_late_2026,0
2026-08-06,CR,空白,video_view_count,regular_season,0
2026-08-06,CR,空白,watch_time,aug_early_2026,0
2026-08-06,CR,空白,watch_time,jul_early_2026,0
2026-08-06,CR,空白,watch_time,jul_late_2026,722
2026-08-06,CR,空白,watch_time,jun_early_2026,1152
2026-08-06,CR,空白,watch_time,jun_late_2026,2339
2026-08-06,CR,空白,watch_time,may_early_2026,2243
2026-08-06,CR,空白,watch_time,may_late_2026,1811
2026-08-06,CR,空白,watch_time,regular_season,722
2026-08-06,CR,空白,youtube_subscribers,current,1640
2026-08-06,DFM,MingiGod,followers,current,3531
2026-08-06,DFM,MingiGod,stream_duration,aug_early_2026,3.7
2026-08-06,DFM,MingiGod,stream_duration,jul_early_2026,8.9
2026-08-06,DFM,MingiGod,stream_duration,jul_late_2026,14.9
2026-08-06,DFM,MingiGod,stream_duration,jun_late_2026,16.6
2026-08-06,DFM,MingiGod,stream_duration,regular_season,27.4
2026-08-06,DFM,MingiGod,video_upload_count,aug_early_2026,0
2026-08-06,DFM,MingiGod,video_upload_count,jul_early_2026,0
2026-08-06,DFM,MingiGod,video_upload_count,jul_late_2026,0
2026-08-06,DFM,MingiGod,video_upload_count,jun_late_2026,1
2026-08-06,DFM,MingiGod,video_upload_count,regular_season,0
2026-08-06,DFM,MingiGod,video_view_count,aug_early_2026,0
2026-08-06,DFM,MingiGod,video_view_count,jul_early_2026,0
2026-08-06,DFM,MingiGod,video_view_count,jul_late_2026,0
2026-08-06,DFM,MingiGod,video_view_count,regular_season,0
2026-08-06,DFM,MingiGod,watch_time,aug_early_2026,195
2026-08-06,DFM,MingiGod,watch_time,jul_early_2026,996
2026-08-06,DFM,MingiGod,watch_time,jul_late_2026,1262
2026-08-06,DFM,MingiGod,watch_time,regular_season,2465
2026-08-06,DFM,MingiGod,youtube_subscribers,current,1780
2026-08-06,DFM,かなで,followers,current,2147
2026-08-06,DFM,かなで,stream_duration,apr_late_2026,9.2
2026-08-06,DFM,かなで,stream_duration,aug_early_2026,0.0
2026-08-06,DFM,かなで,stream_duration,jul_early_2026,2.1
2026-08-06,DFM,かなで,stream_duration,jul_late_2026,6.8
2026-08-06,DFM,かなで,stream_duration,jun_early_2026,4.8
2026-08-06,DFM,かなで,stream_duration,jun_late_2026,9.7
2026-08-06,DFM,かなで,stream_duration,may_early_2026,4.5
2026-08-06,DFM,かなで,stream_duration,may_late_2026,9.4
2026-08-06,DFM,かなで,stream_duration,regular_season,6.8
2026-08-06,DFM,かなで,video_upload_count,apr_late_2026,0
2026-08-06,DFM,かなで,video_upload_count,aug_early_2026,0
2026-08-06,DFM,かなで,video_upload_count,jul_early_2026,0
2026-08-06,DFM,かなで,video_upload_count,jul_late_2026,0
2026-08-06,DFM,かなで,video_upload_count,jun_early_2026,0
2026-08-06,DFM,かなで,video_upload_count,jun_late_2026,0
2026-08-06,DFM,かなで,video_upload_count,may_early_2026,0
2026-08-06,DFM,かなで,video_upload_count,may_late_2026,0
2026-08-06,DFM,かなで,video_upload_count,regular_season,0
2026-08-06,DFM,かなで,video_view_count,aug_early_2026,0
2026-08-06,DFM,かなで,video_view_count,jul_early_2026,0
2026-08-06,DFM,かなで,video_view_count,jul_late_2026,0
2026-08-06,DFM,かなで,video_view_count,jun_early_2026,0
2026-08-06,DFM,かなで,video_view_count,jun_late_2026,0
2026-08-06,DFM,かなで,video_view_count,may_early_2026,0
2026-08-06,DFM,かなで,video_view_count,may_late_2026,0
2026-08-06,DFM,かなで,video_view_count,regular_season,0
2026-08-06,DFM,かなで,watch_time,aug_early_2026,0
2026-08-06,DFM,かなで,watch_time,jul_early_2026,52
2026-08-06,DFM,かなで,watch_time,jul_late_2026,141
2026-08-06,DFM,かなで,watch_time,jun_early_2026,73
2026-08-06,DFM,かなで,watch_time,jun_late_2026,301
2026-08-06,DFM,かなで,watch_time,may_early_2026,157
2026-08-06,DFM,かなで,watch_time,may_late_2026,258
2026-08-06,DFM,かなで,watch_time,regular_season,141
2026-08-06,DFM,かなで,youtube_subscribers,current,540
2026-08-06,DFM,ミル,followers,current,14540
2026-08-06,DFM,ミル,stream_duration,apr_late_2026,33.8
2026-08-06,DFM,ミル,stream_duration,aug_early_2026,2.9
2026-08-06,DFM,ミル,stream_duration,jul_early_2026,6.9
2026-08-06,DFM,ミル,stream_duration,jul_late_2026,9.5
2026-08-06,DFM,ミル,stream_duration,jun_early_2026,15.0
2026-08-06,DFM,ミル,stream_duration,jun_late_2026,14.1
2026-08-06,DFM,ミル,stream_duration,may_early_2026,14.1
2026-08-06,DFM,ミル,stream_duration,may_late_2026,23.3
2026-08-06,DFM,ミル,stream_duration,regular_season,19.3
2026-08-06,DFM,ミル,video_upload_count,apr_late_2026,0
2026-08-06,DFM,ミル,video_upload_count,aug_early_2026,0
2026-08-06,DFM,ミル,video_upload_count,jul_early_2026,0
2026-08-06,DFM,ミル,video_upload_count,jul_late_2026,0
2026-08-06,DFM,ミル,video_upload_count,jun_early_2026,0
2026-08-06,DFM,ミル,video_upload_count,jun_late_2026,0
2026-08-06,DFM,ミル,video_upload_count,may_early_2026,0
2026-08-06,DFM,ミル,video_upload_count,may_late_2026,0
2026-08-06,DFM,ミル,video_upload_count,regular_season,0
2026-08-06,DFM,ミル,video_view_count,aug_early_2026,0
2026-08-06,DFM,ミル,video_view_count,jul_early_2026,0
2026-08-06,DFM,ミル,video_view_count,jul_late_2026,0
2026-08-06,DFM,ミル,video_view_count,jun_early_2026,0
2026-08-06,DFM,ミル,video_view_count,jun_late_2026,0
2026-08-06,DFM,ミル,video_view_count,may_early_2026,0
2026-08-06,DFM,ミル,video_view_count,may_late_2026,0
2026-08-06,DFM,ミル,video_view_count,regular_season,0
2026-08-06,DFM,ミル,watch_time,aug_early_2026,560
2026-08-06,DFM,ミル,watch_time,jul_early_2026,321
2026-08-06,DFM,ミル,watch_time,jul_late_2026,210
2026-08-06,DFM,ミル,watch_time,jun_early_2026,2284
2026-08-06,DFM,ミル,watch_time,jun_late_2026,1093
2026-08-06,DFM,ミル,watch_time,may_early_2026,691
2026-08-06,DFM,ミル,watch_time,may_late_2026,1363
2026-08-06,DFM,ミル,watch_time,regular_season,1046
2026-08-06,DFM,ミル,youtube_subscribers,current,3970
2026-08-06,DFM,ユーリ,followers,current,14194
2026-08-06,DFM,ユーリ,stream_duration,apr_late_2026,56.4
2026-08-06,DFM,ユーリ,stream_duration,aug_early_2026,9.3
2026-08-06,DFM,ユーリ,stream_duration,jul_early_2026,9.4
2026-08-06,DFM,ユーリ,stream_duration,jul_late_2026,16.7
2026-08-06,DFM,ユーリ,stream_duration,jun_early_2026,22.3
2026-08-06,DFM,ユーリ,stream_duration,jun_late_2026,27.3
2026-08-06,DFM,ユーリ,stream_duration,may_early_2026,11.7
2026-08-06,DFM,ユーリ,stream_duration,may_late_2026,19.5
2026-08-06,DFM,ユーリ,stream_duration,regular_season,35.4
2026-08-06,DFM,ユーリ,video_upload_count,apr_late_2026,0
2026-08-06,DFM,ユーリ,video_upload_count,aug_early_2026,0
2026-08-06,DFM,ユーリ,video_upload_count,jul_early_2026,0
2026-08-06,DFM,ユーリ,video_upload_count,jul_late_2026,2
2026-08-06,DFM,ユーリ,video_upload_count,jun_early_2026,0
2026-08-06,DFM,ユーリ,video_upload_count,jun_late_2026,0
2026-08-06,DFM,ユーリ,video_upload_count,may_early_2026,0
2026-08-06,DFM,ユーリ,video_upload_count,may_late_2026,0
2026-08-06,DFM,ユーリ,video_upload_count,regular_season,2
2026-08-06,DFM,ユーリ,video_view_count,aug_early_2026,0
2026-08-06,DFM,ユーリ,video_view_count,jul_early_2026,0
2026-08-06,DFM,ユーリ,video_view_count,jul_late_2026,0
2026-08-06,DFM,ユーリ,video_view_count,jun_early_2026,0
2026-08-06,DFM,ユーリ,video_view_count,jun_late_2026,0
2026-08-06,DFM,ユーリ,video_view_count,may_early_2026,0
2026-08-06,DFM,ユーリ,video_view_count,may_late_2026,0
2026-08-06,DFM,ユーリ,video_view_count,regular_season,0
2026-08-06,DFM,ユーリ,watch_time,aug_early_2026,5333
2026-08-06,DFM,ユーリ,watch_time,jul_early_2026,11134
2026-08-06,DFM,ユーリ,watch_time,jul_late_2026,5765
2026-08-06,DFM,ユーリ,watch_time,jun_early_2026,14677
2026-08-06,DFM,ユーリ,watch_time,jun_late_2026,18125
2026-08-06,DFM,ユーリ,watch_time,may_early_2026,8667
2026-08-06,DFM,ユーリ,watch_time,may_late_2026,11953
2026-08-06,DFM,ユーリ,watch_time,regular_season,22340
2026-08-06,DFM,ユーリ,youtube_subscribers,current,12400
2026-08-06,LVH,Era53,followers,current,12670
2026-08-06,LVH,Era53,stream_duration,apr_late_2026,52.3
2026-08-06,LVH,Era53,stream_duration,aug_early_2026,4.2
2026-08-06,LVH,Era53,stream_duration,jul_early_2026,14.2
2026-08-06,LVH,Era53,stream_duration,jul_late_2026,26.0
2026-08-06,LVH,Era53,stream_duration,jun_early_2026,52.1
2026-08-06,LVH,Era53,stream_duration,jun_late_2026,38.9
2026-08-06,LVH,Era53,stream_duration,may_early_2026,14.4
2026-08-06,LVH,Era53,stream_duration,may_late_2026,67.1
2026-08-06,LVH,Era53,stream_duration,regular_season,39.8
2026-08-06,LVH,Era53,video_upload_count,apr_late_2026,0
2026-08-06,LVH,Era53,video_upload_count,aug_early_2026,0
2026-08-06,LVH,Era53,video_upload_count,jul_early_2026,0
2026-08-06,LVH,Era53,video_upload_count,jul_late_2026,0
2026-08-06,LVH,Era53,video_upload_count,jun_early_2026,0
2026-08-06,LVH,Era53,video_upload_count,jun_late_2026,0
2026-08-06,LVH,Era53,video_upload_count,may_early_2026,0
2026-08-06,LVH,Era53,video_upload_count,may_late_2026,0
2026-08-06,LVH,Era53,video_upload_count,regular_season,0
2026-08-06,LVH,Era53,video_view_count,aug_early_2026,0
2026-08-06,LVH,Era53,video_view_count,jul_early_2026,0
2026-08-06,LVH,Era53,video_view_count,jul_late_2026,0
2026-08-06,LVH,Era53,video_view_count,jun_early_2026,0
2026-08-06,LVH,Era53,video_view_count,jun_late_2026,0
2026-08-06,LVH,Era53,video_view_count,may_early_2026,0
2026-08-06,LVH,Era53,video_view_count,may_late_2026,0
2026-08-06,LVH,Era53,video_view_count,regular_season,0
2026-08-06,LVH,Era53,watch_time,aug_early_2026,4379
2026-08-06,LVH,Era53,watch_time,jul_early_2026,23904
2026-08-06,LVH,Era53,watch_time,jul_late_2026,30525
2026-08-06,LVH,Era53,watch_time,jun_early_2026,28528
2026-08-06,LVH,Era53,watch_time,jun_late_2026,34566
2026-08-06,LVH,Era53,watch_time,may_early_2026,12339
2026-08-06,LVH,Era53,watch_time,may_late_2026,54486
2026-08-06,LVH,Era53,watch_time,regular_season,54930
2026-08-06,LVH,Era53,youtube_subscribers,current,15900
2026-08-06,LVH,Hirobosu,followers,current,2920
2026-08-06,LVH,Hirobosu,stream_duration,aug_early_2026,5.2
2026-08-06,LVH,Hirobosu,stream_duration,jul_early_2026,0.0
2026-08-06,LVH,Hirobosu,stream_duration,jul_late_2026,0.0
2026-08-06,LVH,Hirobosu,stream_duration,jun_late_2026,0.0
2026-08-06,LVH,Hirobosu,stream_duration,regular_season,5.2
2026-08-06,LVH,Hirobosu,video_upload_count,aug_early_2026,0
2026-08-06,LVH,Hirobosu,video_upload_count,jul_early_2026,0
2026-08-06,LVH,Hirobosu,video_upload_count,jul_late_2026,0
2026-08-06,LVH,Hirobosu,video_upload_count,jun_late_2026,0
2026-08-06,LVH,Hirobosu,video_upload_count,regular_season,0
2026-08-06,LVH,Hirobosu,video_view_count,aug_early_2026,0
2026-08-06,LVH,Hirobosu,video_view_count,jul_early_2026,0
2026-08-06,LVH,Hirobosu,video_view_count,jul_late_2026,0
2026-08-06,LVH,Hirobosu,video_view_count,regular_season,0
2026-08-06,LVH,Hirobosu,watch_time,aug_early_2026,948
2026-08-06,LVH,Hirobosu,watch_time,jul_early_2026,0
2026-08-06,LVH,Hirobosu,watch_time,jul_late_2026,0
2026-08-06,LVH,Hirobosu,watch_time,regular_season,948
2026-08-06,LVH,Hirobosu,youtube_subscribers,current,706
2026-08-06,LVH,rikka,followers,current,13707
2026-08-06,LVH,rikka,stream_duration,apr_late_2026,50.5
2026-08-06,LVH,rikka,stream_duration,aug_early_2026,5.1
2026-08-06,LVH,rikka,stream_duration,jul_early_2026,8.0
2026-08-06,LVH,rikka,stream_duration,jul_late_2026,19.1
2026-08-06,LVH,rikka,stream_duration,jun_early_2026,32.2
2026-08-06,LVH,rikka,stream_duration,jun_late_2026,33.0
2026-08-06,LVH,rikka,stream_duration,may_early_2026,39.5
2026-08-06,LVH,rikka,stream_duration,may_late_2026,7.5
2026-08-06,LVH,rikka,stream_duration,regular_season,24.2
2026-08-06,LVH,rikka,video_upload_count,apr_late_2026,0
2026-08-06,LVH,rikka,video_upload_count,aug_early_2026,0
2026-08-06,LVH,rikka,video_upload_count,jul_early_2026,0
2026-08-06,LVH,rikka,video_upload_count,jul_late_2026,0
2026-08-06,LVH,rikka,video_upload_count,jun_early_2026,0
2026-08-06,LVH,rikka,video_upload_count,jun_late_2026,0
2026-08-06,LVH,rikka,video_upload_count,may_early_2026,0
2026-08-06,LVH,rikka,video_upload_count,may_late_2026,0
2026-08-06,LVH,rikka,video_upload_count,regular_season,0
2026-08-06,LVH,rikka,video_view_count,aug_early_2026,0
2026-08-06,LVH,rikka,video_view_count,jul_early_2026,0
2026-08-06,LVH,rikka,video_view_count,jul_late_2026,0
2026-08-06,LVH,rikka,video_view_count,jun_early_2026,0
2026-08-06,LVH,rikka,video_view_count,jun_late_2026,0
2026-08-06,LVH,rikka,video_view_count,may_early_2026,0
2026-08-06,LVH,rikka,video_view_count,may_late_2026,0
2026-08-06,LVH,rikka,video_view_count,regular_season,0
2026-08-06,LVH,rikka,watch_time,aug_early_2026,4532
2026-08-06,LVH,rikka,watch_time,jul_early_2026,3688
2026-08-06,LVH,rikka,watch_time,jul_late_2026,18976
2026-08-06,LVH,rikka,watch_time,jun_early_2026,13078
2026-08-06,LVH,rikka,watch_time,jun_late_2026,16924
2026-08-06,LVH,rikka,watch_time,may_early_2026,28442
2026-08-06,LVH,rikka,watch_time,may_late_2026,2528
2026-08-06,LVH,rikka,watch_time,regular_season,23514
2026-08-06,LVH,rikka,youtube_subscribers,current,12600
2026-08-06,LVH,だーよね,followers,current,3201
2026-08-06,LVH,だーよね,stream_duration,apr_late_2026,5.6
2026-08-06,LVH,だーよね,stream_duration,aug_early_2026,0.0
2026-08-06,LVH,だーよね,stream_duration,jul_early_2026,4.3
2026-08-06,LVH,だーよね,stream_duration,jul_late_2026,12.0
2026-08-06,LVH,だーよね,stream_duration,jun_early_2026,11.2
2026-08-06,LVH,だーよね,stream_duration,jun_late_2026,9.2
2026-08-06,LVH,だーよね,stream_duration,may_early_2026,18.7
2026-08-06,LVH,だーよね,stream_duration,may_late_2026,17.3
2026-08-06,LVH,だーよね,stream_duration,regular_season,12.0
2026-08-06,LVH,だーよね,video_upload_count,apr_late_2026,0
2026-08-06,LVH,だーよね,video_upload_count,aug_early_2026,0
2026-08-06,LVH,だーよね,video_upload_count,jul_early_2026,0
2026-08-06,LVH,だーよね,video_upload_count,jul_late_2026,0
2026-08-06,LVH,だーよね,video_upload_count,jun_early_2026,0
2026-08-06,LVH,だーよね,video_upload_count,jun_late_2026,0
2026-08-06,LVH,だーよね,video_upload_count,may_early_2026,0
2026-08-06,LVH,だーよね,video_upload_count,may_late_2026,0
2026-08-06,LVH,だーよね,video_upload_count,regular_season,0
2026-08-06,LVH,だーよね,video_view_count,aug_early_2026,0
2026-08-06,LVH,だーよね,video_view_count,jul_early_2026,0
2026-08-06,LVH,だーよね,video_view_count,jul_late_2026,0
2026-08-06,LVH,だーよね,video_view_count,jun_early_2026,0
2026-08-06,LVH,だーよね,video_view_count,jun_late_2026,0
2026-08-06,LVH,だーよね,video_view_count,may_early_2026,0
2026-08-06,LVH,だーよね,video_view_count,may_late_2026,0
2026-08-06,LVH,だーよね,video_view_count,regular_season,0
2026-08-06,LVH,だーよね,watch_time,aug_early_2026,0
2026-08-06,LVH,だーよね,watch_time,jul_early_2026,546
2026-08-06,LVH,だーよね,watch_time,jul_late_2026,1776
2026-08-06,LVH,だーよね,watch_time,jun_early_2026,866
2026-08-06,LVH,だーよね,watch_time,jun_late_2026,1013
2026-08-06,LVH,だーよね,watch_time,may_early_2026,2621
2026-08-06,LVH,だーよね,watch_time,may_late_2026,1566
2026-08-06,LVH,だーよね,watch_time,regular_season,1776
2026-08-06,LVH,だーよね,youtube_subscribers,current,1530
2026-08-06,LVH,智念せいら,followers,current,15468
2026-08-06,LVH,智念せいら,stream_duration,aug_early_2026,2.1
2026-08-06,LVH,智念せいら,stream_duration,jul_early_2026,19.6
2026-08-06,LVH,智念せいら,stream_duration,jul_late_2026,21.5
2026-08-06,LVH,智念せいら,stream_duration,jun_late_2026,17.6
2026-08-06,LVH,智念せいら,stream_duration,regular_season,30.8
2026-08-06,LVH,智念せいら,video_upload_count,aug_early_2026,0
2026-08-06,LVH,智念せいら,video_upload_count,jul_early_2026,9
2026-08-06,LVH,智念せいら,video_upload_count,jul_late_2026,2
2026-08-06,LVH,智念せいら,video_upload_count,jun_late_2026,6
2026-08-06,LVH,智念せいら,video_upload_count,regular_season,7
2026-08-06,LVH,智念せいら,video_view_count,aug_early_2026,0
2026-08-06,LVH,智念せいら,video_view_count,jul_early_2026,617975
2026-08-06,LVH,智念せいら,video_view_count,jul_late_2026,148648
2026-08-06,LVH,智念せいら,video_view_count,regular_season,545964
2026-08-06,LVH,智念せいら,watch_time,aug_early_2026,1350
2026-08-06,LVH,智念せいら,watch_time,jul_early_2026,30693
2026-08-06,LVH,智念せいら,watch_time,jul_late_2026,26610
2026-08-06,LVH,智念せいら,watch_time,regular_season,36034
2026-08-06,LVH,智念せいら,youtube_subscribers,current,60900
2026-08-06,MRG,Spicies,followers,current,32938
2026-08-06,MRG,Spicies,stream_duration,apr_late_2026,97.2
2026-08-06,MRG,Spicies,stream_duration,aug_early_2026,3.5
2026-08-06,MRG,Spicies,stream_duration,jul_early_2026,22.0
2026-08-06,MRG,Spicies,stream_duration,jul_late_2026,20.6
2026-08-06,MRG,Spicies,stream_duration,jun_early_2026,84.2
2026-08-06,MRG,Spicies,stream_duration,jun_late_2026,55.6
2026-08-06,MRG,Spicies,stream_duration,may_early_2026,40.3
2026-08-06,MRG,Spicies,stream_duration,may_late_2026,52.1
2026-08-06,MRG,Spicies,stream_duration,regular_season,33.4
2026-08-06,MRG,Spicies,video_upload_count,apr_late_2026,12
2026-08-06,MRG,Spicies,video_upload_count,aug_early_2026,0
2026-08-06,MRG,Spicies,video_upload_count,jul_early_2026,2
2026-08-06,MRG,Spicies,video_upload_count,jul_late_2026,1
2026-08-06,MRG,Spicies,video_upload_count,jun_early_2026,3
2026-08-06,MRG,Spicies,video_upload_count,jun_late_2026,4
2026-08-06,MRG,Spicies,video_upload_count,may_early_2026,6
2026-08-06,MRG,Spicies,video_upload_count,may_late_2026,5
2026-08-06,MRG,Spicies,video_upload_count,regular_season,2
2026-08-06,MRG,Spicies,video_view_count,aug_early_2026,0
2026-08-06,MRG,Spicies,video_view_count,jul_early_2026,54296
2026-08-06,MRG,Spicies,video_view_count,jul_late_2026,27377
2026-08-06,MRG,Spicies,video_view_count,jun_early_2026,44105
2026-08-06,MRG,Spicies,video_view_count,jun_late_2026,103158
2026-08-06,MRG,Spicies,video_view_count,may_early_2026,167728
2026-08-06,MRG,Spicies,video_view_count,may_late_2026,96387
2026-08-06,MRG,Spicies,video_view_count,regular_season,50607
2026-08-06,MRG,Spicies,watch_time,aug_early_2026,4942
2026-08-06,MRG,Spicies,watch_time,jul_early_2026,47762
2026-08-06,MRG,Spicies,watch_time,jul_late_2026,28397
2026-08-06,MRG,Spicies,watch_time,jun_early_2026,105722
2026-08-06,MRG,Spicies,watch_time,jun_late_2026,122304
2026-08-06,MRG,Spicies,watch_time,may_early_2026,99977
2026-08-06,MRG,Spicies,watch_time,may_late_2026,89154
2026-08-06,MRG,Spicies,watch_time,regular_season,56154
2026-08-06,MRG,Spicies,youtube_subscribers,current,42100
2026-08-06,MRG,Toby,followers,current,18890
2026-08-06,MRG,Toby,stream_duration,apr_late_2026,39.2
2026-08-06,MRG,Toby,stream_duration,aug_early_2026,1.0
2026-08-06,MRG,Toby,stream_duration,jul_early_2026,12.6
2026-08-06,MRG,Toby,stream_duration,jul_late_2026,2.4
2026-08-06,MRG,Toby,stream_duration,jun_early_2026,6.3
2026-08-06,MRG,Toby,stream_duration,jun_late_2026,32.7
2026-08-06,MRG,Toby,stream_duration,may_early_2026,18.5
2026-08-06,MRG,Toby,stream_duration,may_late_2026,25.8
2026-08-06,MRG,Toby,stream_duration,regular_season,8.3
2026-08-06,MRG,Toby,video_upload_count,apr_late_2026,0
2026-08-06,MRG,Toby,video_upload_count,aug_early_2026,0
2026-08-06,MRG,Toby,video_upload_count,jul_early_2026,0
2026-08-06,MRG,Toby,video_upload_count,jul_late_2026,0
2026-08-06,MRG,Toby,video_upload_count,jun_early_2026,0
2026-08-06,MRG,Toby,video_upload_count,jun_late_2026,2
2026-08-06,MRG,Toby,video_upload_count,may_early_2026,0
2026-08-06,MRG,Toby,video_upload_count,may_late_2026,0
2026-08-06,MRG,Toby,video_upload_count,regular_season,0
2026-08-06,MRG,Toby,video_view_count,aug_early_2026,0
2026-08-06,MRG,Toby,video_view_count,jul_early_2026,0
2026-08-06,MRG,Toby,video_view_count,jul_late_2026,0
2026-08-06,MRG,Toby,video_view_count,jun_early_2026,0
2026-08-06,MRG,Toby,video_view_count,jun_late_2026,14358
2026-08-06,MRG,Toby,video_view_count,may_early_2026,0
2026-08-06,MRG,Toby,video_view_count,may_late_2026,0
2026-08-06,MRG,Toby,video_view_count,regular_season,0
2026-08-06,MRG,Toby,watch_time,aug_early_2026,2865
2026-08-06,MRG,Toby,watch_time,jul_early_2026,19385
2026-08-06,MRG,Toby,watch_time,jul_late_2026,3958
2026-08-06,MRG,Toby,watch_time,jun_early_2026,4704
2026-08-06,MRG,Toby,watch_time,jun_late_2026,66426
2026-08-06,MRG,Toby,watch_time,may_early_2026,28670
2026-08-06,MRG,Toby,watch_time,may_late_2026,19931
2026-08-06,MRG,Toby,watch_time,regular_season,13058
2026-08-06,MRG,Toby,youtube_subscribers,current,16800
2026-08-06,MRG,glory,followers,current,14959
2026-08-06,MRG,glory,stream_duration,apr_late_2026,82.8
2026-08-06,MRG,glory,stream_duration,aug_early_2026,6.9
2026-08-06,MRG,glory,stream_duration,jul_early_2026,33.2
2026-08-06,MRG,glory,stream_duration,jul_late_2026,28.6
2026-08-06,MRG,glory,stream_duration,jun_early_2026,64.5
2026-08-06,MRG,glory,stream_duration,jun_late_2026,61.2
2026-08-06,MRG,glory,stream_duration,may_early_2026,48.3
2026-08-06,MRG,glory,stream_duration,may_late_2026,82.8
2026-08-06,MRG,glory,stream_duration,regular_season,50.6
2026-08-06,MRG,glory,video_upload_count,apr_late_2026,0
2026-08-06,MRG,glory,video_upload_count,aug_early_2026,0
2026-08-06,MRG,glory,video_upload_count,jul_early_2026,0
2026-08-06,MRG,glory,video_upload_count,jul_late_2026,0
2026-08-06,MRG,glory,video_upload_count,jun_early_2026,0
2026-08-06,MRG,glory,video_upload_count,jun_late_2026,0
2026-08-06,MRG,glory,video_upload_count,may_early_2026,0
2026-08-06,MRG,glory,video_upload_count,may_late_2026,0
2026-08-06,MRG,glory,video_upload_count,regular_season,0
2026-08-06,MRG,glory,video_view_count,aug_early_2026,0
2026-08-06,MRG,glory,video_view_count,jul_early_2026,0
2026-08-06,MRG,glory,video_view_count,jul_late_2026,0
2026-08-06,MRG,glory,video_view_count,jun_early_2026,0
2026-08-06,MRG,glory,video_view_count,jun_late_2026,0
2026-08-06,MRG,glory,video_view_count,may_early_2026,0
2026-08-06,MRG,glory,video_view_count,may_late_2026,0
2026-08-06,MRG,glory,video_view_count,regular_season,0
2026-08-06,MRG,glory,watch_time,aug_early_2026,10106
2026-08-06,MRG,glory,watch_time,jul_early_2026,28636
2026-08-06,MRG,glory,watch_time,jul_late_2026,31369
2026-08-06,MRG,glory,watch_time,jun_early_2026,23062
2026-08-06,MRG,glory,watch_time,jun_late_2026,29182
2026-08-06,MRG,glory,watch_time,may_early_2026,28275
2026-08-06,MRG,glory,watch_time,may_late_2026,42240
2026-08-06,MRG,glory,watch_time,regular_season,55152
2026-08-06,MRG,glory,youtube_subscribers,current,8100
2026-08-06,MRG,もっちゃま,followers,current,10033
2026-08-06,MRG,もっちゃま,stream_duration,aug_early_2026,10.1
2026-08-06,MRG,もっちゃま,stream_duration,jul_early_2026,82.5
2026-08-06,MRG,もっちゃま,stream_duration,jul_late_2026,67.4
2026-08-06,MRG,もっちゃま,stream_duration,jun_late_2026,40.9
2026-08-06,MRG,もっちゃま,stream_duration,regular_season,91.1
2026-08-06,MRG,もっちゃま,video_upload_count,aug_early_2026,0
2026-08-06,MRG,もっちゃま,video_upload_count,jul_early_2026,0
2026-08-06,MRG,もっちゃま,video_upload_count,jul_late_2026,0
2026-08-06,MRG,もっちゃま,video_upload_count,jun_late_2026,0
2026-08-06,MRG,もっちゃま,video_upload_count,regular_season,0
2026-08-06,MRG,もっちゃま,video_view_count,aug_early_2026,0
2026-08-06,MRG,もっちゃま,video_view_count,jul_early_2026,0
2026-08-06,MRG,もっちゃま,video_view_count,jul_late_2026,0
2026-08-06,MRG,もっちゃま,video_view_count,regular_season,0
2026-08-06,MRG,もっちゃま,watch_time,aug_early_2026,16360
2026-08-06,MRG,もっちゃま,watch_time,jul_early_2026,116677
2026-08-06,MRG,もっちゃま,watch_time,jul_late_2026,102904
2026-08-06,MRG,もっちゃま,watch_time,regular_season,142310
2026-08-06,MRG,もっちゃま,youtube_subscribers,current,18200
2026-08-06,MRG,マイト,followers,current,11478
2026-08-06,MRG,マイト,stream_duration,apr_late_2026,90.4
2026-08-06,MRG,マイト,stream_duration,aug_early_2026,7.3
2026-08-06,MRG,マイト,stream_duration,jul_early_2026,22.0
2026-08-06,MRG,マイト,stream_duration,jul_late_2026,9.9
2026-08-06,MRG,マイト,stream_duration,jun_early_2026,54.9
2026-08-06,MRG,マイト,stream_duration,jun_late_2026,51.3
2026-08-06,MRG,マイト,stream_duration,may_early_2026,49.9
2026-08-06,MRG,マイト,stream_duration,may_late_2026,60.4
2026-08-06,MRG,マイト,stream_duration,regular_season,19.1
2026-08-06,MRG,マイト,video_upload_count,apr_late_2026,1
2026-08-06,MRG,マイト,video_upload_count,aug_early_2026,1
2026-08-06,MRG,マイト,video_upload_count,jul_early_2026,3
2026-08-06,MRG,マイト,video_upload_count,jul_late_2026,3
2026-08-06,MRG,マイト,video_upload_count,jun_early_2026,0
2026-08-06,MRG,マイト,video_upload_count,jun_late_2026,4
2026-08-06,MRG,マイト,video_upload_count,may_early_2026,0
2026-08-06,MRG,マイト,video_upload_count,may_late_2026,0
2026-08-06,MRG,マイト,video_upload_count,regular_season,4
2026-08-06,MRG,マイト,video_view_count,aug_early_2026,0
2026-08-06,MRG,マイト,video_view_count,jul_early_2026,50094
2026-08-06,MRG,マイト,video_view_count,jul_late_2026,42932
2026-08-06,MRG,マイト,video_view_count,jun_early_2026,0
2026-08-06,MRG,マイト,video_view_count,jun_late_2026,52957
2026-08-06,MRG,マイト,video_view_count,may_early_2026,0
2026-08-06,MRG,マイト,video_view_count,may_late_2026,0
2026-08-06,MRG,マイト,video_view_count,regular_season,42932
2026-08-06,MRG,マイト,watch_time,aug_early_2026,15216
2026-08-06,MRG,マイト,watch_time,jul_early_2026,34758
2026-08-06,MRG,マイト,watch_time,jul_late_2026,9407
2026-08-06,MRG,マイト,watch_time,jun_early_2026,58593
2026-08-06,MRG,マイト,watch_time,jun_late_2026,66965
2026-08-06,MRG,マイト,watch_time,may_early_2026,73329
2026-08-06,MRG,マイト,watch_time,may_late_2026,80542
2026-08-06,MRG,マイト,watch_time,regular_season,26757
2026-08-06,MRG,マイト,youtube_subscribers,current,36100
2026-08-06,RC,あぐのむ,followers,current,27318
2026-08-06,RC,あぐのむ,stream_duration,apr_late_2026,12.7
2026-08-06,RC,あぐのむ,stream_duration,aug_early_2026,0.0
2026-08-06,RC,あぐのむ,stream_duration,jul_early_2026,7.4
2026-08-06,RC,あぐのむ,stream_duration,jul_late_2026,1.4
2026-08-06,RC,あぐのむ,stream_duration,jun_early_2026,18.5
2026-08-06,RC,あぐのむ,stream_duration,jun_late_2026,6.1
2026-08-06,RC,あぐのむ,stream_duration,may_early_2026,12.4
2026-08-06,RC,あぐのむ,stream_duration,may_late_2026,0.9
2026-08-06,RC,あぐのむ,stream_duration,regular_season,8.8
2026-08-06,RC,あぐのむ,video_upload_count,apr_late_2026,2
2026-08-06,RC,あぐのむ,video_upload_count,aug_early_2026,1
2026-08-06,RC,あぐのむ,video_upload_count,jul_early_2026,1
2026-08-06,RC,あぐのむ,video_upload_count,jul_late_2026,0
2026-08-06,RC,あぐのむ,video_upload_count,jun_early_2026,0
2026-08-06,RC,あぐのむ,video_upload_count,jun_late_2026,3
2026-08-06,RC,あぐのむ,video_upload_count,may_early_2026,2
2026-08-06,RC,あぐのむ,video_upload_count,may_late_2026,0
2026-08-06,RC,あぐのむ,video_upload_count,regular_season,1
2026-08-06,RC,あぐのむ,video_view_count,aug_early_2026,0
2026-08-06,RC,あぐのむ,video_view_count,jul_early_2026,17335
2026-08-06,RC,あぐのむ,video_view_count,jul_late_2026,0
2026-08-06,RC,あぐのむ,video_view_count,jun_early_2026,0
2026-08-06,RC,あぐのむ,video_view_count,jun_late_2026,52049
2026-08-06,RC,あぐのむ,video_view_count,may_early_2026,20087
2026-08-06,RC,あぐのむ,video_view_count,may_late_2026,0
2026-08-06,RC,あぐのむ,video_view_count,regular_season,0
2026-08-06,RC,あぐのむ,watch_time,aug_early_2026,0
2026-08-06,RC,あぐのむ,watch_time,jul_early_2026,4303
2026-08-06,RC,あぐのむ,watch_time,jul_late_2026,1014
2026-08-06,RC,あぐのむ,watch_time,jun_early_2026,3773
2026-08-06,RC,あぐのむ,watch_time,jun_late_2026,1718
2026-08-06,RC,あぐのむ,watch_time,may_early_2026,7048
2026-08-06,RC,あぐのむ,watch_time,may_late_2026,45
2026-08-06,RC,あぐのむ,watch_time,regular_season,5311
2026-08-06,RC,あぐのむ,youtube_subscribers,current,35400
2026-08-06,RC,たばた,followers,current,11338
2026-08-06,RC,たばた,stream_duration,apr_late_2026,3.1
2026-08-06,RC,たばた,stream_duration,aug_early_2026,1.9
2026-08-06,RC,たばた,stream_duration,jul_early_2026,9.6
2026-08-06,RC,たばた,stream_duration,jul_late_2026,8.3
2026-08-06,RC,たばた,stream_duration,jun_early_2026,49.8
2026-08-06,RC,たばた,stream_duration,jun_late_2026,19.5
2026-08-06,RC,たばた,stream_duration,may_early_2026,4.0
2026-08-06,RC,たばた,stream_duration,may_late_2026,4.6
2026-08-06,RC,たばた,stream_duration,regular_season,11.4
2026-08-06,RC,たばた,video_upload_count,apr_late_2026,0
2026-08-06,RC,たばた,video_upload_count,aug_early_2026,0
2026-08-06,RC,たばた,video_upload_count,jul_early_2026,0
2026-08-06,RC,たばた,video_upload_count,jul_late_2026,3
2026-08-06,RC,たばた,video_upload_count,jun_early_2026,1
2026-08-06,RC,たばた,video_upload_count,jun_late_2026,2
2026-08-06,RC,たばた,video_upload_count,may_early_2026,0
2026-08-06,RC,たばた,video_upload_count,may_late_2026,1
2026-08-06,RC,たばた,video_upload_count,regular_season,3
2026-08-06,RC,たばた,video_view_count,aug_early_2026,0
2026-08-06,RC,たばた,video_view_count,jul_early_2026,0
2026-08-06,RC,たばた,video_view_count,jul_late_2026,28883
2026-08-06,RC,たばた,video_view_count,jun_early_2026,2922
2026-08-06,RC,たばた,video_view_count,jun_late_2026,7648
2026-08-06,RC,たばた,video_view_count,may_early_2026,0
2026-08-06,RC,たばた,video_view_count,may_late_2026,3273
2026-08-06,RC,たばた,video_view_count,regular_season,28883
2026-08-06,RC,たばた,watch_time,aug_early_2026,825
2026-08-06,RC,たばた,watch_time,jul_early_2026,982
2026-08-06,RC,たばた,watch_time,jul_late_2026,2352
2026-08-06,RC,たばた,watch_time,jun_early_2026,3924
2026-08-06,RC,たばた,watch_time,jun_late_2026,1715
2026-08-06,RC,たばた,watch_time,may_early_2026,75
2026-08-06,RC,たばた,watch_time,may_late_2026,101
2026-08-06,RC,たばた,watch_time,regular_season,3422
2026-08-06,RC,たばた,youtube_subscribers,current,4030
2026-08-06,RC,つきあかめん,followers,current,3664
2026-08-06,RC,つきあかめん,stream_duration,aug_early_2026,12.5
2026-08-06,RC,つきあかめん,stream_duration,jul_early_2026,43.3
2026-08-06,RC,つきあかめん,stream_duration,jul_late_2026,41.4
2026-08-06,RC,つきあかめん,stream_duration,jun_late_2026,41.7
2026-08-06,RC,つきあかめん,stream_duration,regular_season,65.6
2026-08-06,RC,つきあかめん,video_upload_count,aug_early_2026,0
2026-08-06,RC,つきあかめん,video_upload_count,jul_early_2026,3
2026-08-06,RC,つきあかめん,video_upload_count,jul_late_2026,1
2026-08-06,RC,つきあかめん,video_upload_count,jun_late_2026,1
2026-08-06,RC,つきあかめん,video_upload_count,regular_season,1
2026-08-06,RC,つきあかめん,video_view_count,aug_early_2026,0
2026-08-06,RC,つきあかめん,video_view_count,jul_early_2026,34698
2026-08-06,RC,つきあかめん,video_view_count,jul_late_2026,6154
2026-08-06,RC,つきあかめん,video_view_count,regular_season,6154
2026-08-06,RC,つきあかめん,watch_time,aug_early_2026,4710
2026-08-06,RC,つきあかめん,watch_time,jul_early_2026,17481
2026-08-06,RC,つきあかめん,watch_time,jul_late_2026,14723
2026-08-06,RC,つきあかめん,watch_time,regular_season,25373
2026-08-06,RC,つきあかめん,youtube_subscribers,current,7080
2026-08-06,RC,ぱらちゃん,followers,current,34713
2026-08-06,RC,ぱらちゃん,stream_duration,apr_late_2026,54.1
2026-08-06,RC,ぱらちゃん,stream_duration,aug_early_2026,9.0
2026-08-06,RC,ぱらちゃん,stream_duration,jul_early_2026,37.5
2026-08-06,RC,ぱらちゃん,stream_duration,jul_late_2026,33.0
2026-08-06,RC,ぱらちゃん,stream_duration,jun_early_2026,20.4
2026-08-06,RC,ぱらちゃん,stream_duration,jun_late_2026,35.2
2026-08-06,RC,ぱらちゃん,stream_duration,may_early_2026,37.5
2026-08-06,RC,ぱらちゃん,stream_duration,may_late_2026,48.8
2026-08-06,RC,ぱらちゃん,stream_duration,regular_season,54.0
2026-08-06,RC,ぱらちゃん,video_upload_count,apr_late_2026,2
2026-08-06,RC,ぱらちゃん,video_upload_count,aug_early_2026,0
2026-08-06,RC,ぱらちゃん,video_upload_count,jul_early_2026,0
2026-08-06,RC,ぱらちゃん,video_upload_count,jul_late_2026,0
2026-08-06,RC,ぱらちゃん,video_upload_count,jun_early_2026,1
2026-08-06,RC,ぱらちゃん,video_upload_count,jun_late_2026,1
2026-08-06,RC,ぱらちゃん,video_upload_count,may_early_2026,9
2026-08-06,RC,ぱらちゃん,video_upload_count,may_late_2026,4
2026-08-06,RC,ぱらちゃん,video_upload_count,regular_season,0
2026-08-06,RC,ぱらちゃん,video_view_count,aug_early_2026,0
2026-08-06,RC,ぱらちゃん,video_view_count,jul_early_2026,0
2026-08-06,RC,ぱらちゃん,video_view_count,jul_late_2026,0
2026-08-06,RC,ぱらちゃん,video_view_count,jun_early_2026,16237
2026-08-06,RC,ぱらちゃん,video_view_count,jun_late_2026,27561
2026-08-06,RC,ぱらちゃん,video_view_count,may_early_2026,159462
2026-08-06,RC,ぱらちゃん,video_view_count,may_late_2026,76393
2026-08-06,RC,ぱらちゃん,video_view_count,regular_season,0
2026-08-06,RC,ぱらちゃん,watch_time,aug_early_2026,6638
2026-08-06,RC,ぱらちゃん,watch_time,jul_early_2026,47653
2026-08-06,RC,ぱらちゃん,watch_time,jul_late_2026,28629
2026-08-06,RC,ぱらちゃん,watch_time,jun_early_2026,14828
2026-08-06,RC,ぱらちゃん,watch_time,jun_late_2026,41002
2026-08-06,RC,ぱらちゃん,watch_time,may_early_2026,54871
2026-08-06,RC,ぱらちゃん,watch_time,may_late_2026,47272
2026-08-06,RC,ぱらちゃん,watch_time,regular_season,47520
2026-08-06,RC,ぱらちゃん,youtube_subscribers,current,45599
2026-08-06,RC,拓海,followers,current,10264
2026-08-06,RC,拓海,stream_duration,apr_late_2026,26.1
2026-08-06,RC,拓海,stream_duration,aug_early_2026,5.6
2026-08-06,RC,拓海,stream_duration,jul_early_2026,30.3
2026-08-06,RC,拓海,stream_duration,jul_late_2026,40.2
2026-08-06,RC,拓海,stream_duration,jun_early_2026,0.0
2026-08-06,RC,拓海,stream_duration,jun_late_2026,55.1
2026-08-06,RC,拓海,stream_duration,may_early_2026,33.3
2026-08-06,RC,拓海,stream_duration,may_late_2026,14.7
2026-08-06,RC,拓海,stream_duration,regular_season,53.1
2026-08-06,RC,拓海,video_upload_count,apr_late_2026,0
2026-08-06,RC,拓海,video_upload_count,aug_early_2026,0
2026-08-06,RC,拓海,video_upload_count,jul_early_2026,1
2026-08-06,RC,拓海,video_upload_count,jul_late_2026,0
2026-08-06,RC,拓海,video_upload_count,jun_early_2026,2
2026-08-06,RC,拓海,video_upload_count,jun_late_2026,1
2026-08-06,RC,拓海,video_upload_count,may_early_2026,0
2026-08-06,RC,拓海,video_upload_count,may_late_2026,0
2026-08-06,RC,拓海,video_upload_count,regular_season,0
2026-08-06,RC,拓海,video_view_count,aug_early_2026,0
2026-08-06,RC,拓海,video_view_count,jul_early_2026,6767
2026-08-06,RC,拓海,video_view_count,jul_late_2026,0
2026-08-06,RC,拓海,video_view_count,jun_early_2026,32895
2026-08-06,RC,拓海,video_view_count,jun_late_2026,5275
2026-08-06,RC,拓海,video_view_count,may_early_2026,0
2026-08-06,RC,拓海,video_view_count,may_late_2026,0
2026-08-06,RC,拓海,video_view_count,regular_season,0
2026-08-06,RC,拓海,watch_time,aug_early_2026,1472
2026-08-06,RC,拓海,watch_time,jul_early_2026,5850
2026-08-06,RC,拓海,watch_time,jul_late_2026,8922
2026-08-06,RC,拓海,watch_time,jun_early_2026,0
2026-08-06,RC,拓海,watch_time,jun_late_2026,5019
2026-08-06,RC,拓海,watch_time,may_early_2026,2915
2026-08-06,RC,拓海,watch_time,may_late_2026,978
2026-08-06,RC,拓海,watch_time,regular_season,11521
2026-08-06,RC,拓海,youtube_subscribers,current,5570
2026-08-06,RDL,Chappy,followers,current,2571
2026-08-06,RDL,Chappy,stream_duration,aug_early_2026,10.2
2026-08-06,RDL,Chappy,stream_duration,jul_early_2026,78.2
2026-08-06,RDL,Chappy,stream_duration,jul_late_2026,32.0
2026-08-06,RDL,Chappy,stream_duration,jun_late_2026,93.0
2026-08-06,RDL,Chappy,stream_duration,regular_season,56.4
2026-08-06,RDL,Chappy,video_upload_count,aug_early_2026,0
2026-08-06,RDL,Chappy,video_upload_count,jul_early_2026,0
2026-08-06,RDL,Chappy,video_upload_count,jul_late_2026,0
2026-08-06,RDL,Chappy,video_upload_count,jun_late_2026,0
2026-08-06,RDL,Chappy,video_upload_count,regular_season,0
2026-08-06,RDL,Chappy,video_view_count,aug_early_2026,0
2026-08-06,RDL,Chappy,video_view_count,jul_early_2026,0
2026-08-06,RDL,Chappy,video_view_count,jul_late_2026,0
2026-08-06,RDL,Chappy,video_view_count,regular_season,0
2026-08-06,RDL,Chappy,watch_time,aug_early_2026,556
2026-08-06,RDL,Chappy,watch_time,jul_early_2026,11737
2026-08-06,RDL,Chappy,watch_time,jul_late_2026,3388
2026-08-06,RDL,Chappy,watch_time,regular_season,5875
2026-08-06,RDL,Stylish_deko,followers,current,1641
2026-08-06,RDL,Stylish_deko,stream_duration,aug_early_2026,13.0
2026-08-06,RDL,Stylish_deko,stream_duration,jul_early_2026,29.9
2026-08-06,RDL,Stylish_deko,stream_duration,jul_late_2026,18.1
2026-08-06,RDL,Stylish_deko,stream_duration,jun_late_2026,39.0
2026-08-06,RDL,Stylish_deko,stream_duration,regular_season,36.2
2026-08-06,RDL,Stylish_deko,video_upload_count,aug_early_2026,0
2026-08-06,RDL,Stylish_deko,video_upload_count,jul_early_2026,1
2026-08-06,RDL,Stylish_deko,video_upload_count,jul_late_2026,0
2026-08-06,RDL,Stylish_deko,video_upload_count,jun_late_2026,2
2026-08-06,RDL,Stylish_deko,video_upload_count,regular_season,0
2026-08-06,RDL,Stylish_deko,video_view_count,aug_early_2026,0
2026-08-06,RDL,Stylish_deko,video_view_count,jul_early_2026,932
2026-08-06,RDL,Stylish_deko,video_view_count,jul_late_2026,0
2026-08-06,RDL,Stylish_deko,video_view_count,regular_season,0
2026-08-06,RDL,Stylish_deko,watch_time,aug_early_2026,1323
2026-08-06,RDL,Stylish_deko,watch_time,jul_early_2026,1858
2026-08-06,RDL,Stylish_deko,watch_time,jul_late_2026,1190
2026-08-06,RDL,Stylish_deko,watch_time,regular_season,2672
2026-08-06,RDL,Stylish_deko,youtube_subscribers,current,542
2026-08-06,RDL,ぱんさく,followers,current,1137
2026-08-06,RDL,ぱんさく,stream_duration,aug_early_2026,0.0
2026-08-06,RDL,ぱんさく,stream_duration,jul_early_2026,5.5
2026-08-06,RDL,ぱんさく,stream_duration,jul_late_2026,1.1
2026-08-06,RDL,ぱんさく,stream_duration,jun_late_2026,15.8
2026-08-06,RDL,ぱんさく,stream_duration,regular_season,2.9
2026-08-06,RDL,ぱんさく,video_upload_count,aug_early_2026,0
2026-08-06,RDL,ぱんさく,video_upload_count,jul_early_2026,0
2026-08-06,RDL,ぱんさく,video_upload_count,jul_late_2026,0
2026-08-06,RDL,ぱんさく,video_upload_count,jun_late_2026,0
2026-08-06,RDL,ぱんさく,video_upload_count,regular_season,0
2026-08-06,RDL,ぱんさく,video_view_count,aug_early_2026,0
2026-08-06,RDL,ぱんさく,video_view_count,jul_early_2026,0
2026-08-06,RDL,ぱんさく,video_view_count,jul_late_2026,0
2026-08-06,RDL,ぱんさく,video_view_count,regular_season,0
2026-08-06,RDL,ぱんさく,watch_time,aug_early_2026,0
2026-08-06,RDL,ぱんさく,watch_time,jul_early_2026,79
2026-08-06,RDL,ぱんさく,watch_time,jul_late_2026,13
2026-08-06,RDL,ぱんさく,watch_time,regular_season,50
2026-08-06,RDL,ぱんさく,youtube_subscribers,current,205
2026-08-06,RDL,山田レクイエム,followers,current,2085
2026-08-06,RDL,山田レクイエム,stream_duration,aug_early_2026,0.0
2026-08-06,RDL,山田レクイエム,stream_duration,jul_early_2026,0.0
2026-08-06,RDL,山田レクイエム,stream_duration,jul_late_2026,0.0
2026-08-06,RDL,山田レクイエム,stream_duration,jun_late_2026,15.4
2026-08-06,RDL,山田レクイエム,stream_duration,regular_season,0.0
2026-08-06,RDL,山田レクイエム,video_upload_count,aug_early_2026,0
2026-08-06,RDL,山田レクイエム,video_upload_count,jul_early_2026,0
2026-08-06,RDL,山田レクイエム,video_upload_count,jul_late_2026,0
2026-08-06,RDL,山田レクイエム,video_upload_count,jun_late_2026,0
2026-08-06,RDL,山田レクイエム,video_upload_count,regular_season,0
2026-08-06,RDL,山田レクイエム,video_view_count,aug_early_2026,0
2026-08-06,RDL,山田レクイエム,video_view_count,jul_early_2026,0
2026-08-06,RDL,山田レクイエム,video_view_count,jul_late_2026,0
2026-08-06,RDL,山田レクイエム,video_view_count,regular_season,0
2026-08-06,RDL,山田レクイエム,watch_time,aug_early_2026,0
2026-08-06,RDL,山田レクイエム,watch_time,jul_early_2026,0
2026-08-06,RDL,山田レクイエム,watch_time,jul_late_2026,0
2026-08-06,RDL,山田レクイエム,watch_time,regular_season,0
2026-08-06,RDL,山田レクイエム,youtube_subscribers,current,305
2026-08-06,RDL,折り紙,followers,current,5122
2026-08-06,RDL,折り紙,stream_duration,apr_late_2026,74.4
2026-08-06,RDL,折り紙,stream_duration,aug_early_2026,7.0
2026-08-06,RDL,折り紙,stream_duration,jul_early_2026,25.6
2026-08-06,RDL,折り紙,stream_duration,jul_late_2026,10.4
2026-08-06,RDL,折り紙,stream_duration,jun_early_2026,47.1
2026-08-06,RDL,折り紙,stream_duration,jun_late_2026,33.0
2026-08-06,RDL,折り紙,stream_duration,may_early_2026,50.5
2026-08-06,RDL,折り紙,stream_duration,may_late_2026,54.7
2026-08-06,RDL,折り紙,stream_duration,regular_season,24.5
2026-08-06,RDL,折り紙,video_upload_count,apr_late_2026,5
2026-08-06,RDL,折り紙,video_upload_count,aug_early_2026,0
2026-08-06,RDL,折り紙,video_upload_count,jul_early_2026,3
2026-08-06,RDL,折り紙,video_upload_count,jul_late_2026,0
2026-08-06,RDL,折り紙,video_upload_count,jun_early_2026,3
2026-08-06,RDL,折り紙,video_upload_count,jun_late_2026,3
2026-08-06,RDL,折り紙,video_upload_count,may_early_2026,3
2026-08-06,RDL,折り紙,video_upload_count,may_late_2026,5
2026-08-06,RDL,折り紙,video_upload_count,regular_season,0
2026-08-06,RDL,折り紙,video_view_count,aug_early_2026,0
2026-08-06,RDL,折り紙,video_view_count,jul_early_2026,59767
2026-08-06,RDL,折り紙,video_view_count,jul_late_2026,0
2026-08-06,RDL,折り紙,video_view_count,jun_early_2026,43730
2026-08-06,RDL,折り紙,video_view_count,jun_late_2026,88530
2026-08-06,RDL,折り紙,video_view_count,may_early_2026,107876
2026-08-06,RDL,折り紙,video_view_count,may_late_2026,66564
2026-08-06,RDL,折り紙,video_view_count,regular_season,0
2026-08-06,RDL,折り紙,watch_time,aug_early_2026,849
2026-08-06,RDL,折り紙,watch_time,jul_early_2026,6628
2026-08-06,RDL,折り紙,watch_time,jul_late_2026,751
2026-08-06,RDL,折り紙,watch_time,jun_early_2026,5895
2026-08-06,RDL,折り紙,watch_time,jun_late_2026,4608
2026-08-06,RDL,折り紙,watch_time,may_early_2026,7528
2026-08-06,RDL,折り紙,watch_time,may_late_2026,9118
2026-08-06,RDL,折り紙,watch_time,regular_season,2948
2026-08-06,RDL,折り紙,youtube_subscribers,current,14300
2026-08-06,VRL,Mishadow51,followers,current,2969
2026-08-06,VRL,Mishadow51,stream_duration,apr_late_2026,0.0
2026-08-06,VRL,Mishadow51,stream_duration,aug_early_2026,0.0
2026-08-06,VRL,Mishadow51,stream_duration,jul_early_2026,0.0
2026-08-06,VRL,Mishadow51,stream_duration,jul_late_2026,0.0
2026-08-06,VRL,Mishadow51,stream_duration,jun_early_2026,0.0
2026-08-06,VRL,Mishadow51,stream_duration,jun_late_2026,0.0
2026-08-06,VRL,Mishadow51,stream_duration,may_early_2026,0.0
2026-08-06,VRL,Mishadow51,stream_duration,may_late_2026,0.0
2026-08-06,VRL,Mishadow51,stream_duration,regular_season,0.0
2026-08-06,VRL,Mishadow51,video_upload_count,apr_late_2026,0
2026-08-06,VRL,Mishadow51,video_upload_count,aug_early_2026,0
2026-08-06,VRL,Mishadow51,video_upload_count,jul_early_2026,0
2026-08-06,VRL,Mishadow51,video_upload_count,jul_late_2026,0
2026-08-06,VRL,Mishadow51,video_upload_count,jun_early_2026,0
2026-08-06,VRL,Mishadow51,video_upload_count,jun_late_2026,0
2026-08-06,VRL,Mishadow51,video_upload_count,may_early_2026,0
2026-08-06,VRL,Mishadow51,video_upload_count,may_late_2026,0
2026-08-06,VRL,Mishadow51,video_upload_count,regular_season,0
2026-08-06,VRL,Mishadow51,video_view_count,aug_early_2026,0
2026-08-06,VRL,Mishadow51,video_view_count,jul_early_2026,0
2026-08-06,VRL,Mishadow51,video_view_count,jul_late_2026,0
2026-08-06,VRL,Mishadow51,video_view_count,jun_early_2026,0
2026-08-06,VRL,Mishadow51,video_view_count,jun_late_2026,0
2026-08-06,VRL,Mishadow51,video_view_count,may_early_2026,0
2026-08-06,VRL,Mishadow51,video_view_count,may_late_2026,0
2026-08-06,VRL,Mishadow51,video_view_count,regular_season,0
2026-08-06,VRL,Mishadow51,watch_time,aug_early_2026,0
2026-08-06,VRL,Mishadow51,watch_time,jul_early_2026,0
2026-08-06,VRL,Mishadow51,watch_time,jul_late_2026,0
2026-08-06,VRL,Mishadow51,watch_time,jun_early_2026,0
2026-08-06,VRL,Mishadow51,watch_time,jun_late_2026,0
2026-08-06,VRL,Mishadow51,watch_time,may_early_2026,0
2026-08-06,VRL,Mishadow51,watch_time,may_late_2026,0
2026-08-06,VRL,Mishadow51,watch_time,regular_season,0
2026-08-06,VRL,Mishadow51,youtube_subscribers,current,29
2026-08-06,VRL,Terarina,followers,current,3799
2026-08-06,VRL,Terarina,stream_duration,apr_late_2026,4.0
2026-08-06,VRL,Terarina,stream_duration,aug_early_2026,0.9
2026-08-06,VRL,Terarina,stream_duration,jul_early_2026,0.2
2026-08-06,VRL,Terarina,stream_duration,jul_late_2026,9.1
2026-08-06,VRL,Terarina,stream_duration,jun_early_2026,16.0
2026-08-06,VRL,Terarina,stream_duration,jun_late_2026,4.2
2026-08-06,VRL,Terarina,stream_duration,may_early_2026,5.1
2026-08-06,VRL,Terarina,stream_duration,may_late_2026,5.9
2026-08-06,VRL,Terarina,stream_duration,regular_season,10.0
2026-08-06,VRL,Terarina,video_upload_count,apr_late_2026,0
2026-08-06,VRL,Terarina,video_upload_count,aug_early_2026,0
2026-08-06,VRL,Terarina,video_upload_count,jul_early_2026,0
2026-08-06,VRL,Terarina,video_upload_count,jul_late_2026,0
2026-08-06,VRL,Terarina,video_upload_count,jun_early_2026,0
2026-08-06,VRL,Terarina,video_upload_count,jun_late_2026,0
2026-08-06,VRL,Terarina,video_upload_count,may_early_2026,0
2026-08-06,VRL,Terarina,video_upload_count,may_late_2026,0
2026-08-06,VRL,Terarina,video_upload_count,regular_season,0
2026-08-06,VRL,Terarina,video_view_count,aug_early_2026,0
2026-08-06,VRL,Terarina,video_view_count,jul_early_2026,0
2026-08-06,VRL,Terarina,video_view_count,jul_late_2026,0
2026-08-06,VRL,Terarina,video_view_count,jun_early_2026,0
2026-08-06,VRL,Terarina,video_view_count,jun_late_2026,0
2026-08-06,VRL,Terarina,video_view_count,may_early_2026,0
2026-08-06,VRL,Terarina,video_view_count,may_late_2026,0
2026-08-06,VRL,Terarina,video_view_count,regular_season,0
2026-08-06,VRL,Terarina,watch_time,aug_early_2026,4
2026-08-06,VRL,Terarina,watch_time,jul_early_2026,3
2026-08-06,VRL,Terarina,watch_time,jul_late_2026,65
2026-08-06,VRL,Terarina,watch_time,jun_early_2026,2920
2026-08-06,VRL,Terarina,watch_time,jun_late_2026,193
2026-08-06,VRL,Terarina,watch_time,may_early_2026,387
2026-08-06,VRL,Terarina,watch_time,may_late_2026,381
2026-08-06,VRL,Terarina,watch_time,regular_season,70
2026-08-06,VRL,Terarina,youtube_subscribers,current,1770
2026-08-06,VRL,monakawan,followers,current,1887
2026-08-06,VRL,monakawan,stream_duration,apr_late_2026,0.0
2026-08-06,VRL,monakawan,stream_duration,aug_early_2026,11.1
2026-08-06,VRL,monakawan,stream_duration,jul_early_2026,0.0
2026-08-06,VRL,monakawan,stream_duration,jul_late_2026,16.7
2026-08-06,VRL,monakawan,stream_duration,jun_early_2026,0.0
2026-08-06,VRL,monakawan,stream_duration,jun_late_2026,0.0
2026-08-06,VRL,monakawan,stream_duration,may_early_2026,0.0
2026-08-06,VRL,monakawan,stream_duration,may_late_2026,0.0
2026-08-06,VRL,monakawan,stream_duration,regular_season,27.8
2026-08-06,VRL,monakawan,video_upload_count,apr_late_2026,0
2026-08-06,VRL,monakawan,video_upload_count,aug_early_2026,0
2026-08-06,VRL,monakawan,video_upload_count,jul_early_2026,0
2026-08-06,VRL,monakawan,video_upload_count,jul_late_2026,0
2026-08-06,VRL,monakawan,video_upload_count,jun_early_2026,0
2026-08-06,VRL,monakawan,video_upload_count,jun_late_2026,0
2026-08-06,VRL,monakawan,video_upload_count,may_early_2026,0
2026-08-06,VRL,monakawan,video_upload_count,may_late_2026,0
2026-08-06,VRL,monakawan,video_upload_count,regular_season,0
2026-08-06,VRL,monakawan,video_view_count,aug_early_2026,0
2026-08-06,VRL,monakawan,video_view_count,jul_early_2026,0
2026-08-06,VRL,monakawan,video_view_count,jul_late_2026,0
2026-08-06,VRL,monakawan,video_view_count,jun_early_2026,0
2026-08-06,VRL,monakawan,video_view_count,jun_late_2026,0
2026-08-06,VRL,monakawan,video_view_count,may_early_2026,0
2026-08-06,VRL,monakawan,video_view_count,may_late_2026,0
2026-08-06,VRL,monakawan,video_view_count,regular_season,0
2026-08-06,VRL,monakawan,watch_time,aug_early_2026,184
2026-08-06,VRL,monakawan,watch_time,jul_early_2026,0
2026-08-06,VRL,monakawan,watch_time,jul_late_2026,262
2026-08-06,VRL,monakawan,watch_time,jun_early_2026,0
2026-08-06,VRL,monakawan,watch_time,jun_late_2026,0
2026-08-06,VRL,monakawan,watch_time,may_early_2026,0
2026-08-06,VRL,monakawan,watch_time,may_late_2026,0
2026-08-06,VRL,monakawan,watch_time,regular_season,446
2026-08-06,VRL,monakawan,youtube_subscribers,current,396
2026-08-06,VRL,まっつ,followers,current,4563
2026-08-06,VRL,まっつ,stream_duration,aug_early_2026,2.7
2026-08-06,VRL,まっつ,stream_duration,jul_early_2026,8.3
2026-08-06,VRL,まっつ,stream_duration,jul_late_2026,14.6
2026-08-06,VRL,まっつ,stream_duration,jun_late_2026,16.8
2026-08-06,VRL,まっつ,stream_duration,regular_season,20.3
2026-08-06,VRL,まっつ,video_upload_count,aug_early_2026,0
2026-08-06,VRL,まっつ,video_upload_count,jul_early_2026,0
2026-08-06,VRL,まっつ,video_upload_count,jul_late_2026,0
2026-08-06,VRL,まっつ,video_upload_count,jun_late_2026,0
2026-08-06,VRL,まっつ,video_upload_count,regular_season,0
2026-08-06,VRL,まっつ,video_view_count,aug_early_2026,0
2026-08-06,VRL,まっつ,video_view_count,jul_early_2026,0
2026-08-06,VRL,まっつ,video_view_count,jul_late_2026,0
2026-08-06,VRL,まっつ,video_view_count,regular_season,0
2026-08-06,VRL,まっつ,watch_time,aug_early_2026,234
2026-08-06,VRL,まっつ,watch_time,jul_early_2026,540
2026-08-06,VRL,まっつ,watch_time,jul_late_2026,1435
2026-08-06,VRL,まっつ,watch_time,regular_season,1706
2026-08-06,VRL,まっつ,youtube_subscribers,current,1610
2026-08-06,ZETA,CQCQ,followers,current,13717
2026-08-06,ZETA,CQCQ,stream_duration,apr_late_2026,21.5
2026-08-06,ZETA,CQCQ,stream_duration,aug_early_2026,6.2
2026-08-06,ZETA,CQCQ,stream_duration,jul_early_2026,2.7
2026-08-06,ZETA,CQCQ,stream_duration,jul_late_2026,26.9
2026-08-06,ZETA,CQCQ,stream_duration,jun_early_2026,18.1
2026-08-06,ZETA,CQCQ,stream_duration,jun_late_2026,20.2
2026-08-06,ZETA,CQCQ,stream_duration,may_early_2026,26.4
2026-08-06,ZETA,CQCQ,stream_duration,may_late_2026,18.6
2026-08-06,ZETA,CQCQ,stream_duration,regular_season,33.1
2026-08-06,ZETA,CQCQ,video_upload_count,apr_late_2026,2
2026-08-06,ZETA,CQCQ,video_upload_count,aug_early_2026,0
2026-08-06,ZETA,CQCQ,video_upload_count,jul_early_2026,0
2026-08-06,ZETA,CQCQ,video_upload_count,jul_late_2026,0
2026-08-06,ZETA,CQCQ,video_upload_count,jun_early_2026,0
2026-08-06,ZETA,CQCQ,video_upload_count,jun_late_2026,0
2026-08-06,ZETA,CQCQ,video_upload_count,may_early_2026,1
2026-08-06,ZETA,CQCQ,video_upload_count,may_late_2026,0
2026-08-06,ZETA,CQCQ,video_upload_count,regular_season,0
2026-08-06,ZETA,CQCQ,video_view_count,aug_early_2026,0
2026-08-06,ZETA,CQCQ,video_view_count,jul_early_2026,0
2026-08-06,ZETA,CQCQ,video_view_count,jul_late_2026,0
2026-08-06,ZETA,CQCQ,video_view_count,jun_early_2026,0
2026-08-06,ZETA,CQCQ,video_view_count,jun_late_2026,0
2026-08-06,ZETA,CQCQ,video_view_count,may_early_2026,32600
2026-08-06,ZETA,CQCQ,video_view_count,may_late_2026,0
2026-08-06,ZETA,CQCQ,video_view_count,regular_season,0
2026-08-06,ZETA,CQCQ,watch_time,aug_early_2026,1644
2026-08-06,ZETA,CQCQ,watch_time,jul_early_2026,1808
2026-08-06,ZETA,CQCQ,watch_time,jul_late_2026,12525
2026-08-06,ZETA,CQCQ,watch_time,jun_early_2026,5188
2026-08-06,ZETA,CQCQ,watch_time,jun_late_2026,8316
2026-08-06,ZETA,CQCQ,watch_time,may_early_2026,18546
2026-08-06,ZETA,CQCQ,watch_time,may_late_2026,9708
2026-08-06,ZETA,CQCQ,watch_time,regular_season,14200
2026-08-06,ZETA,CQCQ,youtube_subscribers,current,13500
2026-08-06,ZETA,TBT,followers,current,2618
2026-08-06,ZETA,TBT,stream_duration,apr_late_2026,4.4
2026-08-06,ZETA,TBT,stream_duration,aug_early_2026,5.4
2026-08-06,ZETA,TBT,stream_duration,jul_early_2026,3.8
2026-08-06,ZETA,TBT,stream_duration,jul_late_2026,19.3
2026-08-06,ZETA,TBT,stream_duration,jun_early_2026,2.2
2026-08-06,ZETA,TBT,stream_duration,jun_late_2026,19.3
2026-08-06,ZETA,TBT,stream_duration,may_early_2026,0.0
2026-08-06,ZETA,TBT,stream_duration,may_late_2026,16.0
2026-08-06,ZETA,TBT,stream_duration,regular_season,24.7
2026-08-06,ZETA,TBT,video_upload_count,apr_late_2026,2
2026-08-06,ZETA,TBT,video_upload_count,aug_early_2026,0
2026-08-06,ZETA,TBT,video_upload_count,jul_early_2026,0
2026-08-06,ZETA,TBT,video_upload_count,jul_late_2026,0
2026-08-06,ZETA,TBT,video_upload_count,jun_early_2026,0
2026-08-06,ZETA,TBT,video_upload_count,jun_late_2026,0
2026-08-06,ZETA,TBT,video_upload_count,may_early_2026,0
2026-08-06,ZETA,TBT,video_upload_count,may_late_2026,0
2026-08-06,ZETA,TBT,video_upload_count,regular_season,0
2026-08-06,ZETA,TBT,video_view_count,aug_early_2026,0
2026-08-06,ZETA,TBT,video_view_count,jul_early_2026,0
2026-08-06,ZETA,TBT,video_view_count,jul_late_2026,0
2026-08-06,ZETA,TBT,video_view_count,jun_early_2026,0
2026-08-06,ZETA,TBT,video_view_count,jun_late_2026,0
2026-08-06,ZETA,TBT,video_view_count,may_early_2026,0
2026-08-06,ZETA,TBT,video_view_count,may_late_2026,0
2026-08-06,ZETA,TBT,video_view_count,regular_season,0
2026-08-06,ZETA,TBT,watch_time,aug_early_2026,946
2026-08-06,ZETA,TBT,watch_time,jul_early_2026,319
2026-08-06,ZETA,TBT,watch_time,jul_late_2026,2111
2026-08-06,ZETA,TBT,watch_time,jun_early_2026,258
2026-08-06,ZETA,TBT,watch_time,jun_late_2026,1414
2026-08-06,ZETA,TBT,watch_time,may_early_2026,0
2026-08-06,ZETA,TBT,watch_time,may_late_2026,2626
2026-08-06,ZETA,TBT,watch_time,regular_season,3062
2026-08-06,ZETA,TBT,youtube_subscribers,current,1240
2026-08-06,ZETA,ねぎま,followers,current,3259
2026-08-06,ZETA,ねぎま,stream_duration,aug_early_2026,13.6
2026-08-06,ZETA,ねぎま,stream_duration,jul_early_2026,14.6
2026-08-06,ZETA,ねぎま,stream_duration,jul_late_2026,37.6
2026-08-06,ZETA,ねぎま,stream_duration,jun_late_2026,77.4
2026-08-06,ZETA,ねぎま,stream_duration,regular_season,51.2
2026-08-06,ZETA,ねぎま,video_upload_count,aug_early_2026,0
2026-08-06,ZETA,ねぎま,video_upload_count,jul_early_2026,0
2026-08-06,ZETA,ねぎま,video_upload_count,jul_late_2026,0
2026-08-06,ZETA,ねぎま,video_upload_count,jun_late_2026,1
2026-08-06,ZETA,ねぎま,video_upload_count,regular_season,0
2026-08-06,ZETA,ねぎま,video_view_count,aug_early_2026,0
2026-08-06,ZETA,ねぎま,video_view_count,jul_early_2026,0
2026-08-06,ZETA,ねぎま,video_view_count,jul_late_2026,0
2026-08-06,ZETA,ねぎま,video_view_count,regular_season,0
2026-08-06,ZETA,ねぎま,watch_time,aug_early_2026,2390
2026-08-06,ZETA,ねぎま,watch_time,jul_early_2026,1479
2026-08-06,ZETA,ねぎま,watch_time,jul_late_2026,6211
2026-08-06,ZETA,ねぎま,watch_time,regular_season,8603
2026-08-06,ZETA,ねぎま,youtube_subscribers,current,1510
2026-08-06,ZETA,ヘイム,followers,current,6335
2026-08-06,ZETA,ヘイム,stream_duration,apr_late_2026,57.1
2026-08-06,ZETA,ヘイム,stream_duration,aug_early_2026,9.7
2026-08-06,ZETA,ヘイム,stream_duration,jul_early_2026,8.1
2026-08-06,ZETA,ヘイム,stream_duration,jul_late_2026,22.7
2026-08-06,ZETA,ヘイム,stream_duration,jun_early_2026,41.3
2026-08-06,ZETA,ヘイム,stream_duration,jun_late_2026,11.1
2026-08-06,ZETA,ヘイム,stream_duration,may_early_2026,63.6
2026-08-06,ZETA,ヘイム,stream_duration,may_late_2026,80.1
2026-08-06,ZETA,ヘイム,stream_duration,regular_season,33.6
2026-08-06,ZETA,ヘイム,video_upload_count,apr_late_2026,0
2026-08-06,ZETA,ヘイム,video_upload_count,aug_early_2026,0
2026-08-06,ZETA,ヘイム,video_upload_count,jul_early_2026,0
2026-08-06,ZETA,ヘイム,video_upload_count,jul_late_2026,0
2026-08-06,ZETA,ヘイム,video_upload_count,jun_early_2026,0
2026-08-06,ZETA,ヘイム,video_upload_count,jun_late_2026,0
2026-08-06,ZETA,ヘイム,video_upload_count,may_early_2026,0
2026-08-06,ZETA,ヘイム,video_upload_count,may_late_2026,0
2026-08-06,ZETA,ヘイム,video_upload_count,regular_season,0
2026-08-06,ZETA,ヘイム,video_view_count,aug_early_2026,0
2026-08-06,ZETA,ヘイム,video_view_count,jul_early_2026,0
2026-08-06,ZETA,ヘイム,video_view_count,jul_late_2026,0
2026-08-06,ZETA,ヘイム,video_view_count,jun_early_2026,0
2026-08-06,ZETA,ヘイム,video_view_count,jun_late_2026,0
2026-08-06,ZETA,ヘイム,video_view_count,may_early_2026,0
2026-08-06,ZETA,ヘイム,video_view_count,may_late_2026,0
2026-08-06,ZETA,ヘイム,video_view_count,regular_season,0
2026-08-06,ZETA,ヘイム,watch_time,aug_early_2026,2408
2026-08-06,ZETA,ヘイム,watch_time,jul_early_2026,1205
2026-08-06,ZETA,ヘイム,watch_time,jul_late_2026,6332
2026-08-06,ZETA,ヘイム,watch_time,jun_early_2026,6920
2026-08-06,ZETA,ヘイム,watch_time,jun_late_2026,1119
2026-08-06,ZETA,ヘイム,watch_time,may_early_2026,30598
2026-08-06,ZETA,ヘイム,watch_time,may_late_2026,19810
2026-08-06,ZETA,ヘイム,watch_time,regular_season,8946
2026-08-06,ZETA,ヘイム,youtube_subscribers,current,5130
2026-08-07,CR,Atom,followers,current,13225
2026-08-07,CR,Atom,stream_duration,apr_late_2026,35.5
2026-08-07,CR,Atom,stream_duration,aug_early_2026,10.4
2026-08-07,CR,Atom,stream_duration,jul_early_2026,0.8
2026-08-07,CR,Atom,stream_duration,jul_late_2026,15.4
2026-08-07,CR,Atom,stream_duration,jun_early_2026,3.6
2026-08-07,CR,Atom,stream_duration,jun_late_2026,0.0
2026-08-07,CR,Atom,stream_duration,may_early_2026,21.2
2026-08-07,CR,Atom,stream_duration,may_late_2026,15.3
2026-08-07,CR,Atom,stream_duration,regular_season,26.7
2026-08-07,CR,Atom,video_upload_count,apr_late_2026,0
2026-08-07,CR,Atom,video_upload_count,aug_early_2026,0
2026-08-07,CR,Atom,video_upload_count,jul_early_2026,0
2026-08-07,CR,Atom,video_upload_count,jul_late_2026,0
2026-08-07,CR,Atom,video_upload_count,jun_early_2026,0
2026-08-07,CR,Atom,video_upload_count,jun_late_2026,0
2026-08-07,CR,Atom,video_upload_count,may_early_2026,0
2026-08-07,CR,Atom,video_upload_count,may_late_2026,0
2026-08-07,CR,Atom,video_upload_count,regular_season,0
2026-08-07,CR,Atom,video_view_count,aug_early_2026,0
2026-08-07,CR,Atom,video_view_count,jul_early_2026,0
2026-08-07,CR,Atom,video_view_count,jul_late_2026,0
2026-08-07,CR,Atom,video_view_count,jun_early_2026,0
2026-08-07,CR,Atom,video_view_count,jun_late_2026,0
2026-08-07,CR,Atom,video_view_count,may_early_2026,0
2026-08-07,CR,Atom,video_view_count,may_late_2026,0
2026-08-07,CR,Atom,video_view_count,regular_season,0
2026-08-07,CR,Atom,watch_time,aug_early_2026,5099
2026-08-07,CR,Atom,watch_time,jul_early_2026,209
2026-08-07,CR,Atom,watch_time,jul_late_2026,4353
2026-08-07,CR,Atom,watch_time,jun_early_2026,2778
2026-08-07,CR,Atom,watch_time,jun_late_2026,0
2026-08-07,CR,Atom,watch_time,may_early_2026,17519
2026-08-07,CR,Atom,watch_time,may_late_2026,9365
2026-08-07,CR,Atom,watch_time,regular_season,9671
2026-08-07,CR,Atom,youtube_subscribers,current,8060
2026-08-07,CR,Winter,followers,current,3014
2026-08-07,CR,Winter,stream_duration,apr_late_2026,0.0
2026-08-07,CR,Winter,stream_duration,aug_early_2026,3.6
2026-08-07,CR,Winter,stream_duration,jul_early_2026,0.0
2026-08-07,CR,Winter,stream_duration,jul_late_2026,16.3
2026-08-07,CR,Winter,stream_duration,jun_early_2026,0.0
2026-08-07,CR,Winter,stream_duration,jun_late_2026,5.5
2026-08-07,CR,Winter,stream_duration,may_early_2026,0.0
2026-08-07,CR,Winter,stream_duration,may_late_2026,4.7
2026-08-07,CR,Winter,stream_duration,regular_season,19.9
2026-08-07,CR,Winter,video_upload_count,apr_late_2026,0
2026-08-07,CR,Winter,video_upload_count,aug_early_2026,0
2026-08-07,CR,Winter,video_upload_count,jul_early_2026,0
2026-08-07,CR,Winter,video_upload_count,jul_late_2026,0
2026-08-07,CR,Winter,video_upload_count,jun_early_2026,0
2026-08-07,CR,Winter,video_upload_count,jun_late_2026,0
2026-08-07,CR,Winter,video_upload_count,may_early_2026,0
2026-08-07,CR,Winter,video_upload_count,may_late_2026,0
2026-08-07,CR,Winter,video_upload_count,regular_season,0
2026-08-07,CR,Winter,video_view_count,aug_early_2026,0
2026-08-07,CR,Winter,video_view_count,jul_early_2026,0
2026-08-07,CR,Winter,video_view_count,jul_late_2026,0
2026-08-07,CR,Winter,video_view_count,jun_early_2026,0
2026-08-07,CR,Winter,video_view_count,jun_late_2026,0
2026-08-07,CR,Winter,video_view_count,may_early_2026,0
2026-08-07,CR,Winter,video_view_count,may_late_2026,0
2026-08-07,CR,Winter,video_view_count,regular_season,0
2026-08-07,CR,Winter,watch_time,aug_early_2026,174
2026-08-07,CR,Winter,watch_time,jul_early_2026,0
2026-08-07,CR,Winter,watch_time,jul_late_2026,874
2026-08-07,CR,Winter,watch_time,jun_early_2026,0
2026-08-07,CR,Winter,watch_time,jun_late_2026,346
2026-08-07,CR,Winter,watch_time,may_early_2026,0
2026-08-07,CR,Winter,watch_time,may_late_2026,260
2026-08-07,CR,Winter,watch_time,regular_season,1048
2026-08-07,CR,Winter,youtube_subscribers,current,1010
2026-08-07,CR,ふぇぐ,followers,current,34315
2026-08-07,CR,ふぇぐ,stream_duration,aug_early_2026,1.6
2026-08-07,CR,ふぇぐ,stream_duration,jul_early_2026,1.0
2026-08-07,CR,ふぇぐ,stream_duration,jul_late_2026,11.2
2026-08-07,CR,ふぇぐ,stream_duration,jun_late_2026,17.7
2026-08-07,CR,ふぇぐ,stream_duration,regular_season,12.9
2026-08-07,CR,ふぇぐ,video_upload_count,aug_early_2026,0
2026-08-07,CR,ふぇぐ,video_upload_count,jul_early_2026,0
2026-08-07,CR,ふぇぐ,video_upload_count,jul_late_2026,1
2026-08-07,CR,ふぇぐ,video_upload_count,jun_late_2026,0
2026-08-07,CR,ふぇぐ,video_upload_count,regular_season,1
2026-08-07,CR,ふぇぐ,video_view_count,aug_early_2026,0
2026-08-07,CR,ふぇぐ,video_view_count,jul_early_2026,0
2026-08-07,CR,ふぇぐ,video_view_count,jul_late_2026,3492
2026-08-07,CR,ふぇぐ,video_view_count,regular_season,3492
2026-08-07,CR,ふぇぐ,watch_time,aug_early_2026,112
2026-08-07,CR,ふぇぐ,watch_time,jul_early_2026,80
2026-08-07,CR,ふぇぐ,watch_time,jul_late_2026,1006
2026-08-07,CR,ふぇぐ,watch_time,regular_season,1123
2026-08-07,CR,ふぇぐ,youtube_subscribers,current,6290
2026-08-07,CR,ふえた,followers,current,3767
2026-08-07,CR,ふえた,stream_duration,apr_late_2026,11.3
2026-08-07,CR,ふえた,stream_duration,aug_early_2026,3.5
2026-08-07,CR,ふえた,stream_duration,jul_early_2026,0.0
2026-08-07,CR,ふえた,stream_duration,jul_late_2026,12.6
2026-08-07,CR,ふえた,stream_duration,jun_early_2026,25.3
2026-08-07,CR,ふえた,stream_duration,jun_late_2026,10.4
2026-08-07,CR,ふえた,stream_duration,may_early_2026,0.0
2026-08-07,CR,ふえた,stream_duration,may_late_2026,1.3
2026-08-07,CR,ふえた,stream_duration,regular_season,16.1
2026-08-07,CR,ふえた,video_upload_count,apr_late_2026,0
2026-08-07,CR,ふえた,video_upload_count,aug_early_2026,0
2026-08-07,CR,ふえた,video_upload_count,jul_early_2026,0
2026-08-07,CR,ふえた,video_upload_count,jul_late_2026,2
2026-08-07,CR,ふえた,video_upload_count,jun_early_2026,0
2026-08-07,CR,ふえた,video_upload_count,jun_late_2026,0
2026-08-07,CR,ふえた,video_upload_count,may_early_2026,0
2026-08-07,CR,ふえた,video_upload_count,may_late_2026,0
2026-08-07,CR,ふえた,video_upload_count,regular_season,2
2026-08-07,CR,ふえた,video_view_count,aug_early_2026,0
2026-08-07,CR,ふえた,video_view_count,jul_early_2026,0
2026-08-07,CR,ふえた,video_view_count,jul_late_2026,3025
2026-08-07,CR,ふえた,video_view_count,jun_early_2026,0
2026-08-07,CR,ふえた,video_view_count,jun_late_2026,0
2026-08-07,CR,ふえた,video_view_count,may_early_2026,0
2026-08-07,CR,ふえた,video_view_count,may_late_2026,0
2026-08-07,CR,ふえた,video_view_count,regular_season,3025
2026-08-07,CR,ふえた,watch_time,aug_early_2026,143
2026-08-07,CR,ふえた,watch_time,jul_early_2026,0
2026-08-07,CR,ふえた,watch_time,jul_late_2026,626
2026-08-07,CR,ふえた,watch_time,jun_early_2026,1221
2026-08-07,CR,ふえた,watch_time,jun_late_2026,742
2026-08-07,CR,ふえた,watch_time,may_early_2026,0
2026-08-07,CR,ふえた,watch_time,may_late_2026,15
2026-08-07,CR,ふえた,watch_time,regular_season,769
2026-08-07,CR,ふえた,youtube_subscribers,current,1190
2026-08-07,CR,空白,followers,current,3932
2026-08-07,CR,空白,stream_duration,apr_late_2026,23.8
2026-08-07,CR,空白,stream_duration,aug_early_2026,5.3
2026-08-07,CR,空白,stream_duration,jul_early_2026,0.0
2026-08-07,CR,空白,stream_duration,jul_late_2026,20.7
2026-08-07,CR,空白,stream_duration,jun_early_2026,26.8
2026-08-07,CR,空白,stream_duration,jun_late_2026,20.3
2026-08-07,CR,空白,stream_duration,may_early_2026,24.5
2026-08-07,CR,空白,stream_duration,may_late_2026,33.6
2026-08-07,CR,空白,stream_duration,regular_season,26.0
2026-08-07,CR,空白,video_upload_count,apr_late_2026,0
2026-08-07,CR,空白,video_upload_count,aug_early_2026,0
2026-08-07,CR,空白,video_upload_count,jul_early_2026,0
2026-08-07,CR,空白,video_upload_count,jul_late_2026,1
2026-08-07,CR,空白,video_upload_count,jun_early_2026,0
2026-08-07,CR,空白,video_upload_count,jun_late_2026,0
2026-08-07,CR,空白,video_upload_count,may_early_2026,0
2026-08-07,CR,空白,video_upload_count,may_late_2026,0
2026-08-07,CR,空白,video_upload_count,regular_season,1
2026-08-07,CR,空白,video_view_count,aug_early_2026,0
2026-08-07,CR,空白,video_view_count,jul_early_2026,0
2026-08-07,CR,空白,video_view_count,jul_late_2026,333
2026-08-07,CR,空白,video_view_count,jun_early_2026,0
2026-08-07,CR,空白,video_view_count,jun_late_2026,0
2026-08-07,CR,空白,video_view_count,may_early_2026,0
2026-08-07,CR,空白,video_view_count,may_late_2026,0
2026-08-07,CR,空白,video_view_count,regular_season,333
2026-08-07,CR,空白,watch_time,aug_early_2026,91
2026-08-07,CR,空白,watch_time,jul_early_2026,0
2026-08-07,CR,空白,watch_time,jul_late_2026,722
2026-08-07,CR,空白,watch_time,jun_early_2026,1152
2026-08-07,CR,空白,watch_time,jun_late_2026,2339
2026-08-07,CR,空白,watch_time,may_early_2026,2243
2026-08-07,CR,空白,watch_time,may_late_2026,1811
2026-08-07,CR,空白,watch_time,regular_season,814
2026-08-07,CR,空白,youtube_subscribers,current,1650
2026-08-07,DFM,MingiGod,followers,current,3592
2026-08-07,DFM,MingiGod,stream_duration,aug_early_2026,3.7
2026-08-07,DFM,MingiGod,stream_duration,jul_early_2026,8.9
2026-08-07,DFM,MingiGod,stream_duration,jul_late_2026,14.9
2026-08-07,DFM,MingiGod,stream_duration,jun_late_2026,16.6
2026-08-07,DFM,MingiGod,stream_duration,regular_season,27.4
2026-08-07,DFM,MingiGod,video_upload_count,aug_early_2026,1
2026-08-07,DFM,MingiGod,video_upload_count,jul_early_2026,0
2026-08-07,DFM,MingiGod,video_upload_count,jul_late_2026,0
2026-08-07,DFM,MingiGod,video_upload_count,jun_late_2026,1
2026-08-07,DFM,MingiGod,video_upload_count,regular_season,1
2026-08-07,DFM,MingiGod,video_view_count,aug_early_2026,0
2026-08-07,DFM,MingiGod,video_view_count,jul_early_2026,0
2026-08-07,DFM,MingiGod,video_view_count,jul_late_2026,0
2026-08-07,DFM,MingiGod,video_view_count,regular_season,0
2026-08-07,DFM,MingiGod,watch_time,aug_early_2026,195
2026-08-07,DFM,MingiGod,watch_time,jul_early_2026,996
2026-08-07,DFM,MingiGod,watch_time,jul_late_2026,1262
2026-08-07,DFM,MingiGod,watch_time,regular_season,2465
2026-08-07,DFM,MingiGod,youtube_subscribers,current,1810
2026-08-07,DFM,かなで,followers,current,2155
2026-08-07,DFM,かなで,stream_duration,apr_late_2026,9.2
2026-08-07,DFM,かなで,stream_duration,aug_early_2026,2.2
2026-08-07,DFM,かなで,stream_duration,jul_early_2026,2.1
2026-08-07,DFM,かなで,stream_duration,jul_late_2026,6.8
2026-08-07,DFM,かなで,stream_duration,jun_early_2026,4.8
2026-08-07,DFM,かなで,stream_duration,jun_late_2026,9.7
2026-08-07,DFM,かなで,stream_duration,may_early_2026,4.5
2026-08-07,DFM,かなで,stream_duration,may_late_2026,9.4
2026-08-07,DFM,かなで,stream_duration,regular_season,9.1
2026-08-07,DFM,かなで,video_upload_count,apr_late_2026,0
2026-08-07,DFM,かなで,video_upload_count,aug_early_2026,0
2026-08-07,DFM,かなで,video_upload_count,jul_early_2026,0
2026-08-07,DFM,かなで,video_upload_count,jul_late_2026,0
2026-08-07,DFM,かなで,video_upload_count,jun_early_2026,0
2026-08-07,DFM,かなで,video_upload_count,jun_late_2026,0
2026-08-07,DFM,かなで,video_upload_count,may_early_2026,0
2026-08-07,DFM,かなで,video_upload_count,may_late_2026,0
2026-08-07,DFM,かなで,video_upload_count,regular_season,0
2026-08-07,DFM,かなで,video_view_count,aug_early_2026,0
2026-08-07,DFM,かなで,video_view_count,jul_early_2026,0
2026-08-07,DFM,かなで,video_view_count,jul_late_2026,0
2026-08-07,DFM,かなで,video_view_count,jun_early_2026,0
2026-08-07,DFM,かなで,video_view_count,jun_late_2026,0
2026-08-07,DFM,かなで,video_view_count,may_early_2026,0
2026-08-07,DFM,かなで,video_view_count,may_late_2026,0
2026-08-07,DFM,かなで,video_view_count,regular_season,0
2026-08-07,DFM,かなで,watch_time,aug_early_2026,48
2026-08-07,DFM,かなで,watch_time,jul_early_2026,52
2026-08-07,DFM,かなで,watch_time,jul_late_2026,141
2026-08-07,DFM,かなで,watch_time,jun_early_2026,73
2026-08-07,DFM,かなで,watch_time,jun_late_2026,301
2026-08-07,DFM,かなで,watch_time,may_early_2026,157
2026-08-07,DFM,かなで,watch_time,may_late_2026,258
2026-08-07,DFM,かなで,watch_time,regular_season,190
2026-08-07,DFM,かなで,youtube_subscribers,current,540
2026-08-07,DFM,ミル,followers,current,14543
2026-08-07,DFM,ミル,stream_duration,apr_late_2026,33.8
2026-08-07,DFM,ミル,stream_duration,aug_early_2026,2.9
2026-08-07,DFM,ミル,stream_duration,jul_early_2026,6.9
2026-08-07,DFM,ミル,stream_duration,jul_late_2026,9.5
2026-08-07,DFM,ミル,stream_duration,jun_early_2026,15.0
2026-08-07,DFM,ミル,stream_duration,jun_late_2026,14.1
2026-08-07,DFM,ミル,stream_duration,may_early_2026,14.1
2026-08-07,DFM,ミル,stream_duration,may_late_2026,23.3
2026-08-07,DFM,ミル,stream_duration,regular_season,19.3
2026-08-07,DFM,ミル,video_upload_count,apr_late_2026,0
2026-08-07,DFM,ミル,video_upload_count,aug_early_2026,0
2026-08-07,DFM,ミル,video_upload_count,jul_early_2026,0
2026-08-07,DFM,ミル,video_upload_count,jul_late_2026,0
2026-08-07,DFM,ミル,video_upload_count,jun_early_2026,0
2026-08-07,DFM,ミル,video_upload_count,jun_late_2026,0
2026-08-07,DFM,ミル,video_upload_count,may_early_2026,0
2026-08-07,DFM,ミル,video_upload_count,may_late_2026,0
2026-08-07,DFM,ミル,video_upload_count,regular_season,0
2026-08-07,DFM,ミル,video_view_count,aug_early_2026,0
2026-08-07,DFM,ミル,video_view_count,jul_early_2026,0
2026-08-07,DFM,ミル,video_view_count,jul_late_2026,0
2026-08-07,DFM,ミル,video_view_count,jun_early_2026,0
2026-08-07,DFM,ミル,video_view_count,jun_late_2026,0
2026-08-07,DFM,ミル,video_view_count,may_early_2026,0
2026-08-07,DFM,ミル,video_view_count,may_late_2026,0
2026-08-07,DFM,ミル,video_view_count,regular_season,0
2026-08-07,DFM,ミル,watch_time,aug_early_2026,560
2026-08-07,DFM,ミル,watch_time,jul_early_2026,321
2026-08-07,DFM,ミル,watch_time,jul_late_2026,210
2026-08-07,DFM,ミル,watch_time,jun_early_2026,2284
2026-08-07,DFM,ミル,watch_time,jun_late_2026,1093
2026-08-07,DFM,ミル,watch_time,may_early_2026,691
2026-08-07,DFM,ミル,watch_time,may_late_2026,1363
2026-08-07,DFM,ミル,watch_time,regular_season,1046
2026-08-07,DFM,ミル,youtube_subscribers,current,3970
2026-08-07,DFM,ユーリ,followers,current,14214
2026-08-07,DFM,ユーリ,stream_duration,apr_late_2026,56.4
2026-08-07,DFM,ユーリ,stream_duration,aug_early_2026,11.3
2026-08-07,DFM,ユーリ,stream_duration,jul_early_2026,9.4
2026-08-07,DFM,ユーリ,stream_duration,jul_late_2026,16.7
2026-08-07,DFM,ユーリ,stream_duration,jun_early_2026,22.3
2026-08-07,DFM,ユーリ,stream_duration,jun_late_2026,27.3
2026-08-07,DFM,ユーリ,stream_duration,may_early_2026,11.7
2026-08-07,DFM,ユーリ,stream_duration,may_late_2026,19.5
2026-08-07,DFM,ユーリ,stream_duration,regular_season,37.4
2026-08-07,DFM,ユーリ,video_upload_count,apr_late_2026,0
2026-08-07,DFM,ユーリ,video_upload_count,aug_early_2026,0
2026-08-07,DFM,ユーリ,video_upload_count,jul_early_2026,0
2026-08-07,DFM,ユーリ,video_upload_count,jul_late_2026,2
2026-08-07,DFM,ユーリ,video_upload_count,jun_early_2026,0
2026-08-07,DFM,ユーリ,video_upload_count,jun_late_2026,0
2026-08-07,DFM,ユーリ,video_upload_count,may_early_2026,0
2026-08-07,DFM,ユーリ,video_upload_count,may_late_2026,0
2026-08-07,DFM,ユーリ,video_upload_count,regular_season,2
2026-08-07,DFM,ユーリ,video_view_count,aug_early_2026,0
2026-08-07,DFM,ユーリ,video_view_count,jul_early_2026,0
2026-08-07,DFM,ユーリ,video_view_count,jul_late_2026,25616
2026-08-07,DFM,ユーリ,video_view_count,jun_early_2026,0
2026-08-07,DFM,ユーリ,video_view_count,jun_late_2026,0
2026-08-07,DFM,ユーリ,video_view_count,may_early_2026,0
2026-08-07,DFM,ユーリ,video_view_count,may_late_2026,0
2026-08-07,DFM,ユーリ,video_view_count,regular_season,25616
2026-08-07,DFM,ユーリ,watch_time,aug_early_2026,6073
2026-08-07,DFM,ユーリ,watch_time,jul_early_2026,11134
2026-08-07,DFM,ユーリ,watch_time,jul_late_2026,5765
2026-08-07,DFM,ユーリ,watch_time,jun_early_2026,14677
2026-08-07,DFM,ユーリ,watch_time,jun_late_2026,18125
2026-08-07,DFM,ユーリ,watch_time,may_early_2026,8667
2026-08-07,DFM,ユーリ,watch_time,may_late_2026,11953
2026-08-07,DFM,ユーリ,watch_time,regular_season,23101
2026-08-07,DFM,ユーリ,youtube_subscribers,current,12400
2026-08-07,LVH,Era53,followers,current,12715
2026-08-07,LVH,Era53,stream_duration,apr_late_2026,52.3
2026-08-07,LVH,Era53,stream_duration,aug_early_2026,4.2
2026-08-07,LVH,Era53,stream_duration,jul_early_2026,14.2
2026-08-07,LVH,Era53,stream_duration,jul_late_2026,26.0
2026-08-07,LVH,Era53,stream_duration,jun_early_2026,52.1
2026-08-07,LVH,Era53,stream_duration,jun_late_2026,38.9
2026-08-07,LVH,Era53,stream_duration,may_early_2026,14.4
2026-08-07,LVH,Era53,stream_duration,may_late_2026,67.1
2026-08-07,LVH,Era53,stream_duration,regular_season,39.8
2026-08-07,LVH,Era53,video_upload_count,apr_late_2026,0
2026-08-07,LVH,Era53,video_upload_count,aug_early_2026,0
2026-08-07,LVH,Era53,video_upload_count,jul_early_2026,0
2026-08-07,LVH,Era53,video_upload_count,jul_late_2026,0
2026-08-07,LVH,Era53,video_upload_count,jun_early_2026,0
2026-08-07,LVH,Era53,video_upload_count,jun_late_2026,0
2026-08-07,LVH,Era53,video_upload_count,may_early_2026,0
2026-08-07,LVH,Era53,video_upload_count,may_late_2026,0
2026-08-07,LVH,Era53,video_upload_count,regular_season,0
2026-08-07,LVH,Era53,video_view_count,aug_early_2026,0
2026-08-07,LVH,Era53,video_view_count,jul_early_2026,0
2026-08-07,LVH,Era53,video_view_count,jul_late_2026,0
2026-08-07,LVH,Era53,video_view_count,jun_early_2026,0
2026-08-07,LVH,Era53,video_view_count,jun_late_2026,0
2026-08-07,LVH,Era53,video_view_count,may_early_2026,0
2026-08-07,LVH,Era53,video_view_count,may_late_2026,0
2026-08-07,LVH,Era53,video_view_count,regular_season,0
2026-08-07,LVH,Era53,watch_time,aug_early_2026,4379
2026-08-07,LVH,Era53,watch_time,jul_early_2026,23904
2026-08-07,LVH,Era53,watch_time,jul_late_2026,30525
2026-08-07,LVH,Era53,watch_time,jun_early_2026,28528
2026-08-07,LVH,Era53,watch_time,jun_late_2026,34566
2026-08-07,LVH,Era53,watch_time,may_early_2026,12339
2026-08-07,LVH,Era53,watch_time,may_late_2026,54486
2026-08-07,LVH,Era53,watch_time,regular_season,54930
2026-08-07,LVH,Era53,youtube_subscribers,current,15900
2026-08-07,LVH,Hirobosu,followers,current,2984
2026-08-07,LVH,Hirobosu,stream_duration,aug_early_2026,14.4
2026-08-07,LVH,Hirobosu,stream_duration,jul_early_2026,0.0
2026-08-07,LVH,Hirobosu,stream_duration,jul_late_2026,0.0
2026-08-07,LVH,Hirobosu,stream_duration,jun_late_2026,0.0
2026-08-07,LVH,Hirobosu,stream_duration,regular_season,14.4
2026-08-07,LVH,Hirobosu,video_upload_count,aug_early_2026,0
2026-08-07,LVH,Hirobosu,video_upload_count,jul_early_2026,0
2026-08-07,LVH,Hirobosu,video_upload_count,jul_late_2026,0
2026-08-07,LVH,Hirobosu,video_upload_count,jun_late_2026,0
2026-08-07,LVH,Hirobosu,video_upload_count,regular_season,0
2026-08-07,LVH,Hirobosu,video_view_count,aug_early_2026,0
2026-08-07,LVH,Hirobosu,video_view_count,jul_early_2026,0
2026-08-07,LVH,Hirobosu,video_view_count,jul_late_2026,0
2026-08-07,LVH,Hirobosu,video_view_count,regular_season,0
2026-08-07,LVH,Hirobosu,watch_time,aug_early_2026,3204
2026-08-07,LVH,Hirobosu,watch_time,jul_early_2026,0
2026-08-07,LVH,Hirobosu,watch_time,jul_late_2026,0
2026-08-07,LVH,Hirobosu,watch_time,regular_season,3204
2026-08-07,LVH,Hirobosu,youtube_subscribers,current,1010
2026-08-07,LVH,rikka,followers,current,13752
2026-08-07,LVH,rikka,stream_duration,apr_late_2026,50.5
2026-08-07,LVH,rikka,stream_duration,aug_early_2026,21.4
2026-08-07,LVH,rikka,stream_duration,jul_early_2026,8.0
2026-08-07,LVH,rikka,stream_duration,jul_late_2026,19.1
2026-08-07,LVH,rikka,stream_duration,jun_early_2026,32.2
2026-08-07,LVH,rikka,stream_duration,jun_late_2026,33.0
2026-08-07,LVH,rikka,stream_duration,may_early_2026,39.5
2026-08-07,LVH,rikka,stream_duration,may_late_2026,7.5
2026-08-07,LVH,rikka,stream_duration,regular_season,40.5
2026-08-07,LVH,rikka,video_upload_count,apr_late_2026,0
2026-08-07,LVH,rikka,video_upload_count,aug_early_2026,0
2026-08-07,LVH,rikka,video_upload_count,jul_early_2026,0
2026-08-07,LVH,rikka,video_upload_count,jul_late_2026,0
2026-08-07,LVH,rikka,video_upload_count,jun_early_2026,0
2026-08-07,LVH,rikka,video_upload_count,jun_late_2026,0
2026-08-07,LVH,rikka,video_upload_count,may_early_2026,0
2026-08-07,LVH,rikka,video_upload_count,may_late_2026,0
2026-08-07,LVH,rikka,video_upload_count,regular_season,0
2026-08-07,LVH,rikka,video_view_count,aug_early_2026,0
2026-08-07,LVH,rikka,video_view_count,jul_early_2026,0
2026-08-07,LVH,rikka,video_view_count,jul_late_2026,0
2026-08-07,LVH,rikka,video_view_count,jun_early_2026,0
2026-08-07,LVH,rikka,video_view_count,jun_late_2026,0
2026-08-07,LVH,rikka,video_view_count,may_early_2026,0
2026-08-07,LVH,rikka,video_view_count,may_late_2026,0
2026-08-07,LVH,rikka,video_view_count,regular_season,0
2026-08-07,LVH,rikka,watch_time,aug_early_2026,18692
2026-08-07,LVH,rikka,watch_time,jul_early_2026,3688
2026-08-07,LVH,rikka,watch_time,jul_late_2026,18976
2026-08-07,LVH,rikka,watch_time,jun_early_2026,13078
2026-08-07,LVH,rikka,watch_time,jun_late_2026,16924
2026-08-07,LVH,rikka,watch_time,may_early_2026,28442
2026-08-07,LVH,rikka,watch_time,may_late_2026,2528
2026-08-07,LVH,rikka,watch_time,regular_season,37653
2026-08-07,LVH,rikka,youtube_subscribers,current,12700
2026-08-07,LVH,だーよね,followers,current,3265
2026-08-07,LVH,だーよね,stream_duration,apr_late_2026,5.6
2026-08-07,LVH,だーよね,stream_duration,aug_early_2026,2.8
2026-08-07,LVH,だーよね,stream_duration,jul_early_2026,4.3
2026-08-07,LVH,だーよね,stream_duration,jul_late_2026,12.0
2026-08-07,LVH,だーよね,stream_duration,jun_early_2026,11.2
2026-08-07,LVH,だーよね,stream_duration,jun_late_2026,9.2
2026-08-07,LVH,だーよね,stream_duration,may_early_2026,18.7
2026-08-07,LVH,だーよね,stream_duration,may_late_2026,17.3
2026-08-07,LVH,だーよね,stream_duration,regular_season,14.8
2026-08-07,LVH,だーよね,video_upload_count,apr_late_2026,0
2026-08-07,LVH,だーよね,video_upload_count,aug_early_2026,0
2026-08-07,LVH,だーよね,video_upload_count,jul_early_2026,0
2026-08-07,LVH,だーよね,video_upload_count,jul_late_2026,0
2026-08-07,LVH,だーよね,video_upload_count,jun_early_2026,0
2026-08-07,LVH,だーよね,video_upload_count,jun_late_2026,0
2026-08-07,LVH,だーよね,video_upload_count,may_early_2026,0
2026-08-07,LVH,だーよね,video_upload_count,may_late_2026,0
2026-08-07,LVH,だーよね,video_upload_count,regular_season,0
2026-08-07,LVH,だーよね,video_view_count,aug_early_2026,0
2026-08-07,LVH,だーよね,video_view_count,jul_early_2026,0
2026-08-07,LVH,だーよね,video_view_count,jul_late_2026,0
2026-08-07,LVH,だーよね,video_view_count,jun_early_2026,0
2026-08-07,LVH,だーよね,video_view_count,jun_late_2026,0
2026-08-07,LVH,だーよね,video_view_count,may_early_2026,0
2026-08-07,LVH,だーよね,video_view_count,may_late_2026,0
2026-08-07,LVH,だーよね,video_view_count,regular_season,0
2026-08-07,LVH,だーよね,watch_time,aug_early_2026,165
2026-08-07,LVH,だーよね,watch_time,jul_early_2026,546
2026-08-07,LVH,だーよね,watch_time,jul_late_2026,1776
2026-08-07,LVH,だーよね,watch_time,jun_early_2026,866
2026-08-07,LVH,だーよね,watch_time,jun_late_2026,1013
2026-08-07,LVH,だーよね,watch_time,may_early_2026,2621
2026-08-07,LVH,だーよね,watch_time,may_late_2026,1566
2026-08-07,LVH,だーよね,watch_time,regular_season,1862
2026-08-07,LVH,だーよね,youtube_subscribers,current,1580
2026-08-07,LVH,智念せいら,followers,current,15558
2026-08-07,LVH,智念せいら,stream_duration,aug_early_2026,7.3
2026-08-07,LVH,智念せいら,stream_duration,jul_early_2026,19.6
2026-08-07,LVH,智念せいら,stream_duration,jul_late_2026,21.5
2026-08-07,LVH,智念せいら,stream_duration,jun_late_2026,17.6
2026-08-07,LVH,智念せいら,stream_duration,regular_season,35.9
2026-08-07,LVH,智念せいら,video_upload_count,aug_early_2026,0
2026-08-07,LVH,智念せいら,video_upload_count,jul_early_2026,9
2026-08-07,LVH,智念せいら,video_upload_count,jul_late_2026,2
2026-08-07,LVH,智念せいら,video_upload_count,jun_late_2026,6
2026-08-07,LVH,智念せいら,video_upload_count,regular_season,7
2026-08-07,LVH,智念せいら,video_view_count,aug_early_2026,0
2026-08-07,LVH,智念せいら,video_view_count,jul_early_2026,617975
2026-08-07,LVH,智念せいら,video_view_count,jul_late_2026,148648
2026-08-07,LVH,智念せいら,video_view_count,regular_season,545964
2026-08-07,LVH,智念せいら,watch_time,aug_early_2026,2734
2026-08-07,LVH,智念せいら,watch_time,jul_early_2026,30693
2026-08-07,LVH,智念せいら,watch_time,jul_late_2026,26610
2026-08-07,LVH,智念せいら,watch_time,regular_season,37265
2026-08-07,LVH,智念せいら,youtube_subscribers,current,61000
2026-08-07,MRG,Spicies,followers,current,32938
2026-08-07,MRG,Spicies,stream_duration,apr_late_2026,97.2
2026-08-07,MRG,Spicies,stream_duration,aug_early_2026,7.9
2026-08-07,MRG,Spicies,stream_duration,jul_early_2026,22.0
2026-08-07,MRG,Spicies,stream_duration,jul_late_2026,20.6
2026-08-07,MRG,Spicies,stream_duration,jun_early_2026,84.2
2026-08-07,MRG,Spicies,stream_duration,jun_late_2026,55.6
2026-08-07,MRG,Spicies,stream_duration,may_early_2026,40.3
2026-08-07,MRG,Spicies,stream_duration,may_late_2026,52.1
2026-08-07,MRG,Spicies,stream_duration,regular_season,37.8
2026-08-07,MRG,Spicies,video_upload_count,apr_late_2026,12
2026-08-07,MRG,Spicies,video_upload_count,aug_early_2026,0
2026-08-07,MRG,Spicies,video_upload_count,jul_early_2026,2
2026-08-07,MRG,Spicies,video_upload_count,jul_late_2026,1
2026-08-07,MRG,Spicies,video_upload_count,jun_early_2026,3
2026-08-07,MRG,Spicies,video_upload_count,jun_late_2026,4
2026-08-07,MRG,Spicies,video_upload_count,may_early_2026,6
2026-08-07,MRG,Spicies,video_upload_count,may_late_2026,5
2026-08-07,MRG,Spicies,video_upload_count,regular_season,2
2026-08-07,MRG,Spicies,video_view_count,aug_early_2026,0
2026-08-07,MRG,Spicies,video_view_count,jul_early_2026,54296
2026-08-07,MRG,Spicies,video_view_count,jul_late_2026,27377
2026-08-07,MRG,Spicies,video_view_count,jun_early_2026,44105
2026-08-07,MRG,Spicies,video_view_count,jun_late_2026,103158
2026-08-07,MRG,Spicies,video_view_count,may_early_2026,167728
2026-08-07,MRG,Spicies,video_view_count,may_late_2026,96387
2026-08-07,MRG,Spicies,video_view_count,regular_season,50607
2026-08-07,MRG,Spicies,watch_time,aug_early_2026,8928
2026-08-07,MRG,Spicies,watch_time,jul_early_2026,47762
2026-08-07,MRG,Spicies,watch_time,jul_late_2026,28397
2026-08-07,MRG,Spicies,watch_time,jun_early_2026,105722
2026-08-07,MRG,Spicies,watch_time,jun_late_2026,122304
2026-08-07,MRG,Spicies,watch_time,may_early_2026,99977
2026-08-07,MRG,Spicies,watch_time,may_late_2026,89154
2026-08-07,MRG,Spicies,watch_time,regular_season,60215
2026-08-07,MRG,Spicies,youtube_subscribers,current,42100
2026-08-07,MRG,Toby,followers,current,18932
2026-08-07,MRG,Toby,stream_duration,apr_late_2026,39.2
2026-08-07,MRG,Toby,stream_duration,aug_early_2026,4.1
2026-08-07,MRG,Toby,stream_duration,jul_early_2026,12.6
2026-08-07,MRG,Toby,stream_duration,jul_late_2026,2.4
2026-08-07,MRG,Toby,stream_duration,jun_early_2026,6.3
2026-08-07,MRG,Toby,stream_duration,jun_late_2026,32.7
2026-08-07,MRG,Toby,stream_duration,may_early_2026,18.5
2026-08-07,MRG,Toby,stream_duration,may_late_2026,25.8
2026-08-07,MRG,Toby,stream_duration,regular_season,11.3
2026-08-07,MRG,Toby,video_upload_count,apr_late_2026,0
2026-08-07,MRG,Toby,video_upload_count,aug_early_2026,0
2026-08-07,MRG,Toby,video_upload_count,jul_early_2026,0
2026-08-07,MRG,Toby,video_upload_count,jul_late_2026,0
2026-08-07,MRG,Toby,video_upload_count,jun_early_2026,0
2026-08-07,MRG,Toby,video_upload_count,jun_late_2026,2
2026-08-07,MRG,Toby,video_upload_count,may_early_2026,0
2026-08-07,MRG,Toby,video_upload_count,may_late_2026,0
2026-08-07,MRG,Toby,video_upload_count,regular_season,0
2026-08-07,MRG,Toby,video_view_count,aug_early_2026,0
2026-08-07,MRG,Toby,video_view_count,jul_early_2026,0
2026-08-07,MRG,Toby,video_view_count,jul_late_2026,0
2026-08-07,MRG,Toby,video_view_count,jun_early_2026,0
2026-08-07,MRG,Toby,video_view_count,jun_late_2026,14358
2026-08-07,MRG,Toby,video_view_count,may_early_2026,0
2026-08-07,MRG,Toby,video_view_count,may_late_2026,0
2026-08-07,MRG,Toby,video_view_count,regular_season,0
2026-08-07,MRG,Toby,watch_time,aug_early_2026,4356
2026-08-07,MRG,Toby,watch_time,jul_early_2026,19385
2026-08-07,MRG,Toby,watch_time,jul_late_2026,3958
2026-08-07,MRG,Toby,watch_time,jun_early_2026,4704
2026-08-07,MRG,Toby,watch_time,jun_late_2026,66426
2026-08-07,MRG,Toby,watch_time,may_early_2026,28670
2026-08-07,MRG,Toby,watch_time,may_late_2026,19931
2026-08-07,MRG,Toby,watch_time,regular_season,14646
2026-08-07,MRG,Toby,youtube_subscribers,current,16800
2026-08-07,MRG,glory,followers,current,15001
2026-08-07,MRG,glory,stream_duration,apr_late_2026,82.8
2026-08-07,MRG,glory,stream_duration,aug_early_2026,15.0
2026-08-07,MRG,glory,stream_duration,jul_early_2026,33.2
2026-08-07,MRG,glory,stream_duration,jul_late_2026,28.6
2026-08-07,MRG,glory,stream_duration,jun_early_2026,64.5
2026-08-07,MRG,glory,stream_duration,jun_late_2026,61.2
2026-08-07,MRG,glory,stream_duration,may_early_2026,48.3
2026-08-07,MRG,glory,stream_duration,may_late_2026,82.8
2026-08-07,MRG,glory,stream_duration,regular_season,58.7
2026-08-07,MRG,glory,video_upload_count,apr_late_2026,0
2026-08-07,MRG,glory,video_upload_count,aug_early_2026,0
2026-08-07,MRG,glory,video_upload_count,jul_early_2026,0
2026-08-07,MRG,glory,video_upload_count,jul_late_2026,0
2026-08-07,MRG,glory,video_upload_count,jun_early_2026,0
2026-08-07,MRG,glory,video_upload_count,jun_late_2026,0
2026-08-07,MRG,glory,video_upload_count,may_early_2026,0
2026-08-07,MRG,glory,video_upload_count,may_late_2026,0
2026-08-07,MRG,glory,video_upload_count,regular_season,0
2026-08-07,MRG,glory,video_view_count,aug_early_2026,0
2026-08-07,MRG,glory,video_view_count,jul_early_2026,0
2026-08-07,MRG,glory,video_view_count,jul_late_2026,0
2026-08-07,MRG,glory,video_view_count,jun_early_2026,0
2026-08-07,MRG,glory,video_view_count,jun_late_2026,0
2026-08-07,MRG,glory,video_view_count,may_early_2026,0
2026-08-07,MRG,glory,video_view_count,may_late_2026,0
2026-08-07,MRG,glory,video_view_count,regular_season,0
2026-08-07,MRG,glory,watch_time,aug_early_2026,17000
2026-08-07,MRG,glory,watch_time,jul_early_2026,28636
2026-08-07,MRG,glory,watch_time,jul_late_2026,31369
2026-08-07,MRG,glory,watch_time,jun_early_2026,23062
2026-08-07,MRG,glory,watch_time,jun_late_2026,29182
2026-08-07,MRG,glory,watch_time,may_early_2026,28275
2026-08-07,MRG,glory,watch_time,may_late_2026,42240
2026-08-07,MRG,glory,watch_time,regular_season,62037
2026-08-07,MRG,glory,youtube_subscribers,current,8160
2026-08-07,MRG,もっちゃま,followers,current,10144
2026-08-07,MRG,もっちゃま,stream_duration,aug_early_2026,13.5
2026-08-07,MRG,もっちゃま,stream_duration,jul_early_2026,82.5
2026-08-07,MRG,もっちゃま,stream_duration,jul_late_2026,67.4
2026-08-07,MRG,もっちゃま,stream_duration,jun_late_2026,40.9
2026-08-07,MRG,もっちゃま,stream_duration,regular_season,94.5
2026-08-07,MRG,もっちゃま,video_upload_count,aug_early_2026,0
2026-08-07,MRG,もっちゃま,video_upload_count,jul_early_2026,0
2026-08-07,MRG,もっちゃま,video_upload_count,jul_late_2026,0
2026-08-07,MRG,もっちゃま,video_upload_count,jun_late_2026,0
2026-08-07,MRG,もっちゃま,video_upload_count,regular_season,0
2026-08-07,MRG,もっちゃま,video_view_count,aug_early_2026,0
2026-08-07,MRG,もっちゃま,video_view_count,jul_early_2026,0
2026-08-07,MRG,もっちゃま,video_view_count,jul_late_2026,0
2026-08-07,MRG,もっちゃま,video_view_count,regular_season,0
2026-08-07,MRG,もっちゃま,watch_time,aug_early_2026,21499
2026-08-07,MRG,もっちゃま,watch_time,jul_early_2026,116677
2026-08-07,MRG,もっちゃま,watch_time,jul_late_2026,102904
2026-08-07,MRG,もっちゃま,watch_time,regular_season,147444
2026-08-07,MRG,もっちゃま,youtube_subscribers,current,18300
2026-08-07,MRG,マイト,followers,current,11519
2026-08-07,MRG,マイト,stream_duration,apr_late_2026,90.4
2026-08-07,MRG,マイト,stream_duration,aug_early_2026,10.0
2026-08-07,MRG,マイト,stream_duration,jul_early_2026,22.0
2026-08-07,MRG,マイト,stream_duration,jul_late_2026,9.9
2026-08-07,MRG,マイト,stream_duration,jun_early_2026,54.9
2026-08-07,MRG,マイト,stream_duration,jun_late_2026,51.3
2026-08-07,MRG,マイト,stream_duration,may_early_2026,49.9
2026-08-07,MRG,マイト,stream_duration,may_late_2026,60.4
2026-08-07,MRG,マイト,stream_duration,regular_season,21.8
2026-08-07,MRG,マイト,video_upload_count,apr_late_2026,1
2026-08-07,MRG,マイト,video_upload_count,aug_early_2026,1
2026-08-07,MRG,マイト,video_upload_count,jul_early_2026,3
2026-08-07,MRG,マイト,video_upload_count,jul_late_2026,3
2026-08-07,MRG,マイト,video_upload_count,jun_early_2026,0
2026-08-07,MRG,マイト,video_upload_count,jun_late_2026,4
2026-08-07,MRG,マイト,video_upload_count,may_early_2026,0
2026-08-07,MRG,マイト,video_upload_count,may_late_2026,0
2026-08-07,MRG,マイト,video_upload_count,regular_season,4
2026-08-07,MRG,マイト,video_view_count,aug_early_2026,0
2026-08-07,MRG,マイト,video_view_count,jul_early_2026,50094
2026-08-07,MRG,マイト,video_view_count,jul_late_2026,57103
2026-08-07,MRG,マイト,video_view_count,jun_early_2026,0
2026-08-07,MRG,マイト,video_view_count,jun_late_2026,52957
2026-08-07,MRG,マイト,video_view_count,may_early_2026,0
2026-08-07,MRG,マイト,video_view_count,may_late_2026,0
2026-08-07,MRG,マイト,video_view_count,regular_season,57103
2026-08-07,MRG,マイト,watch_time,aug_early_2026,16474
2026-08-07,MRG,マイト,watch_time,jul_early_2026,34758
2026-08-07,MRG,マイト,watch_time,jul_late_2026,9407
2026-08-07,MRG,マイト,watch_time,jun_early_2026,58593
2026-08-07,MRG,マイト,watch_time,jun_late_2026,66965
2026-08-07,MRG,マイト,watch_time,may_early_2026,73329
2026-08-07,MRG,マイト,watch_time,may_late_2026,80542
2026-08-07,MRG,マイト,watch_time,regular_season,27927
2026-08-07,MRG,マイト,youtube_subscribers,current,36100
2026-08-07,RC,あぐのむ,followers,current,27332
2026-08-07,RC,あぐのむ,stream_duration,apr_late_2026,12.7
2026-08-07,RC,あぐのむ,stream_duration,aug_early_2026,4.6
2026-08-07,RC,あぐのむ,stream_duration,jul_early_2026,7.4
2026-08-07,RC,あぐのむ,stream_duration,jul_late_2026,1.4
2026-08-07,RC,あぐのむ,stream_duration,jun_early_2026,18.5
2026-08-07,RC,あぐのむ,stream_duration,jun_late_2026,6.1
2026-08-07,RC,あぐのむ,stream_duration,may_early_2026,12.4
2026-08-07,RC,あぐのむ,stream_duration,may_late_2026,0.9
2026-08-07,RC,あぐのむ,stream_duration,regular_season,13.4
2026-08-07,RC,あぐのむ,video_upload_count,apr_late_2026,2
2026-08-07,RC,あぐのむ,video_upload_count,aug_early_2026,1
2026-08-07,RC,あぐのむ,video_upload_count,jul_early_2026,1
2026-08-07,RC,あぐのむ,video_upload_count,jul_late_2026,0
2026-08-07,RC,あぐのむ,video_upload_count,jun_early_2026,0
2026-08-07,RC,あぐのむ,video_upload_count,jun_late_2026,3
2026-08-07,RC,あぐのむ,video_upload_count,may_early_2026,2
2026-08-07,RC,あぐのむ,video_upload_count,may_late_2026,0
2026-08-07,RC,あぐのむ,video_upload_count,regular_season,1
2026-08-07,RC,あぐのむ,video_view_count,aug_early_2026,0
2026-08-07,RC,あぐのむ,video_view_count,jul_early_2026,17335
2026-08-07,RC,あぐのむ,video_view_count,jul_late_2026,0
2026-08-07,RC,あぐのむ,video_view_count,jun_early_2026,0
2026-08-07,RC,あぐのむ,video_view_count,jun_late_2026,52049
2026-08-07,RC,あぐのむ,video_view_count,may_early_2026,20087
2026-08-07,RC,あぐのむ,video_view_count,may_late_2026,0
2026-08-07,RC,あぐのむ,video_view_count,regular_season,0
2026-08-07,RC,あぐのむ,watch_time,aug_early_2026,1617
2026-08-07,RC,あぐのむ,watch_time,jul_early_2026,4303
2026-08-07,RC,あぐのむ,watch_time,jul_late_2026,1014
2026-08-07,RC,あぐのむ,watch_time,jun_early_2026,3773
2026-08-07,RC,あぐのむ,watch_time,jun_late_2026,1718
2026-08-07,RC,あぐのむ,watch_time,may_early_2026,7048
2026-08-07,RC,あぐのむ,watch_time,may_late_2026,45
2026-08-07,RC,あぐのむ,watch_time,regular_season,6955
2026-08-07,RC,あぐのむ,youtube_subscribers,current,35500
2026-08-07,RC,たばた,followers,current,11384
2026-08-07,RC,たばた,stream_duration,apr_late_2026,3.1
2026-08-07,RC,たばた,stream_duration,aug_early_2026,6.0
2026-08-07,RC,たばた,stream_duration,jul_early_2026,9.6
2026-08-07,RC,たばた,stream_duration,jul_late_2026,8.3
2026-08-07,RC,たばた,stream_duration,jun_early_2026,49.8
2026-08-07,RC,たばた,stream_duration,jun_late_2026,19.5
2026-08-07,RC,たばた,stream_duration,may_early_2026,4.0
2026-08-07,RC,たばた,stream_duration,may_late_2026,4.6
2026-08-07,RC,たばた,stream_duration,regular_season,15.5
2026-08-07,RC,たばた,video_upload_count,apr_late_2026,0
2026-08-07,RC,たばた,video_upload_count,aug_early_2026,0
2026-08-07,RC,たばた,video_upload_count,jul_early_2026,0
2026-08-07,RC,たばた,video_upload_count,jul_late_2026,3
2026-08-07,RC,たばた,video_upload_count,jun_early_2026,1
2026-08-07,RC,たばた,video_upload_count,jun_late_2026,2
2026-08-07,RC,たばた,video_upload_count,may_early_2026,0
2026-08-07,RC,たばた,video_upload_count,may_late_2026,1
2026-08-07,RC,たばた,video_upload_count,regular_season,3
2026-08-07,RC,たばた,video_view_count,aug_early_2026,0
2026-08-07,RC,たばた,video_view_count,jul_early_2026,0
2026-08-07,RC,たばた,video_view_count,jul_late_2026,28883
2026-08-07,RC,たばた,video_view_count,jun_early_2026,2922
2026-08-07,RC,たばた,video_view_count,jun_late_2026,7648
2026-08-07,RC,たばた,video_view_count,may_early_2026,0
2026-08-07,RC,たばた,video_view_count,may_late_2026,3273
2026-08-07,RC,たばた,video_view_count,regular_season,28883
2026-08-07,RC,たばた,watch_time,aug_early_2026,2141
2026-08-07,RC,たばた,watch_time,jul_early_2026,982
2026-08-07,RC,たばた,watch_time,jul_late_2026,2352
2026-08-07,RC,たばた,watch_time,jun_early_2026,3924
2026-08-07,RC,たばた,watch_time,jun_late_2026,1715
2026-08-07,RC,たばた,watch_time,may_early_2026,75
2026-08-07,RC,たばた,watch_time,may_late_2026,101
2026-08-07,RC,たばた,watch_time,regular_season,4761
2026-08-07,RC,たばた,youtube_subscribers,current,4110
2026-08-07,RC,つきあかめん,followers,current,3818
2026-08-07,RC,つきあかめん,stream_duration,aug_early_2026,23.9
2026-08-07,RC,つきあかめん,stream_duration,jul_early_2026,43.3
2026-08-07,RC,つきあかめん,stream_duration,jul_late_2026,41.4
2026-08-07,RC,つきあかめん,stream_duration,jun_late_2026,41.7
2026-08-07,RC,つきあかめん,stream_duration,regular_season,77.0
2026-08-07,RC,つきあかめん,video_upload_count,aug_early_2026,0
2026-08-07,RC,つきあかめん,video_upload_count,jul_early_2026,3
2026-08-07,RC,つきあかめん,video_upload_count,jul_late_2026,1
2026-08-07,RC,つきあかめん,video_upload_count,jun_late_2026,1
2026-08-07,RC,つきあかめん,video_upload_count,regular_season,1
2026-08-07,RC,つきあかめん,video_view_count,aug_early_2026,0
2026-08-07,RC,つきあかめん,video_view_count,jul_early_2026,34698
2026-08-07,RC,つきあかめん,video_view_count,jul_late_2026,6154
2026-08-07,RC,つきあかめん,video_view_count,regular_season,6154
2026-08-07,RC,つきあかめん,watch_time,aug_early_2026,8598
2026-08-07,RC,つきあかめん,watch_time,jul_early_2026,17481
2026-08-07,RC,つきあかめん,watch_time,jul_late_2026,14723
2026-08-07,RC,つきあかめん,watch_time,regular_season,29260
2026-08-07,RC,つきあかめん,youtube_subscribers,current,7120
2026-08-07,RC,ぱらちゃん,followers,current,34684
2026-08-07,RC,ぱらちゃん,stream_duration,apr_late_2026,54.1
2026-08-07,RC,ぱらちゃん,stream_duration,aug_early_2026,9.0
2026-08-07,RC,ぱらちゃん,stream_duration,jul_early_2026,37.5
2026-08-07,RC,ぱらちゃん,stream_duration,jul_late_2026,33.0
2026-08-07,RC,ぱらちゃん,stream_duration,jun_early_2026,20.4
2026-08-07,RC,ぱらちゃん,stream_duration,jun_late_2026,35.2
2026-08-07,RC,ぱらちゃん,stream_duration,may_early_2026,37.5
2026-08-07,RC,ぱらちゃん,stream_duration,may_late_2026,48.8
2026-08-07,RC,ぱらちゃん,stream_duration,regular_season,54.0
2026-08-07,RC,ぱらちゃん,video_upload_count,apr_late_2026,2
2026-08-07,RC,ぱらちゃん,video_upload_count,aug_early_2026,0
2026-08-07,RC,ぱらちゃん,video_upload_count,jul_early_2026,0
2026-08-07,RC,ぱらちゃん,video_upload_count,jul_late_2026,0
2026-08-07,RC,ぱらちゃん,video_upload_count,jun_early_2026,1
2026-08-07,RC,ぱらちゃん,video_upload_count,jun_late_2026,1
2026-08-07,RC,ぱらちゃん,video_upload_count,may_early_2026,9
2026-08-07,RC,ぱらちゃん,video_upload_count,may_late_2026,4
2026-08-07,RC,ぱらちゃん,video_upload_count,regular_season,0
2026-08-07,RC,ぱらちゃん,video_view_count,aug_early_2026,0
2026-08-07,RC,ぱらちゃん,video_view_count,jul_early_2026,0
2026-08-07,RC,ぱらちゃん,video_view_count,jul_late_2026,0
2026-08-07,RC,ぱらちゃん,video_view_count,jun_early_2026,16237
2026-08-07,RC,ぱらちゃん,video_view_count,jun_late_2026,27561
2026-08-07,RC,ぱらちゃん,video_view_count,may_early_2026,159462
2026-08-07,RC,ぱらちゃん,video_view_count,may_late_2026,76393
2026-08-07,RC,ぱらちゃん,video_view_count,regular_season,0
2026-08-07,RC,ぱらちゃん,watch_time,aug_early_2026,6638
2026-08-07,RC,ぱらちゃん,watch_time,jul_early_2026,47653
2026-08-07,RC,ぱらちゃん,watch_time,jul_late_2026,28629
2026-08-07,RC,ぱらちゃん,watch_time,jun_early_2026,14828
2026-08-07,RC,ぱらちゃん,watch_time,jun_late_2026,41002
2026-08-07,RC,ぱらちゃん,watch_time,may_early_2026,54871
2026-08-07,RC,ぱらちゃん,watch_time,may_late_2026,47272
2026-08-07,RC,ぱらちゃん,watch_time,regular_season,47520
2026-08-07,RC,ぱらちゃん,youtube_subscribers,current,45599
2026-08-07,RC,拓海,followers,current,10277
2026-08-07,RC,拓海,stream_duration,apr_late_2026,26.1
2026-08-07,RC,拓海,stream_duration,aug_early_2026,5.6
2026-08-07,RC,拓海,stream_duration,jul_early_2026,30.3
2026-08-07,RC,拓海,stream_duration,jul_late_2026,40.2
2026-08-07,RC,拓海,stream_duration,jun_early_2026,0.0
2026-08-07,RC,拓海,stream_duration,jun_late_2026,55.1
2026-08-07,RC,拓海,stream_duration,may_early_2026,33.3
2026-08-07,RC,拓海,stream_duration,may_late_2026,14.7
2026-08-07,RC,拓海,stream_duration,regular_season,53.1
2026-08-07,RC,拓海,video_upload_count,apr_late_2026,0
2026-08-07,RC,拓海,video_upload_count,aug_early_2026,0
2026-08-07,RC,拓海,video_upload_count,jul_early_2026,1
2026-08-07,RC,拓海,video_upload_count,jul_late_2026,0
2026-08-07,RC,拓海,video_upload_count,jun_early_2026,2
2026-08-07,RC,拓海,video_upload_count,jun_late_2026,1
2026-08-07,RC,拓海,video_upload_count,may_early_2026,0
2026-08-07,RC,拓海,video_upload_count,may_late_2026,0
2026-08-07,RC,拓海,video_upload_count,regular_season,0
2026-08-07,RC,拓海,video_view_count,aug_early_2026,0
2026-08-07,RC,拓海,video_view_count,jul_early_2026,6767
2026-08-07,RC,拓海,video_view_count,jul_late_2026,0
2026-08-07,RC,拓海,video_view_count,jun_early_2026,32895
2026-08-07,RC,拓海,video_view_count,jun_late_2026,5275
2026-08-07,RC,拓海,video_view_count,may_early_2026,0
2026-08-07,RC,拓海,video_view_count,may_late_2026,0
2026-08-07,RC,拓海,video_view_count,regular_season,0
2026-08-07,RC,拓海,watch_time,aug_early_2026,1472
2026-08-07,RC,拓海,watch_time,jul_early_2026,5850
2026-08-07,RC,拓海,watch_time,jul_late_2026,8922
2026-08-07,RC,拓海,watch_time,jun_early_2026,0
2026-08-07,RC,拓海,watch_time,jun_late_2026,5019
2026-08-07,RC,拓海,watch_time,may_early_2026,2915
2026-08-07,RC,拓海,watch_time,may_late_2026,978
2026-08-07,RC,拓海,watch_time,regular_season,11521
2026-08-07,RC,拓海,youtube_subscribers,current,5570
2026-08-07,RDL,Chappy,followers,current,2590
2026-08-07,RDL,Chappy,stream_duration,aug_early_2026,15.4
2026-08-07,RDL,Chappy,stream_duration,jul_early_2026,78.2
2026-08-07,RDL,Chappy,stream_duration,jul_late_2026,32.0
2026-08-07,RDL,Chappy,stream_duration,jun_late_2026,93.0
2026-08-07,RDL,Chappy,stream_duration,regular_season,61.6
2026-08-07,RDL,Chappy,video_upload_count,aug_early_2026,0
2026-08-07,RDL,Chappy,video_upload_count,jul_early_2026,0
2026-08-07,RDL,Chappy,video_upload_count,jul_late_2026,0
2026-08-07,RDL,Chappy,video_upload_count,jun_late_2026,0
2026-08-07,RDL,Chappy,video_upload_count,regular_season,0
2026-08-07,RDL,Chappy,video_view_count,aug_early_2026,0
2026-08-07,RDL,Chappy,video_view_count,jul_early_2026,0
2026-08-07,RDL,Chappy,video_view_count,jul_late_2026,0
2026-08-07,RDL,Chappy,video_view_count,regular_season,0
2026-08-07,RDL,Chappy,watch_time,aug_early_2026,859
2026-08-07,RDL,Chappy,watch_time,jul_early_2026,11737
2026-08-07,RDL,Chappy,watch_time,jul_late_2026,3388
2026-08-07,RDL,Chappy,watch_time,regular_season,6185
2026-08-07,RDL,Stylish_deko,followers,current,1664
2026-08-07,RDL,Stylish_deko,stream_duration,aug_early_2026,16.6
2026-08-07,RDL,Stylish_deko,stream_duration,jul_early_2026,29.9
2026-08-07,RDL,Stylish_deko,stream_duration,jul_late_2026,18.1
2026-08-07,RDL,Stylish_deko,stream_duration,jun_late_2026,39.0
2026-08-07,RDL,Stylish_deko,stream_duration,regular_season,39.7
2026-08-07,RDL,Stylish_deko,video_upload_count,aug_early_2026,0
2026-08-07,RDL,Stylish_deko,video_upload_count,jul_early_2026,1
2026-08-07,RDL,Stylish_deko,video_upload_count,jul_late_2026,0
2026-08-07,RDL,Stylish_deko,video_upload_count,jun_late_2026,2
2026-08-07,RDL,Stylish_deko,video_upload_count,regular_season,0
2026-08-07,RDL,Stylish_deko,video_view_count,aug_early_2026,0
2026-08-07,RDL,Stylish_deko,video_view_count,jul_early_2026,932
2026-08-07,RDL,Stylish_deko,video_view_count,jul_late_2026,0
2026-08-07,RDL,Stylish_deko,video_view_count,regular_season,0
2026-08-07,RDL,Stylish_deko,watch_time,aug_early_2026,1423
2026-08-07,RDL,Stylish_deko,watch_time,jul_early_2026,1858
2026-08-07,RDL,Stylish_deko,watch_time,jul_late_2026,1190
2026-08-07,RDL,Stylish_deko,watch_time,regular_season,2769
2026-08-07,RDL,Stylish_deko,youtube_subscribers,current,546
2026-08-07,RDL,ぱんさく,followers,current,1145
2026-08-07,RDL,ぱんさく,stream_duration,aug_early_2026,0.0
2026-08-07,RDL,ぱんさく,stream_duration,jul_early_2026,5.5
2026-08-07,RDL,ぱんさく,stream_duration,jul_late_2026,1.1
2026-08-07,RDL,ぱんさく,stream_duration,jun_late_2026,15.8
2026-08-07,RDL,ぱんさく,stream_duration,regular_season,2.9
2026-08-07,RDL,ぱんさく,video_upload_count,aug_early_2026,0
2026-08-07,RDL,ぱんさく,video_upload_count,jul_early_2026,0
2026-08-07,RDL,ぱんさく,video_upload_count,jul_late_2026,0
2026-08-07,RDL,ぱんさく,video_upload_count,jun_late_2026,0
2026-08-07,RDL,ぱんさく,video_upload_count,regular_season,0
2026-08-07,RDL,ぱんさく,video_view_count,aug_early_2026,0
2026-08-07,RDL,ぱんさく,video_view_count,jul_early_2026,0
2026-08-07,RDL,ぱんさく,video_view_count,jul_late_2026,0
2026-08-07,RDL,ぱんさく,video_view_count,regular_season,0
2026-08-07,RDL,ぱんさく,watch_time,aug_early_2026,0
2026-08-07,RDL,ぱんさく,watch_time,jul_early_2026,79
2026-08-07,RDL,ぱんさく,watch_time,jul_late_2026,13
2026-08-07,RDL,ぱんさく,watch_time,regular_season,50
2026-08-07,RDL,ぱんさく,youtube_subscribers,current,205
2026-08-07,RDL,山田レクイエム,followers,current,2094
2026-08-07,RDL,山田レクイエム,stream_duration,aug_early_2026,0.0
2026-08-07,RDL,山田レクイエム,stream_duration,jul_early_2026,0.0
2026-08-07,RDL,山田レクイエム,stream_duration,jul_late_2026,0.0
2026-08-07,RDL,山田レクイエム,stream_duration,jun_late_2026,15.4
2026-08-07,RDL,山田レクイエム,stream_duration,regular_season,0.0
2026-08-07,RDL,山田レクイエム,video_upload_count,aug_early_2026,0
2026-08-07,RDL,山田レクイエム,video_upload_count,jul_early_2026,0
2026-08-07,RDL,山田レクイエム,video_upload_count,jul_late_2026,0
2026-08-07,RDL,山田レクイエム,video_upload_count,jun_late_2026,0
2026-08-07,RDL,山田レクイエム,video_upload_count,regular_season,0
2026-08-07,RDL,山田レクイエム,video_view_count,aug_early_2026,0
2026-08-07,RDL,山田レクイエム,video_view_count,jul_early_2026,0
2026-08-07,RDL,山田レクイエム,video_view_count,jul_late_2026,0
2026-08-07,RDL,山田レクイエム,video_view_count,regular_season,0
2026-08-07,RDL,山田レクイエム,watch_time,aug_early_2026,0
2026-08-07,RDL,山田レクイエム,watch_time,jul_early_2026,0
2026-08-07,RDL,山田レクイエム,watch_time,jul_late_2026,0
2026-08-07,RDL,山田レクイエム,watch_time,regular_season,0
2026-08-07,RDL,山田レクイエム,youtube_subscribers,current,305
2026-08-07,RDL,折り紙,followers,current,5118
2026-08-07,RDL,折り紙,stream_duration,apr_late_2026,74.4
2026-08-07,RDL,折り紙,stream_duration,aug_early_2026,10.1
2026-08-07,RDL,折り紙,stream_duration,jul_early_2026,25.6
2026-08-07,RDL,折り紙,stream_duration,jul_late_2026,10.4
2026-08-07,RDL,折り紙,stream_duration,jun_early_2026,47.1
2026-08-07,RDL,折り紙,stream_duration,jun_late_2026,33.0
2026-08-07,RDL,折り紙,stream_duration,may_early_2026,50.5
2026-08-07,RDL,折り紙,stream_duration,may_late_2026,54.7
2026-08-07,RDL,折り紙,stream_duration,regular_season,27.6
2026-08-07,RDL,折り紙,video_upload_count,apr_late_2026,5
2026-08-07,RDL,折り紙,video_upload_count,aug_early_2026,1
2026-08-07,RDL,折り紙,video_upload_count,jul_early_2026,3
2026-08-07,RDL,折り紙,video_upload_count,jul_late_2026,0
2026-08-07,RDL,折り紙,video_upload_count,jun_early_2026,3
2026-08-07,RDL,折り紙,video_upload_count,jun_late_2026,3
2026-08-07,RDL,折り紙,video_upload_count,may_early_2026,3
2026-08-07,RDL,折り紙,video_upload_count,may_late_2026,5
2026-08-07,RDL,折り紙,video_upload_count,regular_season,1
2026-08-07,RDL,折り紙,video_view_count,aug_early_2026,0
2026-08-07,RDL,折り紙,video_view_count,jul_early_2026,59767
2026-08-07,RDL,折り紙,video_view_count,jul_late_2026,0
2026-08-07,RDL,折り紙,video_view_count,jun_early_2026,43730
2026-08-07,RDL,折り紙,video_view_count,jun_late_2026,88530
2026-08-07,RDL,折り紙,video_view_count,may_early_2026,107876
2026-08-07,RDL,折り紙,video_view_count,may_late_2026,66564
2026-08-07,RDL,折り紙,video_view_count,regular_season,0
2026-08-07,RDL,折り紙,watch_time,aug_early_2026,1179
2026-08-07,RDL,折り紙,watch_time,jul_early_2026,6628
2026-08-07,RDL,折り紙,watch_time,jul_late_2026,751
2026-08-07,RDL,折り紙,watch_time,jun_early_2026,5895
2026-08-07,RDL,折り紙,watch_time,jun_late_2026,4608
2026-08-07,RDL,折り紙,watch_time,may_early_2026,7528
2026-08-07,RDL,折り紙,watch_time,may_late_2026,9118
2026-08-07,RDL,折り紙,watch_time,regular_season,3280
2026-08-07,RDL,折り紙,youtube_subscribers,current,14300
2026-08-07,VRL,Mishadow51,followers,current,2968
2026-08-07,VRL,Mishadow51,stream_duration,apr_late_2026,0.0
2026-08-07,VRL,Mishadow51,stream_duration,aug_early_2026,0.0
2026-08-07,VRL,Mishadow51,stream_duration,jul_early_2026,0.0
2026-08-07,VRL,Mishadow51,stream_duration,jul_late_2026,0.0
2026-08-07,VRL,Mishadow51,stream_duration,jun_early_2026,0.0
2026-08-07,VRL,Mishadow51,stream_duration,jun_late_2026,0.0
2026-08-07,VRL,Mishadow51,stream_duration,may_early_2026,0.0
2026-08-07,VRL,Mishadow51,stream_duration,may_late_2026,0.0
2026-08-07,VRL,Mishadow51,stream_duration,regular_season,0.0
2026-08-07,VRL,Mishadow51,video_upload_count,apr_late_2026,0
2026-08-07,VRL,Mishadow51,video_upload_count,aug_early_2026,0
2026-08-07,VRL,Mishadow51,video_upload_count,jul_early_2026,0
2026-08-07,VRL,Mishadow51,video_upload_count,jul_late_2026,0
2026-08-07,VRL,Mishadow51,video_upload_count,jun_early_2026,0
2026-08-07,VRL,Mishadow51,video_upload_count,jun_late_2026,0
2026-08-07,VRL,Mishadow51,video_upload_count,may_early_2026,0
2026-08-07,VRL,Mishadow51,video_upload_count,may_late_2026,0
2026-08-07,VRL,Mishadow51,video_upload_count,regular_season,0
2026-08-07,VRL,Mishadow51,video_view_count,aug_early_2026,0
2026-08-07,VRL,Mishadow51,video_view_count,jul_early_2026,0
2026-08-07,VRL,Mishadow51,video_view_count,jul_late_2026,0
2026-08-07,VRL,Mishadow51,video_view_count,jun_early_2026,0
2026-08-07,VRL,Mishadow51,video_view_count,jun_late_2026,0
2026-08-07,VRL,Mishadow51,video_view_count,may_early_2026,0
2026-08-07,VRL,Mishadow51,video_view_count,may_late_2026,0
2026-08-07,VRL,Mishadow51,video_view_count,regular_season,0
2026-08-07,VRL,Mishadow51,watch_time,aug_early_2026,0
2026-08-07,VRL,Mishadow51,watch_time,jul_early_2026,0
2026-08-07,VRL,Mishadow51,watch_time,jul_late_2026,0
2026-08-07,VRL,Mishadow51,watch_time,jun_early_2026,0
2026-08-07,VRL,Mishadow51,watch_time,jun_late_2026,0
2026-08-07,VRL,Mishadow51,watch_time,may_early_2026,0
2026-08-07,VRL,Mishadow51,watch_time,may_late_2026,0
2026-08-07,VRL,Mishadow51,watch_time,regular_season,0
2026-08-07,VRL,Mishadow51,youtube_subscribers,current,29
2026-08-07,VRL,Terarina,followers,current,3804
2026-08-07,VRL,Terarina,stream_duration,apr_late_2026,4.0
2026-08-07,VRL,Terarina,stream_duration,aug_early_2026,0.9
2026-08-07,VRL,Terarina,stream_duration,jul_early_2026,0.2
2026-08-07,VRL,Terarina,stream_duration,jul_late_2026,9.1
2026-08-07,VRL,Terarina,stream_duration,jun_early_2026,16.0
2026-08-07,VRL,Terarina,stream_duration,jun_late_2026,4.2
2026-08-07,VRL,Terarina,stream_duration,may_early_2026,5.1
2026-08-07,VRL,Terarina,stream_duration,may_late_2026,5.9
2026-08-07,VRL,Terarina,stream_duration,regular_season,10.0
2026-08-07,VRL,Terarina,video_upload_count,apr_late_2026,0
2026-08-07,VRL,Terarina,video_upload_count,aug_early_2026,0
2026-08-07,VRL,Terarina,video_upload_count,jul_early_2026,0
2026-08-07,VRL,Terarina,video_upload_count,jul_late_2026,0
2026-08-07,VRL,Terarina,video_upload_count,jun_early_2026,0
2026-08-07,VRL,Terarina,video_upload_count,jun_late_2026,0
2026-08-07,VRL,Terarina,video_upload_count,may_early_2026,0
2026-08-07,VRL,Terarina,video_upload_count,may_late_2026,0
2026-08-07,VRL,Terarina,video_upload_count,regular_season,0
2026-08-07,VRL,Terarina,video_view_count,aug_early_2026,0
2026-08-07,VRL,Terarina,video_view_count,jul_early_2026,0
2026-08-07,VRL,Terarina,video_view_count,jul_late_2026,0
2026-08-07,VRL,Terarina,video_view_count,jun_early_2026,0
2026-08-07,VRL,Terarina,video_view_count,jun_late_2026,0
2026-08-07,VRL,Terarina,video_view_count,may_early_2026,0
2026-08-07,VRL,Terarina,video_view_count,may_late_2026,0
2026-08-07,VRL,Terarina,video_view_count,regular_season,0
2026-08-07,VRL,Terarina,watch_time,aug_early_2026,4
2026-08-07,VRL,Terarina,watch_time,jul_early_2026,3
2026-08-07,VRL,Terarina,watch_time,jul_late_2026,65
2026-08-07,VRL,Terarina,watch_time,jun_early_2026,2920
2026-08-07,VRL,Terarina,watch_time,jun_late_2026,193
2026-08-07,VRL,Terarina,watch_time,may_early_2026,387
2026-08-07,VRL,Terarina,watch_time,may_late_2026,381
2026-08-07,VRL,Terarina,watch_time,regular_season,70
2026-08-07,VRL,Terarina,youtube_subscribers,current,1770
2026-08-07,VRL,monakawan,followers,current,1888
2026-08-07,VRL,monakawan,stream_duration,apr_late_2026,0.0
2026-08-07,VRL,monakawan,stream_duration,aug_early_2026,13.0
2026-08-07,VRL,monakawan,stream_duration,jul_early_2026,0.0
2026-08-07,VRL,monakawan,stream_duration,jul_late_2026,16.7
2026-08-07,VRL,monakawan,stream_duration,jun_early_2026,0.0
2026-08-07,VRL,monakawan,stream_duration,jun_late_2026,0.0
2026-08-07,VRL,monakawan,stream_duration,may_early_2026,0.0
2026-08-07,VRL,monakawan,stream_duration,may_late_2026,0.0
2026-08-07,VRL,monakawan,stream_duration,regular_season,29.7
2026-08-07,VRL,monakawan,video_upload_count,apr_late_2026,0
2026-08-07,VRL,monakawan,video_upload_count,aug_early_2026,0
2026-08-07,VRL,monakawan,video_upload_count,jul_early_2026,0
2026-08-07,VRL,monakawan,video_upload_count,jul_late_2026,0
2026-08-07,VRL,monakawan,video_upload_count,jun_early_2026,0
2026-08-07,VRL,monakawan,video_upload_count,jun_late_2026,0
2026-08-07,VRL,monakawan,video_upload_count,may_early_2026,0
2026-08-07,VRL,monakawan,video_upload_count,may_late_2026,0
2026-08-07,VRL,monakawan,video_upload_count,regular_season,0
2026-08-07,VRL,monakawan,video_view_count,aug_early_2026,0
2026-08-07,VRL,monakawan,video_view_count,jul_early_2026,0
2026-08-07,VRL,monakawan,video_view_count,jul_late_2026,0
2026-08-07,VRL,monakawan,video_view_count,jun_early_2026,0
2026-08-07,VRL,monakawan,video_view_count,jun_late_2026,0
2026-08-07,VRL,monakawan,video_view_count,may_early_2026,0
2026-08-07,VRL,monakawan,video_view_count,may_late_2026,0
2026-08-07,VRL,monakawan,video_view_count,regular_season,0
2026-08-07,VRL,monakawan,watch_time,aug_early_2026,210
2026-08-07,VRL,monakawan,watch_time,jul_early_2026,0
2026-08-07,VRL,monakawan,watch_time,jul_late_2026,262
2026-08-07,VRL,monakawan,watch_time,jun_early_2026,0
2026-08-07,VRL,monakawan,watch_time,jun_late_2026,0
2026-08-07,VRL,monakawan,watch_time,may_early_2026,0
2026-08-07,VRL,monakawan,watch_time,may_late_2026,0
2026-08-07,VRL,monakawan,watch_time,regular_season,472
2026-08-07,VRL,monakawan,youtube_subscribers,current,403
2026-08-07,VRL,まっつ,followers,current,4576
2026-08-07,VRL,まっつ,stream_duration,aug_early_2026,5.7
2026-08-07,VRL,まっつ,stream_duration,jul_early_2026,8.3
2026-08-07,VRL,まっつ,stream_duration,jul_late_2026,14.6
2026-08-07,VRL,まっつ,stream_duration,jun_late_2026,16.8
2026-08-07,VRL,まっつ,stream_duration,regular_season,23.3
2026-08-07,VRL,まっつ,video_upload_count,aug_early_2026,0
2026-08-07,VRL,まっつ,video_upload_count,jul_early_2026,0
2026-08-07,VRL,まっつ,video_upload_count,jul_late_2026,0
2026-08-07,VRL,まっつ,video_upload_count,jun_late_2026,0
2026-08-07,VRL,まっつ,video_upload_count,regular_season,0
2026-08-07,VRL,まっつ,video_view_count,aug_early_2026,0
2026-08-07,VRL,まっつ,video_view_count,jul_early_2026,0
2026-08-07,VRL,まっつ,video_view_count,jul_late_2026,0
2026-08-07,VRL,まっつ,video_view_count,regular_season,0
2026-08-07,VRL,まっつ,watch_time,aug_early_2026,345
2026-08-07,VRL,まっつ,watch_time,jul_early_2026,540
2026-08-07,VRL,まっつ,watch_time,jul_late_2026,1435
2026-08-07,VRL,まっつ,watch_time,regular_season,1819
2026-08-07,VRL,まっつ,youtube_subscribers,current,1640
2026-08-07,ZETA,CQCQ,followers,current,13724
2026-08-07,ZETA,CQCQ,stream_duration,apr_late_2026,21.5
2026-08-07,ZETA,CQCQ,stream_duration,aug_early_2026,6.2
2026-08-07,ZETA,CQCQ,stream_duration,jul_early_2026,2.7
2026-08-07,ZETA,CQCQ,stream_duration,jul_late_2026,26.9
2026-08-07,ZETA,CQCQ,stream_duration,jun_early_2026,18.1
2026-08-07,ZETA,CQCQ,stream_duration,jun_late_2026,20.2
2026-08-07,ZETA,CQCQ,stream_duration,may_early_2026,26.4
2026-08-07,ZETA,CQCQ,stream_duration,may_late_2026,18.6
2026-08-07,ZETA,CQCQ,stream_duration,regular_season,33.1
2026-08-07,ZETA,CQCQ,video_upload_count,apr_late_2026,2
2026-08-07,ZETA,CQCQ,video_upload_count,aug_early_2026,0
2026-08-07,ZETA,CQCQ,video_upload_count,jul_early_2026,0
2026-08-07,ZETA,CQCQ,video_upload_count,jul_late_2026,0
2026-08-07,ZETA,CQCQ,video_upload_count,jun_early_2026,0
2026-08-07,ZETA,CQCQ,video_upload_count,jun_late_2026,0
2026-08-07,ZETA,CQCQ,video_upload_count,may_early_2026,1
2026-08-07,ZETA,CQCQ,video_upload_count,may_late_2026,0
2026-08-07,ZETA,CQCQ,video_upload_count,regular_season,0
2026-08-07,ZETA,CQCQ,video_view_count,aug_early_2026,0
2026-08-07,ZETA,CQCQ,video_view_count,jul_early_2026,0
2026-08-07,ZETA,CQCQ,video_view_count,jul_late_2026,0
2026-08-07,ZETA,CQCQ,video_view_count,jun_early_2026,0
2026-08-07,ZETA,CQCQ,video_view_count,jun_late_2026,0
2026-08-07,ZETA,CQCQ,video_view_count,may_early_2026,32600
2026-08-07,ZETA,CQCQ,video_view_count,may_late_2026,0
2026-08-07,ZETA,CQCQ,video_view_count,regular_season,0
2026-08-07,ZETA,CQCQ,watch_time,aug_early_2026,1644
2026-08-07,ZETA,CQCQ,watch_time,jul_early_2026,1808
2026-08-07,ZETA,CQCQ,watch_time,jul_late_2026,12525
2026-08-07,ZETA,CQCQ,watch_time,jun_early_2026,5188
2026-08-07,ZETA,CQCQ,watch_time,jun_late_2026,8316
2026-08-07,ZETA,CQCQ,watch_time,may_early_2026,18546
2026-08-07,ZETA,CQCQ,watch_time,may_late_2026,9708
2026-08-07,ZETA,CQCQ,watch_time,regular_season,14200
2026-08-07,ZETA,CQCQ,youtube_subscribers,current,13500
2026-08-07,ZETA,TBT,followers,current,2662
2026-08-07,ZETA,TBT,stream_duration,apr_late_2026,4.4
2026-08-07,ZETA,TBT,stream_duration,aug_early_2026,7.8
2026-08-07,ZETA,TBT,stream_duration,jul_early_2026,3.8
2026-08-07,ZETA,TBT,stream_duration,jul_late_2026,19.3
2026-08-07,ZETA,TBT,stream_duration,jun_early_2026,2.2
2026-08-07,ZETA,TBT,stream_duration,jun_late_2026,19.3
2026-08-07,ZETA,TBT,stream_duration,may_early_2026,0.0
2026-08-07,ZETA,TBT,stream_duration,may_late_2026,16.0
2026-08-07,ZETA,TBT,stream_duration,regular_season,27.1
2026-08-07,ZETA,TBT,video_upload_count,apr_late_2026,2
2026-08-07,ZETA,TBT,video_upload_count,aug_early_2026,0
2026-08-07,ZETA,TBT,video_upload_count,jul_early_2026,0
2026-08-07,ZETA,TBT,video_upload_count,jul_late_2026,0
2026-08-07,ZETA,TBT,video_upload_count,jun_early_2026,0
2026-08-07,ZETA,TBT,video_upload_count,jun_late_2026,0
2026-08-07,ZETA,TBT,video_upload_count,may_early_2026,0
2026-08-07,ZETA,TBT,video_upload_count,may_late_2026,0
2026-08-07,ZETA,TBT,video_upload_count,regular_season,0
2026-08-07,ZETA,TBT,video_view_count,aug_early_2026,0
2026-08-07,ZETA,TBT,video_view_count,jul_early_2026,0
2026-08-07,ZETA,TBT,video_view_count,jul_late_2026,0
2026-08-07,ZETA,TBT,video_view_count,jun_early_2026,0
2026-08-07,ZETA,TBT,video_view_count,jun_late_2026,0
2026-08-07,ZETA,TBT,video_view_count,may_early_2026,0
2026-08-07,ZETA,TBT,video_view_count,may_late_2026,0
2026-08-07,ZETA,TBT,video_view_count,regular_season,0
2026-08-07,ZETA,TBT,watch_time,aug_early_2026,1244
2026-08-07,ZETA,TBT,watch_time,jul_early_2026,319
2026-08-07,ZETA,TBT,watch_time,jul_late_2026,2111
2026-08-07,ZETA,TBT,watch_time,jun_early_2026,258
2026-08-07,ZETA,TBT,watch_time,jun_late_2026,1414
2026-08-07,ZETA,TBT,watch_time,may_early_2026,0
2026-08-07,ZETA,TBT,watch_time,may_late_2026,2626
2026-08-07,ZETA,TBT,watch_time,regular_season,3357
2026-08-07,ZETA,TBT,youtube_subscribers,current,1260
2026-08-07,ZETA,ねぎま,followers,current,3278
2026-08-07,ZETA,ねぎま,stream_duration,aug_early_2026,15.3
2026-08-07,ZETA,ねぎま,stream_duration,jul_early_2026,14.6
2026-08-07,ZETA,ねぎま,stream_duration,jul_late_2026,37.6
2026-08-07,ZETA,ねぎま,stream_duration,jun_late_2026,77.4
2026-08-07,ZETA,ねぎま,stream_duration,regular_season,52.9
2026-08-07,ZETA,ねぎま,video_upload_count,aug_early_2026,0
2026-08-07,ZETA,ねぎま,video_upload_count,jul_early_2026,0
2026-08-07,ZETA,ねぎま,video_upload_count,jul_late_2026,0
2026-08-07,ZETA,ねぎま,video_upload_count,jun_late_2026,1
2026-08-07,ZETA,ねぎま,video_upload_count,regular_season,0
2026-08-07,ZETA,ねぎま,video_view_count,aug_early_2026,0
2026-08-07,ZETA,ねぎま,video_view_count,jul_early_2026,0
2026-08-07,ZETA,ねぎま,video_view_count,jul_late_2026,0
2026-08-07,ZETA,ねぎま,video_view_count,regular_season,0
2026-08-07,ZETA,ねぎま,watch_time,aug_early_2026,2544
2026-08-07,ZETA,ねぎま,watch_time,jul_early_2026,1479
2026-08-07,ZETA,ねぎま,watch_time,jul_late_2026,6211
2026-08-07,ZETA,ねぎま,watch_time,regular_season,8756
2026-08-07,ZETA,ねぎま,youtube_subscribers,current,1510
2026-08-07,ZETA,ヘイム,followers,current,6372
2026-08-07,ZETA,ヘイム,stream_duration,apr_late_2026,57.1
2026-08-07,ZETA,ヘイム,stream_duration,aug_early_2026,13.7
2026-08-07,ZETA,ヘイム,stream_duration,jul_early_2026,8.1
2026-08-07,ZETA,ヘイム,stream_duration,jul_late_2026,22.7
2026-08-07,ZETA,ヘイム,stream_duration,jun_early_2026,41.3
2026-08-07,ZETA,ヘイム,stream_duration,jun_late_2026,11.1
2026-08-07,ZETA,ヘイム,stream_duration,may_early_2026,63.6
2026-08-07,ZETA,ヘイム,stream_duration,may_late_2026,80.1
2026-08-07,ZETA,ヘイム,stream_duration,regular_season,37.6
2026-08-07,ZETA,ヘイム,video_upload_count,apr_late_2026,0
2026-08-07,ZETA,ヘイム,video_upload_count,aug_early_2026,0
2026-08-07,ZETA,ヘイム,video_upload_count,jul_early_2026,0
2026-08-07,ZETA,ヘイム,video_upload_count,jul_late_2026,0
2026-08-07,ZETA,ヘイム,video_upload_count,jun_early_2026,0
2026-08-07,ZETA,ヘイム,video_upload_count,jun_late_2026,0
2026-08-07,ZETA,ヘイム,video_upload_count,may_early_2026,0
2026-08-07,ZETA,ヘイム,video_upload_count,may_late_2026,0
2026-08-07,ZETA,ヘイム,video_upload_count,regular_season,0
2026-08-07,ZETA,ヘイム,video_view_count,aug_early_2026,0
2026-08-07,ZETA,ヘイム,video_view_count,jul_early_2026,0
2026-08-07,ZETA,ヘイム,video_view_count,jul_late_2026,0
2026-08-07,ZETA,ヘイム,video_view_count,jun_early_2026,0
2026-08-07,ZETA,ヘイム,video_view_count,jun_late_2026,0
2026-08-07,ZETA,ヘイム,video_view_count,may_early_2026,0
2026-08-07,ZETA,ヘイム,video_view_count,may_late_2026,0
2026-08-07,ZETA,ヘイム,video_view_count,regular_season,0
2026-08-07,ZETA,ヘイム,watch_time,aug_early_2026,3259
2026-08-07,ZETA,ヘイム,watch_time,jul_early_2026,1205
2026-08-07,ZETA,ヘイム,watch_time,jul_late_2026,6332
2026-08-07,ZETA,ヘイム,watch_time,jun_early_2026,6920
2026-08-07,ZETA,ヘイム,watch_time,jun_late_2026,1119
2026-08-07,ZETA,ヘイム,watch_time,may_early_2026,30598
2026-08-07,ZETA,ヘイム,watch_time,may_late_2026,19810
2026-08-07,ZETA,ヘイム,watch_time,regular_season,9795
2026-08-07,ZETA,ヘイム,youtube_subscribers,current,5160
