period,class,rank,team_tag,player_name,rating
神殺し・アナテマ 後半戦,エルフ,1,,さわちゃん,2257
神殺し・アナテマ 後半戦,エルフ,1,,おっきー,2257
神殺し・アナテマ 後半戦,エルフ,3,RC,つきあかめん,2180
神殺し・アナテマ 後半戦,エルフ,4,,丸々だいじん,2158
神殺し・アナテマ 後半戦,エルフ,5,,ysh,2144
神殺し・アナテマ 後半戦,エルフ,6,,WoC-Cid,2123
神殺し・アナテマ 後半戦,エルフ,7,,Lusha,2122
神殺し・アナテマ 後半戦,エルフ,8,MRG,glory,2114
神殺し・アナテマ 後半戦,エルフ,9,,きて,2107
神殺し・アナテマ 後半戦,エルフ,10,,アイス,2104
神殺し・アナテマ 後半戦,エルフ,11,DFM,ユーリ,2101
神殺し・アナテマ 後半戦,エルフ,11,,タユンスカポン,2101
神殺し・アナテマ 後半戦,エルフ,13,,山下,2095
神殺し・アナテマ 後半戦,エルフ,14,,海,2084
神殺し・アナテマ 後半戦,エルフ,15,,らっくす,2080
神殺し・アナテマ 後半戦,エルフ,15,,なん,2080
神殺し・アナテマ 後半戦,エルフ,17,,まふらー,2078
神殺し・アナテマ 後半戦,エルフ,17,,スーパー無敵チョコレート,2078
神殺し・アナテマ 後半戦,エルフ,19,,たこ,2077
神殺し・アナテマ 後半戦,エルフ,19,,aka,2077
神殺し・アナテマ 後半戦,エルフ,21,,Figole,2076
神殺し・アナテマ 後半戦,エルフ,21,,せっぷんまる,2076
神殺し・アナテマ 後半戦,エルフ,21,,shima,2076
神殺し・アナテマ 後半戦,エルフ,21,,オーキス博士,2076
神殺し・アナテマ 後半戦,エルフ,21,,右手はやめろ！オルテニア,2076
神殺し・アナテマ 後半戦,エルフ,26,,紅葉おろし,2075
神殺し・アナテマ 後半戦,エルフ,26,,Donmel,2075
神殺し・アナテマ 後半戦,エルフ,28,,kokura,2074
神殺し・アナテマ 後半戦,エルフ,28,,RiEnstartell,2074
神殺し・アナテマ 後半戦,エルフ,30,,sota,2073
神殺し・アナテマ 後半戦,エルフ,30,,ぴゅあ,2073
神殺し・アナテマ 後半戦,エルフ,30,,ひまんちゅ,2073
神殺し・アナテマ 後半戦,エルフ,30,,まっしゅ,2073
神殺し・アナテマ 後半戦,エルフ,34,,Amano,2072
神殺し・アナテマ 後半戦,エルフ,34,,じゃん,2072
神殺し・アナテマ 後半戦,エルフ,34,,コバえもん,2072
神殺し・アナテマ 後半戦,エルフ,34,,おさかなねこ,2072
神殺し・アナテマ 後半戦,エルフ,34,,ジャック,2072
神殺し・アナテマ 後半戦,エルフ,39,,umt,2071
神殺し・アナテマ 後半戦,エルフ,39,,ポポポ,2071
神殺し・アナテマ 後半戦,エルフ,39,,アッシー@YT,2071
神殺し・アナテマ 後半戦,エルフ,39,,かしも,2071
神殺し・アナテマ 後半戦,エルフ,39,,如夢,2071
神殺し・アナテマ 後半戦,エルフ,44,,Aias,2070
神殺し・アナテマ 後半戦,エルフ,44,,kareha,2070
神殺し・アナテマ 後半戦,エルフ,44,,はまみ,2070
神殺し・アナテマ 後半戦,エルフ,44,,yun,2070
神殺し・アナテマ 後半戦,エルフ,44,,Bubble Gum,2070
神殺し・アナテマ 後半戦,エルフ,44,,ガトねこYT,2070
神殺し・アナテマ 後半戦,エルフ,50,,Hippowdon,2069
神殺し・アナテマ 後半戦,エルフ,50,R.I.P.,如月,2069
神殺し・アナテマ 後半戦,エルフ,50,,TIK,2069
神殺し・アナテマ 後半戦,エルフ,50,,Velstadt,2069
神殺し・アナテマ 後半戦,エルフ,50,,lalican,2069
神殺し・アナテマ 後半戦,エルフ,55,,주해,2068
神殺し・アナテマ 後半戦,エルフ,55,合宿組,ナツ,2068
神殺し・アナテマ 後半戦,エルフ,55,,く,2068
神殺し・アナテマ 後半戦,エルフ,55,,Amane,2068
神殺し・アナテマ 後半戦,エルフ,55,,ガブリアス,2068
神殺し・アナテマ 後半戦,エルフ,55,,ロキ,2068
神殺し・アナテマ 後半戦,エルフ,55,,REDO,2068
神殺し・アナテマ 後半戦,エルフ,55,,なつめ,2068
神殺し・アナテマ 後半戦,エルフ,63,ZETA,ヘイム,2067
神殺し・アナテマ 後半戦,エルフ,63,,ラトス,2067
神殺し・アナテマ 後半戦,エルフ,63,,やりいか,2067
神殺し・アナテマ 後半戦,エルフ,63,,ごろもん,2067
神殺し・アナテマ 後半戦,エルフ,63,,澁谷える,2067
神殺し・アナテマ 後半戦,エルフ,63,,彩人,2067
神殺し・アナテマ 後半戦,エルフ,69,,ばるむんく,2066
神殺し・アナテマ 後半戦,エルフ,69,,ダヤン,2066
神殺し・アナテマ 後半戦,エルフ,69,,こじまん,2066
神殺し・アナテマ 後半戦,エルフ,69,,ひゅ,2066
神殺し・アナテマ 後半戦,エルフ,69,,GodRelD,2066
神殺し・アナテマ 後半戦,エルフ,69,,ナマステ,2066
神殺し・アナテマ 後半戦,エルフ,69,,Barragan,2066
神殺し・アナテマ 後半戦,エルフ,76,,あしあと,2065
神殺し・アナテマ 後半戦,エルフ,76,,金木犀の剣,2065
神殺し・アナテマ 後半戦,エルフ,76,,エビ,2065
神殺し・アナテマ 後半戦,エルフ,79,VL,Terarina,2064
神殺し・アナテマ 後半戦,エルフ,79,,player,2064
神殺し・アナテマ 後半戦,エルフ,79,,ゆも,2064
神殺し・アナテマ 後半戦,エルフ,79,,Maquial,2064
神殺し・アナテマ 後半戦,エルフ,83,,ともさん,2063
神殺し・アナテマ 後半戦,エルフ,83,,氷上メルル,2063
神殺し・アナテマ 後半戦,エルフ,83,,かしわ,2063
神殺し・アナテマ 後半戦,エルフ,86,,e.,2062
神殺し・アナテマ 後半戦,エルフ,86,,万能薬ボックス,2062
神殺し・アナテマ 後半戦,エルフ,86,,倉本底よりのもの,2062
神殺し・アナテマ 後半戦,エルフ,86,,alfajer,2062
神殺し・アナテマ 後半戦,エルフ,90,RID,Chappy_ttv,2061
神殺し・アナテマ 後半戦,エルフ,90,MRG,Spicies,2061
神殺し・アナテマ 後半戦,エルフ,90,,むた,2061
神殺し・アナテマ 後半戦,エルフ,90,,かさ,2061
神殺し・アナテマ 後半戦,エルフ,90,,かるま,2061
神殺し・アナテマ 後半戦,エルフ,90,,風祭,2061
神殺し・アナテマ 後半戦,エルフ,90,,おもしろくないよ,2061
神殺し・アナテマ 後半戦,エルフ,97,,....,2060
神殺し・アナテマ 後半戦,エルフ,98,,ぜに,2059
神殺し・アナテマ 後半戦,エルフ,99,,keruto,2058
神殺し・アナテマ 後半戦,エルフ,99,,kohaku,2058
神殺し・アナテマ 後半戦,ロイヤル,1,,ベネトナシュ,2317
神殺し・アナテマ 後半戦,ロイヤル,2,,あき,2316
神殺し・アナテマ 後半戦,ロイヤル,3,WMTD,NieR,2268
神殺し・アナテマ 後半戦,ロイヤル,4,,いずみん,2242
神殺し・アナテマ 後半戦,ロイヤル,5,,腐敗正義 ディアマンテ,2170
神殺し・アナテマ 後半戦,ロイヤル,6,,Non,2160
神殺し・アナテマ 後半戦,ロイヤル,7,,蝶野雛,2155
神殺し・アナテマ 後半戦,ロイヤル,8,,okuto,2154
神殺し・アナテマ 後半戦,ロイヤル,9,,7,2150
神殺し・アナテマ 後半戦,ロイヤル,10,MRG,マイト,2134
神殺し・アナテマ 後半戦,ロイヤル,10,,たやまる,2134
神殺し・アナテマ 後半戦,ロイヤル,10,,からと,2134
神殺し・アナテマ 後半戦,ロイヤル,13,,山下,2129
神殺し・アナテマ 後半戦,ロイヤル,14,,カオス,2126
神殺し・アナテマ 後半戦,ロイヤル,15,,B站の鸭梨傻,2124
神殺し・アナテマ 後半戦,ロイヤル,16,,かふえぇもか,2121
神殺し・アナテマ 後半戦,ロイヤル,17,,ogc,2118
神殺し・アナテマ 後半戦,ロイヤル,19,,飛行雪絨,2117
神殺し・アナテマ 後半戦,ロイヤル,19,,Kurzawa,2117
神殺し・アナテマ 後半戦,ロイヤル,21,,確確實實大大吉吉,2116
神殺し・アナテマ 後半戦,ロイヤル,21,,willb,2116
神殺し・アナテマ 後半戦,ロイヤル,23,,やりいか,2115
神殺し・アナテマ 後半戦,ロイヤル,24,,Kino,2114
神殺し・アナテマ 後半戦,ロイヤル,24,,鯨がペット,2114
神殺し・アナテマ 後半戦,ロイヤル,24,,シアン,2114
神殺し・アナテマ 後半戦,ロイヤル,24,,あしここ,2114
神殺し・アナテマ 後半戦,ロイヤル,28,,ｶﾛ ﾓﾘﾓ！,2113
神殺し・アナテマ 後半戦,ロイヤル,28,,もの,2113
神殺し・アナテマ 後半戦,ロイヤル,28,,ぽきゅん,2113
神殺し・アナテマ 後半戦,ロイヤル,31,合宿組,Re=L,2111
神殺し・アナテマ 後半戦,ロイヤル,32,MRG,glory,2109
神殺し・アナテマ 後半戦,ロイヤル,32,VL,まっつ,2109
神殺し・アナテマ 後半戦,ロイヤル,34,,ぽせいどんいち,2108
神殺し・アナテマ 後半戦,ロイヤル,34,,シニョン,2108
神殺し・アナテマ 後半戦,ロイヤル,36,DFM,ユーリ,2107
神殺し・アナテマ 後半戦,ロイヤル,36,,Aias,2107
神殺し・アナテマ 後半戦,ロイヤル,36,,夜凪景,2107
神殺し・アナテマ 後半戦,ロイヤル,36,,Linoa,2107
神殺し・アナテマ 後半戦,ロイヤル,40,VL,Terarina,2106
神殺し・アナテマ 後半戦,ロイヤル,40,,秋風,2106
神殺し・アナテマ 後半戦,ロイヤル,40,,まったりとした人Meri,2106
神殺し・アナテマ 後半戦,ロイヤル,43,,ほむ,2105
神殺し・アナテマ 後半戦,ロイヤル,43,,デオシー配信中!,2105
神殺し・アナテマ 後半戦,ロイヤル,43,,ハル,2105
神殺し・アナテマ 後半戦,ロイヤル,46,,にしくん,2104
神殺し・アナテマ 後半戦,ロイヤル,46,SWB,ちゃまりにすと,2104
神殺し・アナテマ 後半戦,ロイヤル,46,,とーつ,2104
神殺し・アナテマ 後半戦,ロイヤル,49,,maonico47,2103
神殺し・アナテマ 後半戦,ロイヤル,49,,Renegades,2103
神殺し・アナテマ 後半戦,ロイヤル,49,,グリーン,2103
神殺し・アナテマ 後半戦,ロイヤル,49,,ぼく,2103
神殺し・アナテマ 後半戦,ロイヤル,49,,王騎将軍,2103
神殺し・アナテマ 後半戦,ロイヤル,49,,Vanilla,2103
神殺し・アナテマ 後半戦,ロイヤル,49,,Tigger,2103
神殺し・アナテマ 後半戦,ロイヤル,49,,えけちま,2103
神殺し・アナテマ 後半戦,ロイヤル,57,,とむら,2102
神殺し・アナテマ 後半戦,ロイヤル,57,,Mizo.,2102
神殺し・アナテマ 後半戦,ロイヤル,57,,テルー,2102
神殺し・アナテマ 後半戦,ロイヤル,57,,윈다,2102
神殺し・アナテマ 後半戦,ロイヤル,57,,fairy piano,2102
神殺し・アナテマ 後半戦,ロイヤル,57,,おいなりさん,2102
神殺し・アナテマ 後半戦,ロイヤル,57,,ジャム・OG・III,2102
神殺し・アナテマ 後半戦,ロイヤル,64,,おのみち,2101
神殺し・アナテマ 後半戦,ロイヤル,64,,三水机,2101
神殺し・アナテマ 後半戦,ロイヤル,64,,Lee,2101
神殺し・アナテマ 後半戦,ロイヤル,64,,クリアワルザー,2101
神殺し・アナテマ 後半戦,ロイヤル,64,,コジェ！ヤッホー！,2101
神殺し・アナテマ 後半戦,ロイヤル,64,,かきのたね,2101
神殺し・アナテマ 後半戦,ロイヤル,64,,Ennui,2101
神殺し・アナテマ 後半戦,ロイヤル,71,,ゆき,2100
神殺し・アナテマ 後半戦,ロイヤル,71,,みきの,2100
神殺し・アナテマ 後半戦,ロイヤル,71,,ベベ,2100
神殺し・アナテマ 後半戦,ロイヤル,71,,ソーキ,2100
神殺し・アナテマ 後半戦,ロイヤル,71,,さのっち,2100
神殺し・アナテマ 後半戦,ロイヤル,71,,kumiromi,2100
神殺し・アナテマ 後半戦,ロイヤル,71,,もつもつ,2100
神殺し・アナテマ 後半戦,ロイヤル,78,,Amano,2099
神殺し・アナテマ 後半戦,ロイヤル,78,,R.T.☆,2099
神殺し・アナテマ 後半戦,ロイヤル,78,,激震のゴチゾウ,2099
神殺し・アナテマ 後半戦,ロイヤル,81,,nico,2098
神殺し・アナテマ 後半戦,ロイヤル,81,,코코나단,2098
神殺し・アナテマ 後半戦,ロイヤル,81,,Leon,2098
神殺し・アナテマ 後半戦,ロイヤル,81,,ちんすこう,2098
神殺し・アナテマ 後半戦,ロイヤル,85,,固形シチュー,2096
神殺し・アナテマ 後半戦,ロイヤル,85,,藁東,2096
神殺し・アナテマ 後半戦,ロイヤル,85,,マリモ,2096
神殺し・アナテマ 後半戦,ロイヤル,88,,Dagger,2095
神殺し・アナテマ 後半戦,ロイヤル,88,,リュウ星ブレードV2,2095
神殺し・アナテマ 後半戦,ロイヤル,90,,ララミアの生体部品,2093
神殺し・アナテマ 後半戦,ロイヤル,90,,にじりよるねこ,2093
神殺し・アナテマ 後半戦,ロイヤル,92,,れい,2092
神殺し・アナテマ 後半戦,ロイヤル,92,,じう,2092
神殺し・アナテマ 後半戦,ロイヤル,92,,バルロッサ,2092
神殺し・アナテマ 後半戦,ロイヤル,95,,うぃすぴー,2091
神殺し・アナテマ 後半戦,ロイヤル,95,,ふる,2091
神殺し・アナテマ 後半戦,ロイヤル,97,,GarnetDevil,2090
神殺し・アナテマ 後半戦,ロイヤル,97,,きよ,2090
神殺し・アナテマ 後半戦,ロイヤル,100,,イマリは通さない,2086
神殺し・アナテマ 後半戦,ウィッチ,1,,kq,2304
神殺し・アナテマ 後半戦,ウィッチ,2,,阿圖伊,2260
神殺し・アナテマ 後半戦,ウィッチ,3,,ジョージ-お前の親友-,2215
神殺し・アナテマ 後半戦,ウィッチ,4,,タニーポ,2205
神殺し・アナテマ 後半戦,ウィッチ,5,,シゴレ,2204
神殺し・アナテマ 後半戦,ウィッチ,6,,sea,2202
神殺し・アナテマ 後半戦,ウィッチ,7,,あぶらみ,2182
神殺し・アナテマ 後半戦,ウィッチ,8,,Figole,2179
神殺し・アナテマ 後半戦,ウィッチ,9,,asd,2175
神殺し・アナテマ 後半戦,ウィッチ,10,,モグイナ@youtube,2169
神殺し・アナテマ 後半戦,ウィッチ,11,RID,折り紙,2152
神殺し・アナテマ 後半戦,ウィッチ,12,,さわむら・S・ぬえりり,2144
神殺し・アナテマ 後半戦,ウィッチ,13,,d*,2141
神殺し・アナテマ 後半戦,ウィッチ,13,,ゴマ,2141
神殺し・アナテマ 後半戦,ウィッチ,15,,山下,2140
神殺し・アナテマ 後半戦,ウィッチ,15,,むに,2140
神殺し・アナテマ 後半戦,ウィッチ,17,,タキ,2139
神殺し・アナテマ 後半戦,ウィッチ,18,,わん,2136
神殺し・アナテマ 後半戦,ウィッチ,19,,かさ,2135
神殺し・アナテマ 後半戦,ウィッチ,19,,owa:),2135
神殺し・アナテマ 後半戦,ウィッチ,19,,yancey,2135
神殺し・アナテマ 後半戦,ウィッチ,22,,a,2134
神殺し・アナテマ 後半戦,ウィッチ,22,,ババガガンガ,2134
神殺し・アナテマ 後半戦,ウィッチ,22,,まめにゃん,2134
神殺し・アナテマ 後半戦,ウィッチ,25,,Amano,2133
神殺し・アナテマ 後半戦,ウィッチ,25,,Aias,2133
神殺し・アナテマ 後半戦,ウィッチ,25,,ほり,2133
神殺し・アナテマ 後半戦,ウィッチ,25,,26_XXVI,2133
神殺し・アナテマ 後半戦,ウィッチ,25,,coffeeみるく,2133
神殺し・アナテマ 後半戦,ウィッチ,25,,taku,2133
神殺し・アナテマ 後半戦,ウィッチ,31,VL,Terarina,2132
神殺し・アナテマ 後半戦,ウィッチ,31,,イル,2132
神殺し・アナテマ 後半戦,ウィッチ,31,,fluphy,2132
神殺し・アナテマ 後半戦,ウィッチ,31,,mikaze,2132
神殺し・アナテマ 後半戦,ウィッチ,35,DFM,ユーリ,2131
神殺し・アナテマ 後半戦,ウィッチ,35,,umt,2131
神殺し・アナテマ 後半戦,ウィッチ,35,RC,拓海,2131
神殺し・アナテマ 後半戦,ウィッチ,35,,きなり。,2131
神殺し・アナテマ 後半戦,ウィッチ,35,,ばるむんく,2131
神殺し・アナテマ 後半戦,ウィッチ,35,,おまんじゅう,2131
神殺し・アナテマ 後半戦,ウィッチ,35,,riasu,2131
神殺し・アナテマ 後半戦,ウィッチ,35,,みふぃこと,2131
神殺し・アナテマ 後半戦,ウィッチ,35,,のあ,2131
神殺し・アナテマ 後半戦,ウィッチ,35,,Cleia,2131
神殺し・アナテマ 後半戦,ウィッチ,45,,あき,2130
神殺し・アナテマ 後半戦,ウィッチ,45,,ポポポ,2130
神殺し・アナテマ 後半戦,ウィッチ,45,,むーん,2130
神殺し・アナテマ 後半戦,ウィッチ,45,,バームクーヘン,2130
神殺し・アナテマ 後半戦,ウィッチ,45,,昏き底よりハイそこそこ,2130
神殺し・アナテマ 後半戦,ウィッチ,45,,アルス,2130
神殺し・アナテマ 後半戦,ウィッチ,45,,竝,2130
神殺し・アナテマ 後半戦,ウィッチ,52,,^_^,2129
神殺し・アナテマ 後半戦,ウィッチ,52,,エース先輩と婚約したい,2129
神殺し・アナテマ 後半戦,ウィッチ,52,,アムカマン,2129
神殺し・アナテマ 後半戦,ウィッチ,55,LVH,Hirobosu,2128
神殺し・アナテマ 後半戦,ウィッチ,55,,むた,2128
神殺し・アナテマ 後半戦,ウィッチ,55,,riri,2128
神殺し・アナテマ 後半戦,ウィッチ,55,,焼き鳥食べたい,2128
神殺し・アナテマ 後半戦,ウィッチ,55,,waha,2128
神殺し・アナテマ 後半戦,ウィッチ,55,,めんたいこ,2128
神殺し・アナテマ 後半戦,ウィッチ,61,,泥沼の夜架,2127
神殺し・アナテマ 後半戦,ウィッチ,61,,7スター,2127
神殺し・アナテマ 後半戦,ウィッチ,61,,Nem.,2127
神殺し・アナテマ 後半戦,ウィッチ,61,,ナチュレ,2127
神殺し・アナテマ 後半戦,ウィッチ,61,,piyoko,2127
神殺し・アナテマ 後半戦,ウィッチ,61,,stephan,2127
神殺し・アナテマ 後半戦,ウィッチ,61,,なぎちっちらんど,2127
神殺し・アナテマ 後半戦,ウィッチ,68,,あしあと,2126
神殺し・アナテマ 後半戦,ウィッチ,68,,澁谷える,2126
神殺し・アナテマ 後半戦,ウィッチ,68,,しろNOIRE,2126
神殺し・アナテマ 後半戦,ウィッチ,68,,よこ,2126
神殺し・アナテマ 後半戦,ウィッチ,68,,いんちぇ,2126
神殺し・アナテマ 後半戦,ウィッチ,73,,雪風のぞみ,2125
神殺し・アナテマ 後半戦,ウィッチ,73,,でぃ,2125
神殺し・アナテマ 後半戦,ウィッチ,75,MRG,glory,2124
神殺し・アナテマ 後半戦,ウィッチ,75,ZETA,ヘイム,2124
神殺し・アナテマ 後半戦,ウィッチ,75,ZETA,ねぎま,2124
神殺し・アナテマ 後半戦,ウィッチ,75,,rare,2124
神殺し・アナテマ 後半戦,ウィッチ,75,,haru,2124
神殺し・アナテマ 後半戦,ウィッチ,75,,邪馬台国,2124
神殺し・アナテマ 後半戦,ウィッチ,75,,風邪いい,2124
神殺し・アナテマ 後半戦,ウィッチ,75,,ろく,2124
神殺し・アナテマ 後半戦,ウィッチ,75,,だーす,2124
神殺し・アナテマ 後半戦,ウィッチ,75,,Dr.てくのろーじあ,2124
神殺し・アナテマ 後半戦,ウィッチ,85,,オマールエビ,2123
神殺し・アナテマ 後半戦,ウィッチ,85,MRG,Toby,2123
神殺し・アナテマ 後半戦,ウィッチ,85,,udon,2123
神殺し・アナテマ 後半戦,ウィッチ,85,,やりいか,2123
神殺し・アナテマ 後半戦,ウィッチ,85,,一般人,2123
神殺し・アナテマ 後半戦,ウィッチ,90,,パンドラ,2122
神殺し・アナテマ 後半戦,ウィッチ,90,,asd,2122
神殺し・アナテマ 後半戦,ウィッチ,90,,凍結スミレ,2122
神殺し・アナテマ 後半戦,ウィッチ,93,,Medianoche,2121
神殺し・アナテマ 後半戦,ウィッチ,93,,あき,2121
神殺し・アナテマ 後半戦,ウィッチ,93,,とむら,2121
神殺し・アナテマ 後半戦,ウィッチ,93,,Renegades,2121
神殺し・アナテマ 後半戦,ウィッチ,93,,田所浩二,2121
神殺し・アナテマ 後半戦,ウィッチ,93,,がごぼむ,2121
神殺し・アナテマ 後半戦,ウィッチ,99,,桜羽エマ,2120
神殺し・アナテマ 後半戦,ウィッチ,100,,よんとう,2119
神殺し・アナテマ 後半戦,ドラゴン,1,,味噌日,2264
神殺し・アナテマ 後半戦,ドラゴン,2,,rezi,2225
神殺し・アナテマ 後半戦,ドラゴン,3,,チャンキ,2216
神殺し・アナテマ 後半戦,ドラゴン,4,,がわこ,2212
神殺し・アナテマ 後半戦,ドラゴン,5,,富,2207
神殺し・アナテマ 後半戦,ドラゴン,6,,せらぴい,2203
神殺し・アナテマ 後半戦,ドラゴン,7,,鬼火スイクン,2188
神殺し・アナテマ 後半戦,ドラゴン,8,,ハラキリ,2162
神殺し・アナテマ 後半戦,ドラゴン,9,,あずにゃん,2155
神殺し・アナテマ 後半戦,ドラゴン,10,,ボーマンダ,2152
神殺し・アナテマ 後半戦,ドラゴン,11,,かなちゃんず,2148
神殺し・アナテマ 後半戦,ドラゴン,12,,にゃん,2145
神殺し・アナテマ 後半戦,ドラゴン,13,,e.,2142
神殺し・アナテマ 後半戦,ドラゴン,14,,伊賦夜坂,2141
神殺し・アナテマ 後半戦,ドラゴン,15,DFM,ユーリ,2139
神殺し・アナテマ 後半戦,ドラゴン,16,,あしあと,2138
神殺し・アナテマ 後半戦,ドラゴン,17,,Langrey,2137
神殺し・アナテマ 後半戦,ドラゴン,18,,Kano,2136
神殺し・アナテマ 後半戦,ドラゴン,19,,Zs302,2135
神殺し・アナテマ 後半戦,ドラゴン,20,,もな,2133
神殺し・アナテマ 後半戦,ドラゴン,21,VL,Terarina,2132
神殺し・アナテマ 後半戦,ドラゴン,21,DFA,トミー,2132
神殺し・アナテマ 後半戦,ドラゴン,21,,おっとっと,2132
神殺し・アナテマ 後半戦,ドラゴン,24,,Amano,2131
神殺し・アナテマ 後半戦,ドラゴン,25,,sea,2130
神殺し・アナテマ 後半戦,ドラゴン,25,,つむり,2130
神殺し・アナテマ 後半戦,ドラゴン,25,,ドンタコス,2130
神殺し・アナテマ 後半戦,ドラゴン,25,,もっす,2130
神殺し・アナテマ 後半戦,ドラゴン,25,,なつみかん,2130
神殺し・アナテマ 後半戦,ドラゴン,30,VL,まっつ,2129
神殺し・アナテマ 後半戦,ドラゴン,30,,めにょ,2129
神殺し・アナテマ 後半戦,ドラゴン,32,MRG,glory,2128
神殺し・アナテマ 後半戦,ドラゴン,32,ZETA,ヘイム,2128
神殺し・アナテマ 後半戦,ドラゴン,32,,がばちゃん,2128
神殺し・アナテマ 後半戦,ドラゴン,32,,事象の地平面,2128
神殺し・アナテマ 後半戦,ドラゴン,32,,sert,2128
神殺し・アナテマ 後半戦,ドラゴン,32,,豚饅頭,2128
神殺し・アナテマ 後半戦,ドラゴン,32,,オオツキ,2128
神殺し・アナテマ 後半戦,ドラゴン,32,,白瀬しろ,2128
神殺し・アナテマ 後半戦,ドラゴン,40,,Kuncussion,2127
神殺し・アナテマ 後半戦,ドラゴン,40,,ゆのちゃむ@覇道,2127
神殺し・アナテマ 後半戦,ドラゴン,42,,FS3232,2126
神殺し・アナテマ 後半戦,ドラゴン,42,,Air,2126
神殺し・アナテマ 後半戦,ドラゴン,42,,不答應那莫波波,2126
神殺し・アナテマ 後半戦,ドラゴン,42,,奈倉,2126
神殺し・アナテマ 後半戦,ドラゴン,46,,澁谷える,2125
神殺し・アナテマ 後半戦,ドラゴン,46,,鉄太郎11,2125
神殺し・アナテマ 後半戦,ドラゴン,46,,ちるまー,2125
神殺し・アナテマ 後半戦,ドラゴン,46,,ノア,2125
神殺し・アナテマ 後半戦,ドラゴン,46,,くれあ,2125
神殺し・アナテマ 後半戦,ドラゴン,46,,りべろ,2125
神殺し・アナテマ 後半戦,ドラゴン,52,ZETA,ねぎま,2124
神殺し・アナテマ 後半戦,ドラゴン,52,,せんぷうき,2124
神殺し・アナテマ 後半戦,ドラゴン,52,,ららら,2124
神殺し・アナテマ 後半戦,ドラゴン,52,合宿組,ナツ,2124
神殺し・アナテマ 後半戦,ドラゴン,52,,TK Lyra,2124
神殺し・アナテマ 後半戦,ドラゴン,52,,ふろっしゅ,2124
神殺し・アナテマ 後半戦,ドラゴン,58,,スノーマン,2123
神殺し・アナテマ 後半戦,ドラゴン,58,,お茶,2123
神殺し・アナテマ 後半戦,ドラゴン,58,,まるるる,2123
神殺し・アナテマ 後半戦,ドラゴン,58,,TORIII,2123
神殺し・アナテマ 後半戦,ドラゴン,58,,小波波,2123
神殺し・アナテマ 後半戦,ドラゴン,58,,謎のロイヤル使い,2123
神殺し・アナテマ 後半戦,ドラゴン,64,,maonico47,2122
神殺し・アナテマ 後半戦,ドラゴン,64,,しょう/syo,2122
神殺し・アナテマ 後半戦,ドラゴン,64,,shima,2122
神殺し・アナテマ 後半戦,ドラゴン,64,,ミュラー,2122
神殺し・アナテマ 後半戦,ドラゴン,64,,やんやんつけボー,2122
神殺し・アナテマ 後半戦,ドラゴン,64,,Feel,2122
神殺し・アナテマ 後半戦,ドラゴン,64,,LeSu,2122
神殺し・アナテマ 後半戦,ドラゴン,71,,ローウェンバルクスピア,2121
神殺し・アナテマ 後半戦,ドラゴン,71,,あまるがむ,2121
神殺し・アナテマ 後半戦,ドラゴン,71,,こばと,2121
神殺し・アナテマ 後半戦,ドラゴン,71,,ハリ -,2121
神殺し・アナテマ 後半戦,ドラゴン,71,,ユート,2121
神殺し・アナテマ 後半戦,ドラゴン,71,,가보리,2121
神殺し・アナテマ 後半戦,ドラゴン,71,,ぁっ,2121
神殺し・アナテマ 後半戦,ドラゴン,78,,安堂,2120
神殺し・アナテマ 後半戦,ドラゴン,78,CR,ふえた,2120
神殺し・アナテマ 後半戦,ドラゴン,78,,やりいか,2120
神殺し・アナテマ 後半戦,ドラゴン,78,,冒険者,2120
神殺し・アナテマ 後半戦,ドラゴン,78,,うんち@にゃ,2120
神殺し・アナテマ 後半戦,ドラゴン,83,RID,山田レクイエム,2119
神殺し・アナテマ 後半戦,ドラゴン,83,,Tanishi,2119
神殺し・アナテマ 後半戦,ドラゴン,83,,へい民,2119
神殺し・アナテマ 後半戦,ドラゴン,83,,timakou,2119
神殺し・アナテマ 後半戦,ドラゴン,87,,Aias,2118
神殺し・アナテマ 後半戦,ドラゴン,87,,こもじ,2118
神殺し・アナテマ 後半戦,ドラゴン,87,,あのん,2118
神殺し・アナテマ 後半戦,ドラゴン,87,,たつのしん,2118
神殺し・アナテマ 後半戦,ドラゴン,87,,meenya,2118
神殺し・アナテマ 後半戦,ドラゴン,87,,Rabi,2118
神殺し・アナテマ 後半戦,ドラゴン,93,,rafay,2117
神殺し・アナテマ 後半戦,ドラゴン,93,,ラトス,2117
神殺し・アナテマ 後半戦,ドラゴン,93,,KLM,2117
神殺し・アナテマ 後半戦,ドラゴン,93,,なかなかやるな,2117
神殺し・アナテマ 後半戦,ドラゴン,97,,ひくつ,2116
神殺し・アナテマ 後半戦,ドラゴン,97,合宿組,ぼーいん,2116
神殺し・アナテマ 後半戦,ドラゴン,97,,kerorin,2116
神殺し・アナテマ 後半戦,ドラゴン,97,,ひろ@えんつよ最強軍団,2116
神殺し・アナテマ 後半戦,ドラゴン,97,,ミカ,2116
神殺し・アナテマ 後半戦,ドラゴン,97,,拉普拉斯,2116
神殺し・アナテマ 後半戦,ドラゴン,97,,しののめえな,2116
神殺し・アナテマ 後半戦,ドラゴン,97,,ささき,2116
神殺し・アナテマ 後半戦,ナイトメア,1,合宿組,kt,2311
神殺し・アナテマ 後半戦,ナイトメア,2,,多忙なイスラーフィール,2301
神殺し・アナテマ 後半戦,ナイトメア,3,,たこすけ,2284
神殺し・アナテマ 後半戦,ナイトメア,4,,弱者の反撃,2231
神殺し・アナテマ 後半戦,ナイトメア,5,,おたくのやどかり平田社長,2223
神殺し・アナテマ 後半戦,ナイトメア,6,,侍,2222
神殺し・アナテマ 後半戦,ナイトメア,7,合宿組,ぼーいん,2221
神殺し・アナテマ 後半戦,ナイトメア,8,,Reia,2210
神殺し・アナテマ 後半戦,ナイトメア,9,,maonico47,2209
神殺し・アナテマ 後半戦,ナイトメア,9,,KINO,2209
神殺し・アナテマ 後半戦,ナイトメア,11,,いろは,2208
神殺し・アナテマ 後半戦,ナイトメア,12,,女神,2207
神殺し・アナテマ 後半戦,ナイトメア,13,,SHR,2206
神殺し・アナテマ 後半戦,ナイトメア,14,FOR'E,rairo,2205
神殺し・アナテマ 後半戦,ナイトメア,15,,みずせ,2204
神殺し・アナテマ 後半戦,ナイトメア,16,,秒殺の皇帝,2201
神殺し・アナテマ 後半戦,ナイトメア,16,,りざ,2201
神殺し・アナテマ 後半戦,ナイトメア,16,,ゆうきくん,2201
神殺し・アナテマ 後半戦,ナイトメア,19,,じゃすん@Vちゅーばー,2200
神殺し・アナテマ 後半戦,ナイトメア,19,R.I.P.,如月,2200
神殺し・アナテマ 後半戦,ナイトメア,19,,らっきー,2200
神殺し・アナテマ 後半戦,ナイトメア,23,RID,折り紙,2196
神殺し・アナテマ 後半戦,ナイトメア,23,,Zephyr,2196
神殺し・アナテマ 後半戦,ナイトメア,23,,夏目ユキハ※*,2196
神殺し・アナテマ 後半戦,ナイトメア,26,ZETA,TBT,2195
神殺し・アナテマ 後半戦,ナイトメア,26,,シドニー,2195
神殺し・アナテマ 後半戦,ナイトメア,26,,伝説のマンモスさんランク,2195
神殺し・アナテマ 後半戦,ナイトメア,26,,ビズシャイン,2195
神殺し・アナテマ 後半戦,ナイトメア,30,,Aias,2192
神殺し・アナテマ 後半戦,ナイトメア,30,,potofu,2192
神殺し・アナテマ 後半戦,ナイトメア,30,,じう,2192
神殺し・アナテマ 後半戦,ナイトメア,33,,Amano,2191
神殺し・アナテマ 後半戦,ナイトメア,33,DFM,ユーリ,2191
神殺し・アナテマ 後半戦,ナイトメア,33,,ヨッシー,2191
神殺し・アナテマ 後半戦,ナイトメア,33,,とも,2191
神殺し・アナテマ 後半戦,ナイトメア,37,,とび,2190
神殺し・アナテマ 後半戦,ナイトメア,37,,田所浩二,2190
神殺し・アナテマ 後半戦,ナイトメア,37,,Leo,2190
神殺し・アナテマ 後半戦,ナイトメア,40,,umt,2189
神殺し・アナテマ 後半戦,ナイトメア,40,,nao,2189
神殺し・アナテマ 後半戦,ナイトメア,40,,かぜよみ,2189
神殺し・アナテマ 後半戦,ナイトメア,40,,VOLCANO,2189
神殺し・アナテマ 後半戦,ナイトメア,44,,山下,2188
神殺し・アナテマ 後半戦,ナイトメア,44,RC,拓海,2188
神殺し・アナテマ 後半戦,ナイトメア,44,,REN,2188
神殺し・アナテマ 後半戦,ナイトメア,44,,ペ,2188
神殺し・アナテマ 後半戦,ナイトメア,44,,migiwa,2188
神殺し・アナテマ 後半戦,ナイトメア,44,,桃の缶詰,2188
神殺し・アナテマ 後半戦,ナイトメア,44,,シリア,2188
神殺し・アナテマ 後半戦,ナイトメア,51,合宿組,Re=L,2187
神殺し・アナテマ 後半戦,ナイトメア,51,,れい,2187
神殺し・アナテマ 後半戦,ナイトメア,51,,べーこん,2187
神殺し・アナテマ 後半戦,ナイトメア,51,,まお,2187
神殺し・アナテマ 後半戦,ナイトメア,51,,高須竜児,2187
神殺し・アナテマ 後半戦,ナイトメア,56,,Figole,2186
神殺し・アナテマ 後半戦,ナイトメア,56,,鬼殺し・アルハラ,2186
神殺し・アナテマ 後半戦,ナイトメア,56,,タイヤキ,2186
神殺し・アナテマ 後半戦,ナイトメア,59,VL,Terarina,2185
神殺し・アナテマ 後半戦,ナイトメア,59,,のよ,2185
神殺し・アナテマ 後半戦,ナイトメア,59,,やりいか,2185
神殺し・アナテマ 後半戦,ナイトメア,59,合宿組,Bene,2185
神殺し・アナテマ 後半戦,ナイトメア,59,,あきす。,2185
神殺し・アナテマ 後半戦,ナイトメア,59,,こばと,2185
神殺し・アナテマ 後半戦,ナイトメア,59,,ひとくちチキングリル,2185
神殺し・アナテマ 後半戦,ナイトメア,66,,イル,2184
神殺し・アナテマ 後半戦,ナイトメア,66,CR,ふえた,2184
神殺し・アナテマ 後半戦,ナイトメア,66,,udon,2184
神殺し・アナテマ 後半戦,ナイトメア,66,,ringa,2184
神殺し・アナテマ 後半戦,ナイトメア,66,,よーぶん,2184
神殺し・アナテマ 後半戦,ナイトメア,66,,ロマネコ,2184
神殺し・アナテマ 後半戦,ナイトメア,66,,かみやん,2184
神殺し・アナテマ 後半戦,ナイトメア,66,,リラックス松本,2184
神殺し・アナテマ 後半戦,ナイトメア,66,,エス,2184
神殺し・アナテマ 後半戦,ナイトメア,75,,ラトス,2183
神殺し・アナテマ 後半戦,ナイトメア,75,,yoiseba,2183
神殺し・アナテマ 後半戦,ナイトメア,75,,雪之丞,2183
神殺し・アナテマ 後半戦,ナイトメア,75,,RED,2183
神殺し・アナテマ 後半戦,ナイトメア,75,,ナチュレ,2183
神殺し・アナテマ 後半戦,ナイトメア,75,,T.G. Hyper L,2183
神殺し・アナテマ 後半戦,ナイトメア,75,,Arin,2183
神殺し・アナテマ 後半戦,ナイトメア,82,RID,Chappy_ttv,2182
神殺し・アナテマ 後半戦,ナイトメア,82,ZETA,ねぎま,2182
神殺し・アナテマ 後半戦,ナイトメア,82,,はまじむさし,2182
神殺し・アナテマ 後半戦,ナイトメア,82,,robk@teppen,2182
神殺し・アナテマ 後半戦,ナイトメア,82,,Ventus,2182
神殺し・アナテマ 後半戦,ナイトメア,82,,MS,2182
神殺し・アナテマ 後半戦,ナイトメア,88,,ばるむんく,2181
神殺し・アナテマ 後半戦,ナイトメア,88,,rare,2181
神殺し・アナテマ 後半戦,ナイトメア,88,,蝶野雛,2181
神殺し・アナテマ 後半戦,ナイトメア,88,,factor,2181
神殺し・アナテマ 後半戦,ナイトメア,88,,unibell,2181
神殺し・アナテマ 後半戦,ナイトメア,93,,タユンスカポン,2180
神殺し・アナテマ 後半戦,ナイトメア,93,合宿組,ナツ,2180
神殺し・アナテマ 後半戦,ナイトメア,93,,윈다,2180
神殺し・アナテマ 後半戦,ナイトメア,93,,檸檬水,2180
神殺し・アナテマ 後半戦,ナイトメア,93,,まほ,2180
神殺し・アナテマ 後半戦,ナイトメア,98,,安堂,2179
神殺し・アナテマ 後半戦,ナイトメア,98,,リキ,2179
神殺し・アナテマ 後半戦,ナイトメア,98,,☆ぎがぷりんっ☆,2179
神殺し・アナテマ 後半戦,ビショップ,1,,ゴリラ,2293
神殺し・アナテマ 後半戦,ビショップ,2,,ぱて,2251
神殺し・アナテマ 後半戦,ビショップ,3,,jpp,2233
神殺し・アナテマ 後半戦,ビショップ,4,,ママタルト大好き!,2223
神殺し・アナテマ 後半戦,ビショップ,5,,kuritamago,2218
神殺し・アナテマ 後半戦,ビショップ,5,,葛城リーリヤ,2218
神殺し・アナテマ 後半戦,ビショップ,7,,雁木,2211
神殺し・アナテマ 後半戦,ビショップ,8,,オメガ柿本,2210
神殺し・アナテマ 後半戦,ビショップ,9,,surpass,2207
神殺し・アナテマ 後半戦,ビショップ,10,,ふつーなやつ,2182
神殺し・アナテマ 後半戦,ビショップ,11,,てとりす,2156
神殺し・アナテマ 後半戦,ビショップ,12,,Riria,2155
神殺し・アナテマ 後半戦,ビショップ,13,,シゴレ,2140
神殺し・アナテマ 後半戦,ビショップ,14,,泥人形,2137
神殺し・アナテマ 後半戦,ビショップ,14,,Smile91,2137
神殺し・アナテマ 後半戦,ビショップ,16,,リョーン。,2132
神殺し・アナテマ 後半戦,ビショップ,17,VL,monakawan,2128
神殺し・アナテマ 後半戦,ビショップ,18,合宿組,Bene,2127
神殺し・アナテマ 後半戦,ビショップ,18,,かなちゃんず,2127
神殺し・アナテマ 後半戦,ビショップ,20,VL,Terarina,2118
神殺し・アナテマ 後半戦,ビショップ,20,LVH,rikka,2118
神殺し・アナテマ 後半戦,ビショップ,22,,sota,2115
神殺し・アナテマ 後半戦,ビショップ,22,,かおもじ,2115
神殺し・アナテマ 後半戦,ビショップ,25,,阿伯,2113
神殺し・アナテマ 後半戦,ビショップ,26,,엔디,2112
神殺し・アナテマ 後半戦,ビショップ,26,,鬼たそちゃん,2112
神殺し・アナテマ 後半戦,ビショップ,28,,オマールエビ,2111
神殺し・アナテマ 後半戦,ビショップ,28,,kouga79432,2111
神殺し・アナテマ 後半戦,ビショップ,28,,王騎将軍,2111
神殺し・アナテマ 後半戦,ビショップ,31,合宿組,Re=L,2110
神殺し・アナテマ 後半戦,ビショップ,32,,Sugar,2109
神殺し・アナテマ 後半戦,ビショップ,33,,Daimaru,2108
神殺し・アナテマ 後半戦,ビショップ,33,,スペル・マ,2108
神殺し・アナテマ 後半戦,ビショップ,35,,novaten,2106
神殺し・アナテマ 後半戦,ビショップ,35,,トッティ王子,2106
神殺し・アナテマ 後半戦,ビショップ,37,ZETA,ねぎま,2105
神殺し・アナテマ 後半戦,ビショップ,37,,BEANS_,2105
神殺し・アナテマ 後半戦,ビショップ,37,,アービング,2105
神殺し・アナテマ 後半戦,ビショップ,37,,RED,2105
神殺し・アナテマ 後半戦,ビショップ,41,DFM,ユーリ,2104
神殺し・アナテマ 後半戦,ビショップ,41,,ヨミ,2104
神殺し・アナテマ 後半戦,ビショップ,41,,karu4,2104
神殺し・アナテマ 後半戦,ビショップ,41,,vsai/REV,2104
神殺し・アナテマ 後半戦,ビショップ,41,,焦げたお湯,2104
神殺し・アナテマ 後半戦,ビショップ,41,,ブラ汁,2104
神殺し・アナテマ 後半戦,ビショップ,41,,扇の的,2104
神殺し・アナテマ 後半戦,ビショップ,48,CR,Winter,2103
神殺し・アナテマ 後半戦,ビショップ,48,,チヨ,2103
神殺し・アナテマ 後半戦,ビショップ,48,,marss,2103
神殺し・アナテマ 後半戦,ビショップ,48,,jiean/深紅蘭,2103
神殺し・アナテマ 後半戦,ビショップ,48,,嘘吐妖怪ソプラノハゲ達磨,2103
神殺し・アナテマ 後半戦,ビショップ,48,,yk,2103
神殺し・アナテマ 後半戦,ビショップ,54,,ca9,2102
神殺し・アナテマ 後半戦,ビショップ,54,,あさくら,2102
神殺し・アナテマ 後半戦,ビショップ,54,,プルーベリー,2102
神殺し・アナテマ 後半戦,ビショップ,57,ZETA,ヘイム,2101
神殺し・アナテマ 後半戦,ビショップ,57,,Amano,2101
神殺し・アナテマ 後半戦,ビショップ,57,,とび,2101
神殺し・アナテマ 後半戦,ビショップ,57,,Renegades,2101
神殺し・アナテマ 後半戦,ビショップ,57,,てぃいかわ,2101
神殺し・アナテマ 後半戦,ビショップ,57,,ドンタコス,2101
神殺し・アナテマ 後半戦,ビショップ,57,,じて,2101
神殺し・アナテマ 後半戦,ビショップ,65,,破滅の果てに汝が罰あり,2099
神殺し・アナテマ 後半戦,ビショップ,65,,ネコ,2099
神殺し・アナテマ 後半戦,ビショップ,67,,安堂,2097
神殺し・アナテマ 後半戦,ビショップ,67,,三人,2097
神殺し・アナテマ 後半戦,ビショップ,67,,kaiwa,2097
神殺し・アナテマ 後半戦,ビショップ,70,,りぃふ,2096
神殺し・アナテマ 後半戦,ビショップ,70,,スノーマン,2096
神殺し・アナテマ 後半戦,ビショップ,70,MRG,Toby,2096
神殺し・アナテマ 後半戦,ビショップ,70,,むーん,2096
神殺し・アナテマ 後半戦,ビショップ,70,,きなり。,2096
神殺し・アナテマ 後半戦,ビショップ,70,,renge,2096
神殺し・アナテマ 後半戦,ビショップ,70,,Nalutic,2096
神殺し・アナテマ 後半戦,ビショップ,77,,むーん,2095
神殺し・アナテマ 後半戦,ビショップ,77,,猫,2095
神殺し・アナテマ 後半戦,ビショップ,77,,Narumi,2095
神殺し・アナテマ 後半戦,ビショップ,80,,あまるがむ,2094
神殺し・アナテマ 後半戦,ビショップ,80,,血餅,2094
神殺し・アナテマ 後半戦,ビショップ,82,,山,2093
神殺し・アナテマ 後半戦,ビショップ,82,,潜在表明,2093
神殺し・アナテマ 後半戦,ビショップ,82,,さば,2093
神殺し・アナテマ 後半戦,ビショップ,86,,まっすー,2092
神殺し・アナテマ 後半戦,ビショップ,86,,じ,2092
神殺し・アナテマ 後半戦,ビショップ,86,,ミルクロちゃま,2092
神殺し・アナテマ 後半戦,ビショップ,86,,久遠千歳,2092
神殺し・アナテマ 後半戦,ビショップ,90,,ヨッシー,2091
神殺し・アナテマ 後半戦,ビショップ,90,,Hieroglyph,2091
神殺し・アナテマ 後半戦,ビショップ,90,,こぎたん,2091
神殺し・アナテマ 後半戦,ビショップ,90,,リーシェナのおてぃんぽ,2091
神殺し・アナテマ 後半戦,ビショップ,94,,sere,2090
神殺し・アナテマ 後半戦,ビショップ,94,,Zephyr,2090
神殺し・アナテマ 後半戦,ビショップ,94,,たけ,2090
神殺し・アナテマ 後半戦,ビショップ,97,CR,ふえた,2089
神殺し・アナテマ 後半戦,ビショップ,97,,shuhei,2089
神殺し・アナテマ 後半戦,ビショップ,97,,ゆき,2089
神殺し・アナテマ 後半戦,ビショップ,97,,なす,2089
神殺し・アナテマ 後半戦,ビショップ,97,,KeeyD,2089
神殺し・アナテマ 後半戦,ネメシス,1,,saha,2352
神殺し・アナテマ 後半戦,ネメシス,2,CR,空白,2305
神殺し・アナテマ 後半戦,ネメシス,3,,ゆき,2257
神殺し・アナテマ 後半戦,ネメシス,4,,テンジン,2252
神殺し・アナテマ 後半戦,ネメシス,5,,葉月,2243
神殺し・アナテマ 後半戦,ネメシス,6,,maonico47,2237
神殺し・アナテマ 後半戦,ネメシス,7,,y,2231
神殺し・アナテマ 後半戦,ネメシス,8,,あんかけ,2217
神殺し・アナテマ 後半戦,ネメシス,9,,surpass,2216
神殺し・アナテマ 後半戦,ネメシス,9,,NARU,2216
神殺し・アナテマ 後半戦,ネメシス,11,,かかかな,2211
神殺し・アナテマ 後半戦,ネメシス,12,,弱者の反撃,2209
神殺し・アナテマ 後半戦,ネメシス,12,,ガブリアス,2209
神殺し・アナテマ 後半戦,ネメシス,14,DFM,ユーリ,2208
神殺し・アナテマ 後半戦,ネメシス,14,,Air,2208
神殺し・アナテマ 後半戦,ネメシス,16,,eggpenguin,2207
神殺し・アナテマ 後半戦,ネメシス,17,,コン,2206
神殺し・アナテマ 後半戦,ネメシス,17,,テルー,2206
神殺し・アナテマ 後半戦,ネメシス,19,,TUYOI,2205
神殺し・アナテマ 後半戦,ネメシス,20,,かめくん,2204
神殺し・アナテマ 後半戦,ネメシス,21,,SHR,2203
神殺し・アナテマ 後半戦,ネメシス,22,,じゅうざ,2202
神殺し・アナテマ 後半戦,ネメシス,23,,浄眼機,2200
神殺し・アナテマ 後半戦,ネメシス,24,ZETA,CQCQ,2197
神殺し・アナテマ 後半戦,ネメシス,25,,SA,2194
神殺し・アナテマ 後半戦,ネメシス,26,,まるるる,2186
神殺し・アナテマ 後半戦,ネメシス,27,,れい,2184
神殺し・アナテマ 後半戦,ネメシス,27,,CYAN,2184
神殺し・アナテマ 後半戦,ネメシス,29,,umt,2183
神殺し・アナテマ 後半戦,ネメシス,29,,nico,2183
神殺し・アナテマ 後半戦,ネメシス,31,MRG,glory,2182
神殺し・アナテマ 後半戦,ネメシス,31,,コオリッポ,2182
神殺し・アナテマ 後半戦,ネメシス,31,,ぬひ,2182
神殺し・アナテマ 後半戦,ネメシス,34,,らみ,2181
神殺し・アナテマ 後半戦,ネメシス,34,,hand diff,2181
神殺し・アナテマ 後半戦,ネメシス,36,,Medianoche,2180
神殺し・アナテマ 後半戦,ネメシス,36,,sota,2180
神殺し・アナテマ 後半戦,ネメシス,36,,酢飯握り,2180
神殺し・アナテマ 後半戦,ネメシス,36,,やりいか,2180
神殺し・アナテマ 後半戦,ネメシス,36,,k90,2180
神殺し・アナテマ 後半戦,ネメシス,36,,sqLA,2180
神殺し・アナテマ 後半戦,ネメシス,42,,chun,2179
神殺し・アナテマ 後半戦,ネメシス,42,,あまるがむ,2179
神殺し・アナテマ 後半戦,ネメシス,42,,むに,2179
神殺し・アナテマ 後半戦,ネメシス,42,,PAMARA:大未来電脳,2179
神殺し・アナテマ 後半戦,ネメシス,46,VL,Terarina,2178
神殺し・アナテマ 後半戦,ネメシス,46,LVH,Hirobosu,2178
神殺し・アナテマ 後半戦,ネメシス,46,,trainer,2178
神殺し・アナテマ 後半戦,ネメシス,46,,くげーる,2178
神殺し・アナテマ 後半戦,ネメシス,50,,Amano,2177
神殺し・アナテマ 後半戦,ネメシス,50,,イル,2177
神殺し・アナテマ 後半戦,ネメシス,50,,もな,2177
神殺し・アナテマ 後半戦,ネメシス,50,RC,たばた,2177
神殺し・アナテマ 後半戦,ネメシス,50,,まさかな,2177
神殺し・アナテマ 後半戦,ネメシス,55,,識,2176
神殺し・アナテマ 後半戦,ネメシス,55,,バーサ,2176
神殺し・アナテマ 後半戦,ネメシス,55,,TK Hoppu,2176
神殺し・アナテマ 後半戦,ネメシス,58,CR,ふぇぐ,2175
神殺し・アナテマ 後半戦,ネメシス,58,,もぬけ,2175
神殺し・アナテマ 後半戦,ネメシス,58,,りなお,2175
神殺し・アナテマ 後半戦,ネメシス,58,,うめ,2175
神殺し・アナテマ 後半戦,ネメシス,62,LVH,Era53,2174
神殺し・アナテマ 後半戦,ネメシス,62,RC,あぐのむ,2174
神殺し・アナテマ 後半戦,ネメシス,62,,kaiwa,2174
神殺し・アナテマ 後半戦,ネメシス,62,,Stussy,2174
神殺し・アナテマ 後半戦,ネメシス,66,,山下,2173
神殺し・アナテマ 後半戦,ネメシス,66,,杉,2173
神殺し・アナテマ 後半戦,ネメシス,66,,雪之丞,2173
神殺し・アナテマ 後半戦,ネメシス,66,,曖昧me mine,2173
神殺し・アナテマ 後半戦,ネメシス,66,,ファリア,2173
神殺し・アナテマ 後半戦,ネメシス,71,,とび,2172
神殺し・アナテマ 後半戦,ネメシス,71,CR,ふえた,2172
神殺し・アナテマ 後半戦,ネメシス,71,,udon,2172
神殺し・アナテマ 後半戦,ネメシス,71,,のよ,2172
神殺し・アナテマ 後半戦,ネメシス,71,R.I.P.,如月,2172
神殺し・アナテマ 後半戦,ネメシス,71,,おかしいおかし,2172
神殺し・アナテマ 後半戦,ネメシス,71,,まとい,2172
神殺し・アナテマ 後半戦,ネメシス,71,,icy,2172
神殺し・アナテマ 後半戦,ネメシス,71,,つむり,2172
神殺し・アナテマ 後半戦,ネメシス,80,,Goppy,2171
神殺し・アナテマ 後半戦,ネメシス,80,,ドスキヌタ,2171
神殺し・アナテマ 後半戦,ネメシス,80,,めいぷる,2171
神殺し・アナテマ 後半戦,ネメシス,80,,小鉄,2171
神殺し・アナテマ 後半戦,ネメシス,80,,sleepun/REV,2171
神殺し・アナテマ 後半戦,ネメシス,85,,よーぶん,2170
神殺し・アナテマ 後半戦,ネメシス,85,,たまお,2170
神殺し・アナテマ 後半戦,ネメシス,85,,Frog,2170
神殺し・アナテマ 後半戦,ネメシス,85,,Raka,2170
神殺し・アナテマ 後半戦,ネメシス,89,CR,Atom,2169
神殺し・アナテマ 後半戦,ネメシス,89,,CDG,2169
神殺し・アナテマ 後半戦,ネメシス,89,,なもり,2169
神殺し・アナテマ 後半戦,ネメシス,92,VL,まっつ,2168
神殺し・アナテマ 後半戦,ネメシス,92,,しょーや,2168
神殺し・アナテマ 後半戦,ネメシス,92,,AI,2168
神殺し・アナテマ 後半戦,ネメシス,92,,ボロンゴ,2168
神殺し・アナテマ 後半戦,ネメシス,92,,グッドなスマイル,2168
神殺し・アナテマ 後半戦,ネメシス,97,,浅井,2167
神殺し・アナテマ 後半戦,ネメシス,98,,漆黒,2166
神殺し・アナテマ 後半戦,ネメシス,98,,kouga79432,2166
神殺し・アナテマ 後半戦,ネメシス,98,,ジンカン,2166
神殺し・アナテマ 前半戦,エルフ,1,,ねず,2239
神殺し・アナテマ 前半戦,エルフ,2,DFM,かなで,2222
神殺し・アナテマ 前半戦,エルフ,3,,デカリボン先輩,2192
神殺し・アナテマ 前半戦,エルフ,4,,かるま,2165
神殺し・アナテマ 前半戦,エルフ,5,,もぬけ,2156
神殺し・アナテマ 前半戦,エルフ,6,ZETA,TBT,2152
神殺し・アナテマ 前半戦,エルフ,7,,おさかなねこ,2146
神殺し・アナテマ 前半戦,エルフ,8,,kamui914,2145
神殺し・アナテマ 前半戦,エルフ,9,,にこちゃん,2131
神殺し・アナテマ 前半戦,エルフ,10,,Aias,2127
神殺し・アナテマ 前半戦,エルフ,11,,yubisaki,2125
神殺し・アナテマ 前半戦,エルフ,12,,SAGA,2122
神殺し・アナテマ 前半戦,エルフ,13,,umt,2116
神殺し・アナテマ 前半戦,エルフ,14,,万年ひつじーず,2113
神殺し・アナテマ 前半戦,エルフ,15,,えすぷらのひと,2112
神殺し・アナテマ 前半戦,エルフ,16,,rafay,2111
神殺し・アナテマ 前半戦,エルフ,16,,じゃん,2111
神殺し・アナテマ 前半戦,エルフ,18,,ねこちゃん_DELAX,2110
神殺し・アナテマ 前半戦,エルフ,19,,Merce,2109
神殺し・アナテマ 前半戦,エルフ,19,,ポッチャマの刺身,2109
神殺し・アナテマ 前半戦,エルフ,21,,주해,2107
神殺し・アナテマ 前半戦,エルフ,22,,すらぴょんYoutube,2106
神殺し・アナテマ 前半戦,エルフ,22,,なる,2106
神殺し・アナテマ 前半戦,エルフ,22,,コヒル,2106
神殺し・アナテマ 前半戦,エルフ,22,,ずんばやし,2106
神殺し・アナテマ 前半戦,エルフ,26,,紅葉おろし,2105
神殺し・アナテマ 前半戦,エルフ,26,,S1nflqsh,2105
神殺し・アナテマ 前半戦,エルフ,26,,羽がムチムチ 妖精郷,2105
神殺し・アナテマ 前半戦,エルフ,26,,C28M73Y18K14,2105
神殺し・アナテマ 前半戦,エルフ,30,,なんな,2104
神殺し・アナテマ 前半戦,エルフ,30,,しょーや,2104
神殺し・アナテマ 前半戦,エルフ,32,,白根洸,2103
神殺し・アナテマ 前半戦,エルフ,33,,e.,2102
神殺し・アナテマ 前半戦,エルフ,33,,女神,2102
神殺し・アナテマ 前半戦,エルフ,33,,さわちゃん,2102
神殺し・アナテマ 前半戦,エルフ,33,,亮亮想睡了,2102
神殺し・アナテマ 前半戦,エルフ,37,,阿圖伊,2101
神殺し・アナテマ 前半戦,エルフ,37,,at,2101
神殺し・アナテマ 前半戦,エルフ,37,,Liaresu,2101
神殺し・アナテマ 前半戦,エルフ,37,,ふぃる,2101
神殺し・アナテマ 前半戦,エルフ,37,,シン,2101
神殺し・アナテマ 前半戦,エルフ,37,,カルル,2101
神殺し・アナテマ 前半戦,エルフ,37,,SqLA,2101
神殺し・アナテマ 前半戦,エルフ,37,,Charon,2101
神殺し・アナテマ 前半戦,エルフ,45,MRG,glory,2100
神殺し・アナテマ 前半戦,エルフ,45,,アッシー@YT,2100
神殺し・アナテマ 前半戦,エルフ,45,,シドニー,2100
神殺し・アナテマ 前半戦,エルフ,45,,スーパー無敵チョコレート,2100
神殺し・アナテマ 前半戦,エルフ,45,,un,2100
神殺し・アナテマ 前半戦,エルフ,50,,ま。,2099
神殺し・アナテマ 前半戦,エルフ,50,,うがい,2099
神殺し・アナテマ 前半戦,エルフ,52,VL,まっつ,2098
神殺し・アナテマ 前半戦,エルフ,52,,sota,2098
神殺し・アナテマ 前半戦,エルフ,52,,TIK,2098
神殺し・アナテマ 前半戦,エルフ,52,,明太子,2098
神殺し・アナテマ 前半戦,エルフ,52,,ここもか,2098
神殺し・アナテマ 前半戦,エルフ,52,,ヘイレムミスィ,2098
神殺し・アナテマ 前半戦,エルフ,58,ZETA,ヘイム,2097
神殺し・アナテマ 前半戦,エルフ,58,,あき,2097
神殺し・アナテマ 前半戦,エルフ,58,,ろいす,2097
神殺し・アナテマ 前半戦,エルフ,58,,Hippowdon,2097
神殺し・アナテマ 前半戦,エルフ,58,,とぼら,2097
神殺し・アナテマ 前半戦,エルフ,63,ZETA,ねぎま,2096
神殺し・アナテマ 前半戦,エルフ,63,,ぐんしゅう,2096
神殺し・アナテマ 前半戦,エルフ,63,,たこ,2096
神殺し・アナテマ 前半戦,エルフ,63,,ジャック,2096
神殺し・アナテマ 前半戦,エルフ,63,,nekoma,2096
神殺し・アナテマ 前半戦,エルフ,63,,あたな,2096
神殺し・アナテマ 前半戦,エルフ,69,,udon,2095
神殺し・アナテマ 前半戦,エルフ,70,VL,Terarina,2094
神殺し・アナテマ 前半戦,エルフ,70,,倉本,2094
神殺し・アナテマ 前半戦,エルフ,70,,elcia,2094
神殺し・アナテマ 前半戦,エルフ,73,,ひまんちゅ,2093
神殺し・アナテマ 前半戦,エルフ,73,,しゅご,2093
神殺し・アナテマ 前半戦,エルフ,75,,Amano,2092
神殺し・アナテマ 前半戦,エルフ,75,CR,ふえた,2092
神殺し・アナテマ 前半戦,エルフ,75,,bera,2092
神殺し・アナテマ 前半戦,エルフ,75,,風祭,2092
神殺し・アナテマ 前半戦,エルフ,75,合宿組,遠藤つよし,2092
神殺し・アナテマ 前半戦,エルフ,75,,Snowflakes,2092
神殺し・アナテマ 前半戦,エルフ,75,,けけ,2092
神殺し・アナテマ 前半戦,エルフ,75,,太田リノセウス,2092
神殺し・アナテマ 前半戦,エルフ,83,,山下,2091
神殺し・アナテマ 前半戦,エルフ,83,,タキ,2091
神殺し・アナテマ 前半戦,エルフ,83,R.I.P.,きっちゃん,2091
神殺し・アナテマ 前半戦,エルフ,86,RID,Chappy_ttv,2090
神殺し・アナテマ 前半戦,エルフ,86,合宿組,sakura2529,2090
神殺し・アナテマ 前半戦,エルフ,86,,solano,2090
神殺し・アナテマ 前半戦,エルフ,89,,Medianoche,2089
神殺し・アナテマ 前半戦,エルフ,89,,こだわりらぶ,2089
神殺し・アナテマ 前半戦,エルフ,89,,Jasondarulol,2089
神殺し・アナテマ 前半戦,エルフ,92,,かき,2088
神殺し・アナテマ 前半戦,エルフ,92,合宿組,めいす,2088
神殺し・アナテマ 前半戦,エルフ,92,,anocore,2088
神殺し・アナテマ 前半戦,エルフ,92,,conny,2088
神殺し・アナテマ 前半戦,エルフ,97,,ラトス,2087
神殺し・アナテマ 前半戦,エルフ,97,,inotan,2087
神殺し・アナテマ 前半戦,エルフ,99,FOR'E,rairo,2086
神殺し・アナテマ 前半戦,エルフ,99,,よちよちシオン,2086
神殺し・アナテマ 前半戦,エルフ,99,,とろろ,2086
神殺し・アナテマ 前半戦,ウィッチ,1,,Vqlknis,2210
神殺し・アナテマ 前半戦,ウィッチ,2,,阿圖伊,2108
神殺し・アナテマ 前半戦,ウィッチ,3,,WA,2105
神殺し・アナテマ 前半戦,ウィッチ,4,,泥沼の夜架,2087
神殺し・アナテマ 前半戦,ウィッチ,5,,シゴレ,2083
神殺し・アナテマ 前半戦,ウィッチ,6,,モグイナ@⑯youtube,2080
神殺し・アナテマ 前半戦,ウィッチ,7,,しすてぃー,2074
神殺し・アナテマ 前半戦,ウィッチ,8,,てるすも,2070
神殺し・アナテマ 前半戦,ウィッチ,8,,なすのゆ,2070
神殺し・アナテマ 前半戦,ウィッチ,10,,コウ,2066
神殺し・アナテマ 前半戦,ウィッチ,11,,虚無ちん,2061
神殺し・アナテマ 前半戦,ウィッチ,12,,Alcina,2050
神殺し・アナテマ 前半戦,ウィッチ,13,CR,Atom,2047
神殺し・アナテマ 前半戦,ウィッチ,14,,せっか,2046
神殺し・アナテマ 前半戦,ウィッチ,15,,kara,2039
神殺し・アナテマ 前半戦,ウィッチ,16,,Pepe,2038
神殺し・アナテマ 前半戦,ウィッチ,17,,氷上メルル,2032
神殺し・アナテマ 前半戦,ウィッチ,18,,Chai,2028
神殺し・アナテマ 前半戦,ウィッチ,19,VL,Terarina,2018
神殺し・アナテマ 前半戦,ウィッチ,20,MRG,glory,2015
神殺し・アナテマ 前半戦,ウィッチ,20,,タケヤン,2015
神殺し・アナテマ 前半戦,ウィッチ,22,,くらはしひろと,2013
神殺し・アナテマ 前半戦,ウィッチ,23,,倉本,2012
神殺し・アナテマ 前半戦,ウィッチ,24,,なつ,2011
神殺し・アナテマ 前半戦,ウィッチ,24,,arimun,2011
神殺し・アナテマ 前半戦,ウィッチ,26,,のい,2009
神殺し・アナテマ 前半戦,ウィッチ,26,,あしゅ,2009
神殺し・アナテマ 前半戦,ウィッチ,28,,fluphy,2007
神殺し・アナテマ 前半戦,ウィッチ,28,RID,Stylish_deko,2007
神殺し・アナテマ 前半戦,ウィッチ,30,,Mendel,2006
神殺し・アナテマ 前半戦,ウィッチ,31,,kq,2005
神殺し・アナテマ 前半戦,ウィッチ,31,,.Com,2005
神殺し・アナテマ 前半戦,ウィッチ,33,,ててて,2004
神殺し・アナテマ 前半戦,ウィッチ,34,,ナカタツ,2003
神殺し・アナテマ 前半戦,ウィッチ,34,,ponkan32,2003
神殺し・アナテマ 前半戦,ウィッチ,34,,明井雨絵音,2003
神殺し・アナテマ 前半戦,ウィッチ,37,,ぱて,2002
神殺し・アナテマ 前半戦,ウィッチ,37,,BEANS_,2002
神殺し・アナテマ 前半戦,ウィッチ,39,,ぼー,2000
神殺し・アナテマ 前半戦,ウィッチ,40,,silent BEAST,1998
神殺し・アナテマ 前半戦,ウィッチ,41,,あっと,1997
神殺し・アナテマ 前半戦,ウィッチ,42,,う,1995
神殺し・アナテマ 前半戦,ウィッチ,43,SGA,老倉育,1992
神殺し・アナテマ 前半戦,ウィッチ,44,,おまんじゅう,1991
神殺し・アナテマ 前半戦,ウィッチ,45,,スノーマン,1990
神殺し・アナテマ 前半戦,ウィッチ,45,ZETA,ねぎま,1990
神殺し・アナテマ 前半戦,ウィッチ,45,,Mawile,1990
神殺し・アナテマ 前半戦,ウィッチ,48,,^-^,1988
神殺し・アナテマ 前半戦,ウィッチ,49,,みな,1987
神殺し・アナテマ 前半戦,ウィッチ,50,,杏,1986
神殺し・アナテマ 前半戦,ウィッチ,51,,asano,1985
神殺し・アナテマ 前半戦,ウィッチ,51,,かき,1985
神殺し・アナテマ 前半戦,ウィッチ,51,,Azpi,1985
神殺し・アナテマ 前半戦,ウィッチ,54,,まるるる,1984
神殺し・アナテマ 前半戦,ウィッチ,54,,あた,1984
神殺し・アナテマ 前半戦,ウィッチ,56,,asd,1982
神殺し・アナテマ 前半戦,ウィッチ,56,,Aloha,1982
神殺し・アナテマ 前半戦,ウィッチ,56,,あいうえお,1982
神殺し・アナテマ 前半戦,ウィッチ,56,,影@婚活中,1982
神殺し・アナテマ 前半戦,ウィッチ,60,,Amano,1981
神殺し・アナテマ 前半戦,ウィッチ,60,,きらり,1981
神殺し・アナテマ 前半戦,ウィッチ,60,,桜羽エマ,1981
神殺し・アナテマ 前半戦,ウィッチ,60,,d*,1981
神殺し・アナテマ 前半戦,ウィッチ,60,,みふぃこと,1981
神殺し・アナテマ 前半戦,ウィッチ,60,,Charon,1981
神殺し・アナテマ 前半戦,ウィッチ,60,,波,1981
神殺し・アナテマ 前半戦,ウィッチ,67,ZETA,ヘイム,1980
神殺し・アナテマ 前半戦,ウィッチ,67,,ky03,1980
神殺し・アナテマ 前半戦,ウィッチ,67,,T3Espﾗﾃ,1980
神殺し・アナテマ 前半戦,ウィッチ,67,,メタリカ,1980
神殺し・アナテマ 前半戦,ウィッチ,71,,NARU,1979
神殺し・アナテマ 前半戦,ウィッチ,71,,ちょこみんと,1979
神殺し・アナテマ 前半戦,ウィッチ,71,,ネクロス鏑木,1979
神殺し・アナテマ 前半戦,ウィッチ,71,,La+,1979
神殺し・アナテマ 前半戦,ウィッチ,75,,さみだれ!,1978
神殺し・アナテマ 前半戦,ウィッチ,75,,ローウェン・ドラグスピア,1978
神殺し・アナテマ 前半戦,ウィッチ,77,,ココオレ,1977
神殺し・アナテマ 前半戦,ウィッチ,77,,mmm,1977
神殺し・アナテマ 前半戦,ウィッチ,79,CR,ふえた,1976
神殺し・アナテマ 前半戦,ウィッチ,79,,パンドラ,1976
神殺し・アナテマ 前半戦,ウィッチ,79,,z,1976
神殺し・アナテマ 前半戦,ウィッチ,79,,えすてぃ,1976
神殺し・アナテマ 前半戦,ウィッチ,83,LVH,Hirobosu,1975
神殺し・アナテマ 前半戦,ウィッチ,83,,Hieroglyph,1975
神殺し・アナテマ 前半戦,ウィッチ,83,,ほり,1975
神殺し・アナテマ 前半戦,ウィッチ,83,,熊貓仙人,1975
神殺し・アナテマ 前半戦,ウィッチ,87,,あしあと,1974
神殺し・アナテマ 前半戦,ウィッチ,87,,Astro,1974
神殺し・アナテマ 前半戦,ウィッチ,89,,ヘパ,1973
神殺し・アナテマ 前半戦,ウィッチ,89,,natume,1973
神殺し・アナテマ 前半戦,ウィッチ,89,,Juntai,1973
神殺し・アナテマ 前半戦,ウィッチ,92,,ふぃる,1972
神殺し・アナテマ 前半戦,ウィッチ,92,,おいなり,1972
神殺し・アナテマ 前半戦,ウィッチ,92,,aporo,1972
神殺し・アナテマ 前半戦,ウィッチ,92,,NORI,1972
神殺し・アナテマ 前半戦,ウィッチ,92,,あさぎ,1972
神殺し・アナテマ 前半戦,ウィッチ,97,LVH,だーよね,1971
神殺し・アナテマ 前半戦,ウィッチ,98,,みょ,1970
神殺し・アナテマ 前半戦,ウィッチ,99,,sen,1969
神殺し・アナテマ 前半戦,ウィッチ,100,,レイやん,1967
神殺し・アナテマ 前半戦,ドラゴン,1,,すいーと,2265
神殺し・アナテマ 前半戦,ドラゴン,2,,ヌケニン,2222
神殺し・アナテマ 前半戦,ドラゴン,3,,鬼火スイクン,2143
神殺し・アナテマ 前半戦,ドラゴン,4,CR,ふぇぐ,2134
神殺し・アナテマ 前半戦,ドラゴン,5,CR,Atom,2119
神殺し・アナテマ 前半戦,ドラゴン,6,,廃れたネギ/ASL,2114
神殺し・アナテマ 前半戦,ドラゴン,7,,at,2108
神殺し・アナテマ 前半戦,ドラゴン,8,,ハチ,2106
神殺し・アナテマ 前半戦,ドラゴン,9,,Tanishi,2104
神殺し・アナテマ 前半戦,ドラゴン,10,,Ginkotaso,2102
神殺し・アナテマ 前半戦,ドラゴン,11,,Yu,2101
神殺し・アナテマ 前半戦,ドラゴン,12,VL,Terarina,2079
神殺し・アナテマ 前半戦,ドラゴン,13,,弱い自分は現実逃避,2071
神殺し・アナテマ 前半戦,ドラゴン,14,合宿組,まちだ,2057
神殺し・アナテマ 前半戦,ドラゴン,15,,e.,2055
神殺し・アナテマ 前半戦,ドラゴン,15,,Flower,2055
神殺し・アナテマ 前半戦,ドラゴン,17,,mosukai,2051
神殺し・アナテマ 前半戦,ドラゴン,17,,あーね,2051
神殺し・アナテマ 前半戦,ドラゴン,19,ZETA,ヘイム,2049
神殺し・アナテマ 前半戦,ドラゴン,20,,GG,2047
神殺し・アナテマ 前半戦,ドラゴン,21,,Ent,2046
神殺し・アナテマ 前半戦,ドラゴン,22,,あさぴー,2044
神殺し・アナテマ 前半戦,ドラゴン,22,,ららら,2044
神殺し・アナテマ 前半戦,ドラゴン,22,,がわこ,2044
神殺し・アナテマ 前半戦,ドラゴン,22,,takataLV1,2044
神殺し・アナテマ 前半戦,ドラゴン,26,,女神,2043
神殺し・アナテマ 前半戦,ドラゴン,27,,マシンガンパメラドール,2042
神殺し・アナテマ 前半戦,ドラゴン,28,,らむらむ,2039
神殺し・アナテマ 前半戦,ドラゴン,28,,かぷ,2039
神殺し・アナテマ 前半戦,ドラゴン,30,,ゆいねこ7022,2038
神殺し・アナテマ 前半戦,ドラゴン,30,,あんかけからあげ,2038
神殺し・アナテマ 前半戦,ドラゴン,30,,Shana,2038
神殺し・アナテマ 前半戦,ドラゴン,33,,しょう/syo,2037
神殺し・アナテマ 前半戦,ドラゴン,33,,いろはす,2037
神殺し・アナテマ 前半戦,ドラゴン,33,,佐々気,2037
神殺し・アナテマ 前半戦,ドラゴン,33,,超電導波サンダーフォース,2037
神殺し・アナテマ 前半戦,ドラゴン,37,,mentaea,2036
神殺し・アナテマ 前半戦,ドラゴン,37,,ポメラニアン,2036
神殺し・アナテマ 前半戦,ドラゴン,39,,小波波,2035
神殺し・アナテマ 前半戦,ドラゴン,39,,Afuro,2035
神殺し・アナテマ 前半戦,ドラゴン,39,,たつのしん,2035
神殺し・アナテマ 前半戦,ドラゴン,39,,みねらる,2035
神殺し・アナテマ 前半戦,ドラゴン,39,,ひろぼん,2035
神殺し・アナテマ 前半戦,ドラゴン,39,,まるくとーす,2035
神殺し・アナテマ 前半戦,ドラゴン,39,,ラスク,2035
神殺し・アナテマ 前半戦,ドラゴン,46,RID,Chappy_ttv,2034
神殺し・アナテマ 前半戦,ドラゴン,46,CR,Winter,2034
神殺し・アナテマ 前半戦,ドラゴン,46,,Riowh,2034
神殺し・アナテマ 前半戦,ドラゴン,49,,TORIII,2033
神殺し・アナテマ 前半戦,ドラゴン,49,,ぶんに98k,2033
神殺し・アナテマ 前半戦,ドラゴン,49,,ゴリアテヲアガメヨ,2033
神殺し・アナテマ 前半戦,ドラゴン,52,,maonico47,2032
神殺し・アナテマ 前半戦,ドラゴン,52,,タキ,2032
神殺し・アナテマ 前半戦,ドラゴン,52,,DEMI,2032
神殺し・アナテマ 前半戦,ドラゴン,52,,御堂平次,2032
神殺し・アナテマ 前半戦,ドラゴン,52,,Breaker,2032
神殺し・アナテマ 前半戦,ドラゴン,57,CR,空白,2031
神殺し・アナテマ 前半戦,ドラゴン,57,,缶詰HEROの続きを,2031
神殺し・アナテマ 前半戦,ドラゴン,57,,セシォ,2031
神殺し・アナテマ 前半戦,ドラゴン,60,,なんな,2030
神殺し・アナテマ 前半戦,ドラゴン,60,,走るルッコラ,2030
神殺し・アナテマ 前半戦,ドラゴン,60,,ねねね,2030
神殺し・アナテマ 前半戦,ドラゴン,63,,頼む…語を聞いてくれ…!,2029
神殺し・アナテマ 前半戦,ドラゴン,63,,水原,2029
神殺し・アナテマ 前半戦,ドラゴン,65,,KLM,2028
神殺し・アナテマ 前半戦,ドラゴン,65,,へい民,2028
神殺し・アナテマ 前半戦,ドラゴン,65,DFA,トミー,2028
神殺し・アナテマ 前半戦,ドラゴン,65,,あるぱか,2028
神殺し・アナテマ 前半戦,ドラゴン,65,,はいせ,2028
神殺し・アナテマ 前半戦,ドラゴン,70,合宿組,Re=L,2027
神殺し・アナテマ 前半戦,ドラゴン,70,,キルスレス,2027
神殺し・アナテマ 前半戦,ドラゴン,70,,ルドラ,2027
神殺し・アナテマ 前半戦,ドラゴン,70,,빈 마르게리따,2027
神殺し・アナテマ 前半戦,ドラゴン,74,CR,ふえた,2026
神殺し・アナテマ 前半戦,ドラゴン,74,,実際に来た人→,2026
神殺し・アナテマ 前半戦,ドラゴン,74,,オージャック,2026
神殺し・アナテマ 前半戦,ドラゴン,77,,ローウェンバルクスピア,2025
神殺し・アナテマ 前半戦,ドラゴン,77,,sert,2025
神殺し・アナテマ 前半戦,ドラゴン,77,,しうちゃむ～,2025
神殺し・アナテマ 前半戦,ドラゴン,77,,Ciel,2025
神殺し・アナテマ 前半戦,ドラゴン,81,,Amano,2024
神殺し・アナテマ 前半戦,ドラゴン,81,,きなり。,2024
神殺し・アナテマ 前半戦,ドラゴン,81,,タナトス,2024
神殺し・アナテマ 前半戦,ドラゴン,81,,スヌープ・ドッグ,2024
神殺し・アナテマ 前半戦,ドラゴン,81,,Caffe Mocha,2024
神殺し・アナテマ 前半戦,ドラゴン,86,,otaku,2023
神殺し・アナテマ 前半戦,ドラゴン,86,,阿圖伊,2023
神殺し・アナテマ 前半戦,ドラゴン,86,,にゃん,2023
神殺し・アナテマ 前半戦,ドラゴン,86,,アルル,2023
神殺し・アナテマ 前半戦,ドラゴン,86,,あずにゃん,2023
神殺し・アナテマ 前半戦,ドラゴン,86,,おっとっと,2023
神殺し・アナテマ 前半戦,ドラゴン,86,,いもけんぴ,2023
神殺し・アナテマ 前半戦,ドラゴン,86,,べーあー,2023
神殺し・アナテマ 前半戦,ドラゴン,94,,山下,2022
神殺し・アナテマ 前半戦,ドラゴン,94,あいむ,UFV,2022
神殺し・アナテマ 前半戦,ドラゴン,94,,積立兄さん,2022
神殺し・アナテマ 前半戦,ドラゴン,94,,にょーん,2022
神殺し・アナテマ 前半戦,ドラゴン,94,,ゆうゆう,2022
神殺し・アナテマ 前半戦,ドラゴン,94,,マダツボミ,2022
神殺し・アナテマ 前半戦,ドラゴン,94,,みそすけ,2022
神殺し・アナテマ 前半戦,ビショップ,1,VL,Terarina,2338
神殺し・アナテマ 前半戦,ビショップ,2,,ぱて,2228
神殺し・アナテマ 前半戦,ビショップ,3,VL,monakawan,2205
神殺し・アナテマ 前半戦,ビショップ,4,CR,Atom,2203
神殺し・アナテマ 前半戦,ビショップ,4,,まっすー,2203
神殺し・アナテマ 前半戦,ビショップ,6,,ママタルト大好き!,2182
神殺し・アナテマ 前半戦,ビショップ,7,,ののの,2178
神殺し・アナテマ 前半戦,ビショップ,8,,shootingstar,2171
神殺し・アナテマ 前半戦,ビショップ,9,DFM,ユーリ,2163
神殺し・アナテマ 前半戦,ビショップ,10,,hama,2159
神殺し・アナテマ 前半戦,ビショップ,11,,ビヨンド,2151
神殺し・アナテマ 前半戦,ビショップ,12,,涼ノ瀬,2132
神殺し・アナテマ 前半戦,ビショップ,13,,elma,2125
神殺し・アナテマ 前半戦,ビショップ,14,LVH,rikka,2119
神殺し・アナテマ 前半戦,ビショップ,15,,あっと,2118
神殺し・アナテマ 前半戦,ビショップ,15,,TH.e,2118
神殺し・アナテマ 前半戦,ビショップ,17,,コンロ,2114
神殺し・アナテマ 前半戦,ビショップ,18,,100パック欲しい,2111
神殺し・アナテマ 前半戦,ビショップ,19,,CYAN,2110
神殺し・アナテマ 前半戦,ビショップ,20,,ララミアの生体部品,2106
神殺し・アナテマ 前半戦,ビショップ,21,,Nove,2105
神殺し・アナテマ 前半戦,ビショップ,22,,シゴレ,2102
神殺し・アナテマ 前半戦,ビショップ,22,,アーシェス中西,2102
神殺し・アナテマ 前半戦,ビショップ,24,LVH,Era53,2101
神殺し・アナテマ 前半戦,ビショップ,24,,sea,2101
神殺し・アナテマ 前半戦,ビショップ,24,,なたかあ,2101
神殺し・アナテマ 前半戦,ビショップ,27,,Afuro,2100
神殺し・アナテマ 前半戦,ビショップ,27,,Ritzzie,2100
神殺し・アナテマ 前半戦,ビショップ,29,,sota,2090
神殺し・アナテマ 前半戦,ビショップ,29,,きゃりー,2090
神殺し・アナテマ 前半戦,ビショップ,31,,Feli,2088
神殺し・アナテマ 前半戦,ビショップ,32,,洗顔大豆,2081
神殺し・アナテマ 前半戦,ビショップ,32,,略,2081
神殺し・アナテマ 前半戦,ビショップ,34,,まるるる,2079
神殺し・アナテマ 前半戦,ビショップ,35,ZETA,ねぎま,2076
神殺し・アナテマ 前半戦,ビショップ,35,あいむ,UFV,2076
神殺し・アナテマ 前半戦,ビショップ,35,,kouga79432,2076
神殺し・アナテマ 前半戦,ビショップ,38,,ysh,2075
神殺し・アナテマ 前半戦,ビショップ,39,CR,ふえた,2074
神殺し・アナテマ 前半戦,ビショップ,39,,DEA,2074
神殺し・アナテマ 前半戦,ビショップ,41,,jiean/深紅蘭,2073
神殺し・アナテマ 前半戦,ビショップ,42,,アルル,2071
神殺し・アナテマ 前半戦,ビショップ,43,,のよ,2069
神殺し・アナテマ 前半戦,ビショップ,43,,kuritamago,2069
神殺し・アナテマ 前半戦,ビショップ,45,,岡,2068
神殺し・アナテマ 前半戦,ビショップ,45,,キャリー,2068
神殺し・アナテマ 前半戦,ビショップ,47,,よんとう,2066
神殺し・アナテマ 前半戦,ビショップ,47,,ふぃる,2066
神殺し・アナテマ 前半戦,ビショップ,47,,佐藤達広,2066
神殺し・アナテマ 前半戦,ビショップ,47,,かおもじ,2066
神殺し・アナテマ 前半戦,ビショップ,51,,わい,2065
神殺し・アナテマ 前半戦,ビショップ,51,,gamechanger,2065
神殺し・アナテマ 前半戦,ビショップ,51,,綾小路清隆,2065
神殺し・アナテマ 前半戦,ビショップ,54,,オマールエビ,2064
神殺し・アナテマ 前半戦,ビショップ,54,,chun,2064
神殺し・アナテマ 前半戦,ビショップ,54,,roron,2064
神殺し・アナテマ 前半戦,ビショップ,54,,ゆひゆひ,2064
神殺し・アナテマ 前半戦,ビショップ,58,RID,山田レクイエム,2063
神殺し・アナテマ 前半戦,ビショップ,58,,karu4,2063
神殺し・アナテマ 前半戦,ビショップ,60,,KFP,2062
神殺し・アナテマ 前半戦,ビショップ,60,,ヨミ,2062
神殺し・アナテマ 前半戦,ビショップ,62,,アービング,2061
神殺し・アナテマ 前半戦,ビショップ,62,,Axis,2061
神殺し・アナテマ 前半戦,ビショップ,62,,sub,2061
神殺し・アナテマ 前半戦,ビショップ,65,VL,まっつ,2060
神殺し・アナテマ 前半戦,ビショップ,65,,そう,2060
神殺し・アナテマ 前半戦,ビショップ,65,iDeal,我袖,2060
神殺し・アナテマ 前半戦,ビショップ,65,,F,2060
神殺し・アナテマ 前半戦,ビショップ,65,,ほしの2Pカラー,2060
神殺し・アナテマ 前半戦,ビショップ,65,,Metherlence,2060
神殺し・アナテマ 前半戦,ビショップ,65,,諦めルーマニア,2060
神殺し・アナテマ 前半戦,ビショップ,72,,安堂,2059
神殺し・アナテマ 前半戦,ビショップ,72,,山下,2059
神殺し・アナテマ 前半戦,ビショップ,72,,じ,2059
神殺し・アナテマ 前半戦,ビショップ,72,,不死的史莱姆,2059
神殺し・アナテマ 前半戦,ビショップ,72,,招待コードzGnzsUn,2059
神殺し・アナテマ 前半戦,ビショップ,72,,セーネ,2059
神殺し・アナテマ 前半戦,ビショップ,78,,asano,2058
神殺し・アナテマ 前半戦,ビショップ,78,,チヨ,2058
神殺し・アナテマ 前半戦,ビショップ,78,,トッティ王子,2058
神殺し・アナテマ 前半戦,ビショップ,78,,ブルーベリー,2058
神殺し・アナテマ 前半戦,ビショップ,78,,アベル,2058
神殺し・アナテマ 前半戦,ビショップ,83,,ユキ,2057
神殺し・アナテマ 前半戦,ビショップ,84,CR,空白,2056
神殺し・アナテマ 前半戦,ビショップ,84,,RED,2056
神殺し・アナテマ 前半戦,ビショップ,84,,hiro,2056
神殺し・アナテマ 前半戦,ビショップ,84,,巫女,2056
神殺し・アナテマ 前半戦,ビショップ,88,CR,Winter,2055
神殺し・アナテマ 前半戦,ビショップ,88,,sooxe,2055
神殺し・アナテマ 前半戦,ビショップ,90,,抹茶,2054
神殺し・アナテマ 前半戦,ビショップ,90,,trainer,2054
神殺し・アナテマ 前半戦,ビショップ,90,,Ent,2054
神殺し・アナテマ 前半戦,ビショップ,93,,かき,2053
神殺し・アナテマ 前半戦,ビショップ,93,,あまるがむ,2053
神殺し・アナテマ 前半戦,ビショップ,95,,NARU,2052
神殺し・アナテマ 前半戦,ビショップ,95,,Daimaru,2052
神殺し・アナテマ 前半戦,ビショップ,95,,BBB,2052
神殺し・アナテマ 前半戦,ビショップ,98,ZETA,ヘイム,2051
神殺し・アナテマ 前半戦,ビショップ,98,,理論値を求めて,2051
神殺し・アナテマ 前半戦,ビショップ,100,,maonico47,2050
神殺し・アナテマ 前半戦,ネメシス,1,,がんばえぷいきゅあー,2246
神殺し・アナテマ 前半戦,ネメシス,2,,億果実,2202
神殺し・アナテマ 前半戦,ネメシス,3,,阿圖伊,2170
神殺し・アナテマ 前半戦,ネメシス,3,,真春,2170
神殺し・アナテマ 前半戦,ネメシス,5,,ヨシラファ,2139
神殺し・アナテマ 前半戦,ネメシス,6,,H4sp1,2132
神殺し・アナテマ 前半戦,ネメシス,7,,BEANS_,2115
神殺し・アナテマ 前半戦,ネメシス,8,,かかかな,2112
神殺し・アナテマ 前半戦,ネメシス,9,,Aias,2109
神殺し・アナテマ 前半戦,ネメシス,9,,バーサ,2109
神殺し・アナテマ 前半戦,ネメシス,11,,Merce,2105
神殺し・アナテマ 前半戦,ネメシス,12,,at,2103
神殺し・アナテマ 前半戦,ネメシス,13,,じゃん,2102
神殺し・アナテマ 前半戦,ネメシス,14,,Nico,2100
神殺し・アナテマ 前半戦,ネメシス,15,MRG,glory,2095
神殺し・アナテマ 前半戦,ネメシス,16,,MEISM_ているず,2093
神殺し・アナテマ 前半戦,ネメシス,17,,事象の地平面,2086
神殺し・アナテマ 前半戦,ネメシス,18,,yubisaki,2080
神殺し・アナテマ 前半戦,ネメシス,19,,ヤミシドダハ,2078
神殺し・アナテマ 前半戦,ネメシス,20,,頭アナライズ,2075
神殺し・アナテマ 前半戦,ネメシス,21,,浄眼機,2073
神殺し・アナテマ 前半戦,ネメシス,22,,すらぴょんYoutube,2071
神殺し・アナテマ 前半戦,ネメシス,22,,KiNO,2071
神殺し・アナテマ 前半戦,ネメシス,22,,スラリンガル,2071
神殺し・アナテマ 前半戦,ネメシス,25,,TK Hoppu,2070
神殺し・アナテマ 前半戦,ネメシス,25,,yume,2070
神殺し・アナテマ 前半戦,ネメシス,27,,酢飯握り,2068
神殺し・アナテマ 前半戦,ネメシス,27,,DarknessMare,2068
神殺し・アナテマ 前半戦,ネメシス,27,,えってぃ,2068
神殺し・アナテマ 前半戦,ネメシス,27,,リュウ,2068
神殺し・アナテマ 前半戦,ネメシス,31,,コオリッポ,2067
神殺し・アナテマ 前半戦,ネメシス,31,,霜雪,2067
神殺し・アナテマ 前半戦,ネメシス,31,,kouga79432,2067
神殺し・アナテマ 前半戦,ネメシス,31,,しげりん,2067
神殺し・アナテマ 前半戦,ネメシス,31,,まるお,2067
神殺し・アナテマ 前半戦,ネメシス,36,,そう,2066
神殺し・アナテマ 前半戦,ネメシス,36,,たいらのまさカード,2066
神殺し・アナテマ 前半戦,ネメシス,38,,かき,2065
神殺し・アナテマ 前半戦,ネメシス,38,,たけし,2065
神殺し・アナテマ 前半戦,ネメシス,38,,クソネミ群島,2065
神殺し・アナテマ 前半戦,ネメシス,38,,かがや,2065
神殺し・アナテマ 前半戦,ネメシス,42,RID,折り紙,2064
神殺し・アナテマ 前半戦,ネメシス,42,,なんな,2064
神殺し・アナテマ 前半戦,ネメシス,42,,オーキス博士,2064
神殺し・アナテマ 前半戦,ネメシス,42,,ばち,2064
神殺し・アナテマ 前半戦,ネメシス,46,,SIA,2063
神殺し・アナテマ 前半戦,ネメシス,47,,とむら,2062
神殺し・アナテマ 前半戦,ネメシス,47,,NARU,2062
神殺し・アナテマ 前半戦,ネメシス,49,,くじら,2061
神殺し・アナテマ 前半戦,ネメシス,49,,ワード,2061
神殺し・アナテマ 前半戦,ネメシス,51,CR,ふえた,2060
神殺し・アナテマ 前半戦,ネメシス,51,,横田,2060
神殺し・アナテマ 前半戦,ネメシス,51,,てぃいかわ,2060
神殺し・アナテマ 前半戦,ネメシス,51,,iruka,2060
神殺し・アナテマ 前半戦,ネメシス,51,,ボンレス猫,2060
神殺し・アナテマ 前半戦,ネメシス,51,,亮政,2060
神殺し・アナテマ 前半戦,ネメシス,57,CR,空白,2059
神殺し・アナテマ 前半戦,ネメシス,57,,とげ,2059
神殺し・アナテマ 前半戦,ネメシス,57,,100パック欲しい,2059
神殺し・アナテマ 前半戦,ネメシス,57,,浅井,2059
神殺し・アナテマ 前半戦,ネメシス,61,,むた,2058
神殺し・アナテマ 前半戦,ネメシス,61,,笨呆北極熊!,2058
神殺し・アナテマ 前半戦,ネメシス,61,,セナ,2058
神殺し・アナテマ 前半戦,ネメシス,61,,はっしー,2058
神殺し・アナテマ 前半戦,ネメシス,65,,芝,2057
神殺し・アナテマ 前半戦,ネメシス,65,,ナハトちゃん,2057
神殺し・アナテマ 前半戦,ネメシス,65,,イヴ,2057
神殺し・アナテマ 前半戦,ネメシス,68,VL,Terarina,2056
神殺し・アナテマ 前半戦,ネメシス,68,,タニーポ,2056
神殺し・アナテマ 前半戦,ネメシス,68,,町田ちま,2056
神殺し・アナテマ 前半戦,ネメシス,68,,ぬひ,2056
神殺し・アナテマ 前半戦,ネメシス,68,,anocore,2056
神殺し・アナテマ 前半戦,ネメシス,68,,DEMI,2056
神殺し・アナテマ 前半戦,ネメシス,74,,Amano,2055
神殺し・アナテマ 前半戦,ネメシス,74,,ジェリコ,2055
神殺し・アナテマ 前半戦,ネメシス,74,,again,2055
神殺し・アナテマ 前半戦,ネメシス,74,,ラットプルsuit,2055
神殺し・アナテマ 前半戦,ネメシス,78,,なつ,2054
神殺し・アナテマ 前半戦,ネメシス,79,,イル,2053
神殺し・アナテマ 前半戦,ネメシス,79,,Mendel,2053
神殺し・アナテマ 前半戦,ネメシス,79,,おすず,2053
神殺し・アナテマ 前半戦,ネメシス,82,,抹茶,2052
神殺し・アナテマ 前半戦,ネメシス,82,,トレーズ,2052
神殺し・アナテマ 前半戦,ネメシス,82,合宿組,遠藤つよし,2052
神殺し・アナテマ 前半戦,ネメシス,82,,엘프나인,2052
神殺し・アナテマ 前半戦,ネメシス,86,,otaku,2051
神殺し・アナテマ 前半戦,ネメシス,86,,山下,2051
神殺し・アナテマ 前半戦,ネメシス,86,,あしあと,2051
神殺し・アナテマ 前半戦,ネメシス,86,,trainer,2051
神殺し・アナテマ 前半戦,ネメシス,86,,もみ,2051
神殺し・アナテマ 前半戦,ネメシス,86,,きゃもめーる,2051
神殺し・アナテマ 前半戦,ネメシス,92,,優柔不断なカシム,2050
神殺し・アナテマ 前半戦,ネメシス,92,,ぽみょ,2050
神殺し・アナテマ 前半戦,ネメシス,92,,sukunin,2050
神殺し・アナテマ 前半戦,ネメシス,92,,トーマヌ,2050
神殺し・アナテマ 前半戦,ネメシス,92,,ぽこちなー,2050
神殺し・アナテマ 前半戦,ネメシス,97,,クレーバー,2049
神殺し・アナテマ 前半戦,ネメシス,97,,檸檬堂,2049
神殺し・アナテマ 前半戦,ネメシス,99,,shootingstar,2048
神殺し・アナテマ 前半戦,ネメシス,100,,ジンカン,2047
アポカリプス・パクト 後半戦,ロイヤル,1,,ベネトナシュ,2259
アポカリプス・パクト 後半戦,ロイヤル,2,,あき,2211
アポカリプス・パクト 後半戦,ロイヤル,3,,ぬん@,2208
アポカリプス・パクト 後半戦,ロイヤル,4,,コン,2167
アポカリプス・パクト 後半戦,ロイヤル,5,,ピピピ,2158
アポカリプス・パクト 後半戦,ロイヤル,6,,検体　No.294,2155
アポカリプス・パクト 後半戦,ロイヤル,7,,nemuii,2145
アポカリプス・パクト 後半戦,ロイヤル,8,合宿組,kt,2138
アポカリプス・パクト 後半戦,ロイヤル,9,,Amy,2136
アポカリプス・パクト 後半戦,ロイヤル,9,,シナノ,2136
アポカリプス・パクト 後半戦,ロイヤル,11,VL,Terarina,2132
アポカリプス・パクト 後半戦,ロイヤル,12,,zuke,2130
アポカリプス・パクト 後半戦,ロイヤル,13,DFM,ユーリ,2119
アポカリプス・パクト 後半戦,ロイヤル,14,,Numa,2116
アポカリプス・パクト 後半戦,ロイヤル,15,,7,2114
アポカリプス・パクト 後半戦,ロイヤル,15,,池田会長,2114
アポカリプス・パクト 後半戦,ロイヤル,15,,NieR,2114
アポカリプス・パクト 後半戦,ロイヤル,18,,ray,2113
アポカリプス・パクト 後半戦,ロイヤル,19,,윈다,2112
アポカリプス・パクト 後半戦,ロイヤル,20,,Ramuz,2111
アポカリプス・パクト 後半戦,ロイヤル,20,,結城ぴあの,2111
アポカリプス・パクト 後半戦,ロイヤル,22,,hapieL,2108
アポカリプス・パクト 後半戦,ロイヤル,23,,チャンキ,2107
アポカリプス・パクト 後半戦,ロイヤル,24,,高猫,2106
アポカリプス・パクト 後半戦,ロイヤル,24,,ぬま,2106
アポカリプス・パクト 後半戦,ロイヤル,24,,エアプおじさん,2106
アポカリプス・パクト 後半戦,ロイヤル,24,,ぶつぎり,2106
アポカリプス・パクト 後半戦,ロイヤル,28,,rezi,2105
アポカリプス・パクト 後半戦,ロイヤル,28,,とうふ,2105
アポカリプス・パクト 後半戦,ロイヤル,30,,なんな,2104
アポカリプス・パクト 後半戦,ロイヤル,30,,Nico,2104
アポカリプス・パクト 後半戦,ロイヤル,32,,浅井,2102
アポカリプス・パクト 後半戦,ロイヤル,32,,ちいかや,2102
アポカリプス・パクト 後半戦,ロイヤル,32,,うてな,2102
アポカリプス・パクト 後半戦,ロイヤル,35,,みきの,2101
アポカリプス・パクト 後半戦,ロイヤル,35,,Nekoma,2101
アポカリプス・パクト 後半戦,ロイヤル,37,,ろいす,2100
アポカリプス・パクト 後半戦,ロイヤル,37,,モナカ,2100
アポカリプス・パクト 後半戦,ロイヤル,39,,VENA,2097
アポカリプス・パクト 後半戦,ロイヤル,40,RID,Chappy_ttv,2096
アポカリプス・パクト 後半戦,ロイヤル,41,MRG,glory,2094
アポカリプス・パクト 後半戦,ロイヤル,42,,007,2092
アポカリプス・パクト 後半戦,ロイヤル,43,,Jimejime,2091
アポカリプス・パクト 後半戦,ロイヤル,43,,すもも,2091
アポカリプス・パクト 後半戦,ロイヤル,45,,すこ,2089
アポカリプス・パクト 後半戦,ロイヤル,46,,バルロッサ,2088
アポカリプス・パクト 後半戦,ロイヤル,47,,Alway,2087
アポカリプス・パクト 後半戦,ロイヤル,47,,コイツ超かぐや姫にいなか,2087
アポカリプス・パクト 後半戦,ロイヤル,47,,walnut,2087
アポカリプス・パクト 後半戦,ロイヤル,47,,とも。,2087
アポカリプス・パクト 後半戦,ロイヤル,51,,NARU,2086
アポカリプス・パクト 後半戦,ロイヤル,51,,いわたん,2086
アポカリプス・パクト 後半戦,ロイヤル,51,,Noem,2086
アポカリプス・パクト 後半戦,ロイヤル,51,,Aura,2086
アポカリプス・パクト 後半戦,ロイヤル,51,,モロッコヨーグル,2086
アポカリプス・パクト 後半戦,ロイヤル,51,,痴れ者,2086
アポカリプス・パクト 後半戦,ロイヤル,57,,DarknessMare,2084
アポカリプス・パクト 後半戦,ロイヤル,57,,てるすも,2084
アポカリプス・パクト 後半戦,ロイヤル,59,,Eve.,2083
アポカリプス・パクト 後半戦,ロイヤル,59,合宿組,めいす,2083
アポカリプス・パクト 後半戦,ロイヤル,61,,yuma,2082
アポカリプス・パクト 後半戦,ロイヤル,61,,ライト・セーバー,2082
アポカリプス・パクト 後半戦,ロイヤル,63,,阿圖伊,2081
アポカリプス・パクト 後半戦,ロイヤル,63,,らいお軍曹,2081
アポカリプス・パクト 後半戦,ロイヤル,63,,れんちん,2081
アポカリプス・パクト 後半戦,ロイヤル,63,,ramen,2081
アポカリプス・パクト 後半戦,ロイヤル,63,,Blade Storm,2081
アポカリプス・パクト 後半戦,ロイヤル,63,,りょーつ,2081
アポカリプス・パクト 後半戦,ロイヤル,63,,ねこめし,2081
アポカリプス・パクト 後半戦,ロイヤル,70,MRG,マイト,2080
アポカリプス・パクト 後半戦,ロイヤル,70,,まさと,2080
アポカリプス・パクト 後半戦,ロイヤル,70,,テンジン,2080
アポカリプス・パクト 後半戦,ロイヤル,70,,Alcina,2080
アポカリプス・パクト 後半戦,ロイヤル,70,,宅男誠,2080
アポカリプス・パクト 後半戦,ロイヤル,70,,silent,2080
アポカリプス・パクト 後半戦,ロイヤル,76,,nico,2079
アポカリプス・パクト 後半戦,ロイヤル,76,,Water,2079
アポカリプス・パクト 後半戦,ロイヤル,78,VL,monakawan,2078
アポカリプス・パクト 後半戦,ロイヤル,78,,きらり,2078
アポカリプス・パクト 後半戦,ロイヤル,78,,ひゅ,2078
アポカリプス・パクト 後半戦,ロイヤル,78,,がばちゃん,2078
アポカリプス・パクト 後半戦,ロイヤル,78,,yuka,2078
アポカリプス・パクト 後半戦,ロイヤル,83,,猫,2077
アポカリプス・パクト 後半戦,ロイヤル,83,,シイム,2077
アポカリプス・パクト 後半戦,ロイヤル,83,,ふらっと,2077
アポカリプス・パクト 後半戦,ロイヤル,83,,ものつき,2077
アポカリプス・パクト 後半戦,ロイヤル,87,,アナリスト,2076
アポカリプス・パクト 後半戦,ロイヤル,87,,山卵,2076
アポカリプス・パクト 後半戦,ロイヤル,87,,まつおか　ぱぴ助,2076
アポカリプス・パクト 後半戦,ロイヤル,90,LVH,rikka,2075
アポカリプス・パクト 後半戦,ロイヤル,90,,Mizo.,2075
アポカリプス・パクト 後半戦,ロイヤル,90,,れい,2075
アポカリプス・パクト 後半戦,ロイヤル,90,,とっぺ,2075
アポカリプス・パクト 後半戦,ロイヤル,90,,麒麟,2075
アポカリプス・パクト 後半戦,ロイヤル,95,,えってぃ,2074
アポカリプス・パクト 後半戦,ロイヤル,95,,じう,2074
アポカリプス・パクト 後半戦,ロイヤル,95,,よろばら,2074
アポカリプス・パクト 後半戦,ロイヤル,95,,てけてけ,2074
アポカリプス・パクト 後半戦,ロイヤル,99,,ky03,2073
アポカリプス・パクト 後半戦,ロイヤル,100,,小峠の汁,2072
アポカリプス・パクト 後半戦,ウィッチ,1,,カシン,2305
アポカリプス・パクト 後半戦,ウィッチ,2,ZETA,CQCQ,2249
アポカリプス・パクト 後半戦,ウィッチ,3,,壺男,2237
アポカリプス・パクト 後半戦,ウィッチ,4,,氷上メルル,2235
アポカリプス・パクト 後半戦,ウィッチ,5,,ちづる,2220
アポカリプス・パクト 後半戦,ウィッチ,6,,モグイナ@youtube,2219
アポカリプス・パクト 後半戦,ウィッチ,7,,シゴレ,2215
アポカリプス・パクト 後半戦,ウィッチ,8,,ヘンチ・クランのゴロツキ,2206
アポカリプス・パクト 後半戦,ウィッチ,9,iDeal,我袖,2204
アポカリプス・パクト 後半戦,ウィッチ,10,,とび,2193
アポカリプス・パクト 後半戦,ウィッチ,11,,ま。,2186
アポカリプス・パクト 後半戦,ウィッチ,12,,Medianoche,2167
アポカリプス・パクト 後半戦,ウィッチ,13,,sea,2165
アポカリプス・パクト 後半戦,ウィッチ,14,,2233,2157
アポカリプス・パクト 後半戦,ウィッチ,15,,がんばえぷいきゅあー,2155
アポカリプス・パクト 後半戦,ウィッチ,15,,シマシマエナガ,2155
アポカリプス・パクト 後半戦,ウィッチ,17,,識,2152
アポカリプス・パクト 後半戦,ウィッチ,18,,kq,2151
アポカリプス・パクト 後半戦,ウィッチ,18,,まあ坊,2151
アポカリプス・パクト 後半戦,ウィッチ,20,VL,Terarina,2150
アポカリプス・パクト 後半戦,ウィッチ,21,,池田会長,2149
アポカリプス・パクト 後半戦,ウィッチ,21,,きるか,2149
アポカリプス・パクト 後半戦,ウィッチ,23,VL,まっつ,2137
アポカリプス・パクト 後半戦,ウィッチ,24,,阿圖伊,2136
アポカリプス・パクト 後半戦,ウィッチ,24,,オチ/SVG,2136
アポカリプス・パクト 後半戦,ウィッチ,26,,クライス・ヴェルト,2133
アポカリプス・パクト 後半戦,ウィッチ,27,,fluphy,2131
アポカリプス・パクト 後半戦,ウィッチ,27,,Merce,2131
アポカリプス・パクト 後半戦,ウィッチ,27,,Ysk,2131
アポカリプス・パクト 後半戦,ウィッチ,27,,花芽すみれ,2131
アポカリプス・パクト 後半戦,ウィッチ,27,,あかさ,2131
アポカリプス・パクト 後半戦,ウィッチ,32,MRG,glory,2130
アポカリプス・パクト 後半戦,ウィッチ,32,,らふぃ,2130
アポカリプス・パクト 後半戦,ウィッチ,34,,こう,2129
アポカリプス・パクト 後半戦,ウィッチ,34,,みにとまと,2129
アポカリプス・パクト 後半戦,ウィッチ,34,,きんぐかず,2129
アポカリプス・パクト 後半戦,ウィッチ,34,,あずきゃっと,2129
アポカリプス・パクト 後半戦,ウィッチ,38,,スノーマン,2128
アポカリプス・パクト 後半戦,ウィッチ,38,,にゃんにゃん,2128
アポカリプス・パクト 後半戦,ウィッチ,38,,高猫,2128
アポカリプス・パクト 後半戦,ウィッチ,38,,Rai,2128
アポカリプス・パクト 後半戦,ウィッチ,38,,しらはえ,2128
アポカリプス・パクト 後半戦,ウィッチ,38,,Vetu,2128
アポカリプス・パクト 後半戦,ウィッチ,44,,Kirsitan,2127
アポカリプス・パクト 後半戦,ウィッチ,44,,Velstadt,2127
アポカリプス・パクト 後半戦,ウィッチ,46,,ほしの2Pカラー,2126
アポカリプス・パクト 後半戦,ウィッチ,46,MRG,もっちゃま,2126
アポカリプス・パクト 後半戦,ウィッチ,46,,あいむ,2126
アポカリプス・パクト 後半戦,ウィッチ,46,,国内産ビーフ,2126
アポカリプス・パクト 後半戦,ウィッチ,50,,rezi,2125
アポカリプス・パクト 後半戦,ウィッチ,50,,S1nflqsh,2125
アポカリプス・パクト 後半戦,ウィッチ,50,,かねごん,2125
アポカリプス・パクト 後半戦,ウィッチ,53,,100パック欲しい,2124
アポカリプス・パクト 後半戦,ウィッチ,53,,テルー,2124
アポカリプス・パクト 後半戦,ウィッチ,53,,メガいっつ,2124
アポカリプス・パクト 後半戦,ウィッチ,53,,テリヤキ,2124
アポカリプス・パクト 後半戦,ウィッチ,53,,ごりぷろ,2124
アポカリプス・パクト 後半戦,ウィッチ,58,,エアプおじさん,2123
アポカリプス・パクト 後半戦,ウィッチ,58,,「　　　」,2123
アポカリプス・パクト 後半戦,ウィッチ,58,,未来エイト,2123
アポカリプス・パクト 後半戦,ウィッチ,58,,霜落菊殘,2123
アポカリプス・パクト 後半戦,ウィッチ,62,,ポポポ,2122
アポカリプス・パクト 後半戦,ウィッチ,62,,kawai,2122
アポカリプス・パクト 後半戦,ウィッチ,65,CR,ふぇぐ,2121
アポカリプス・パクト 後半戦,ウィッチ,65,,ひゅ,2121
アポカリプス・パクト 後半戦,ウィッチ,65,合宿組,Beita,2121
アポカリプス・パクト 後半戦,ウィッチ,65,,甘美な無法,2121
アポカリプス・パクト 後半戦,ウィッチ,65,,蓮華,2121
アポカリプス・パクト 後半戦,ウィッチ,65,,斑鳩ルカ,2121
アポカリプス・パクト 後半戦,ウィッチ,65,,Q＆B,2121
アポカリプス・パクト 後半戦,ウィッチ,72,DFM,かなで,2120
アポカリプス・パクト 後半戦,ウィッチ,72,,そう,2120
アポカリプス・パクト 後半戦,ウィッチ,72,,杉咲花丸,2120
アポカリプス・パクト 後半戦,ウィッチ,72,,ぽこ,2120
アポカリプス・パクト 後半戦,ウィッチ,76,,ろいろい,2119
アポカリプス・パクト 後半戦,ウィッチ,76,,しげ,2119
アポカリプス・パクト 後半戦,ウィッチ,76,,runa,2119
アポカリプス・パクト 後半戦,ウィッチ,79,VL,monakawan,2118
アポカリプス・パクト 後半戦,ウィッチ,79,,パンドラ,2118
アポカリプス・パクト 後半戦,ウィッチ,79,,as,2118
アポカリプス・パクト 後半戦,ウィッチ,82,,blackstar,2117
アポカリプス・パクト 後半戦,ウィッチ,82,,添える,2117
アポカリプス・パクト 後半戦,ウィッチ,82,,ホイミソ,2117
アポカリプス・パクト 後半戦,ウィッチ,85,,漆黒,2116
アポカリプス・パクト 後半戦,ウィッチ,85,,えるし,2116
アポカリプス・パクト 後半戦,ウィッチ,85,,Faquarl,2116
アポカリプス・パクト 後半戦,ウィッチ,85,,みかんくん,2116
アポカリプス・パクト 後半戦,ウィッチ,85,,LeyF,2116
アポカリプス・パクト 後半戦,ウィッチ,85,,ばたヲ,2116
アポカリプス・パクト 後半戦,ウィッチ,91,,霜雪,2115
アポカリプス・パクト 後半戦,ウィッチ,92,,紺堂夢月,2113
アポカリプス・パクト 後半戦,ウィッチ,92,,Lilac,2113
アポカリプス・パクト 後半戦,ウィッチ,92,,catfood,2113
アポカリプス・パクト 後半戦,ウィッチ,92,,咆哮のラム,2113
アポカリプス・パクト 後半戦,ウィッチ,92,,パパイヤ,2113
アポカリプス・パクト 後半戦,ウィッチ,97,,Eve.,2112
アポカリプス・パクト 後半戦,ウィッチ,98,,くえ,2111
アポカリプス・パクト 後半戦,ウィッチ,98,,殴らないで,2111
アポカリプス・パクト 後半戦,ウィッチ,98,,でりしゃすみかん,2111
アポカリプス・パクト 後半戦,ナイトメア,1,,ふつーなやつ,2321
アポカリプス・パクト 後半戦,ナイトメア,2,RID,山田レクイエム,2309
アポカリプス・パクト 後半戦,ナイトメア,3,LVH,Hirobosu,2280
アポカリプス・パクト 後半戦,ナイトメア,4,,もぬけ,2245
アポカリプス・パクト 後半戦,ナイトメア,5,,kendama,2234
アポカリプス・パクト 後半戦,ナイトメア,6,CR,Winter,2230
アポカリプス・パクト 後半戦,ナイトメア,7,,オマールエビ,2228
アポカリプス・パクト 後半戦,ナイトメア,8,,ららら,2227
アポカリプス・パクト 後半戦,ナイトメア,8,,ゴリラ,2227
アポカリプス・パクト 後半戦,ナイトメア,10,,Medianoche,2218
アポカリプス・パクト 後半戦,ナイトメア,11,,ataraxia,2217
アポカリプス・パクト 後半戦,ナイトメア,12,VL,Terarina,2213
アポカリプス・パクト 後半戦,ナイトメア,13,,むにむに,2212
アポカリプス・パクト 後半戦,ナイトメア,13,,Juna,2212
アポカリプス・パクト 後半戦,ナイトメア,13,,ホタルイカ,2212
アポカリプス・パクト 後半戦,ナイトメア,16,,とみ,2211
アポカリプス・パクト 後半戦,ナイトメア,16,,まいったな,2211
アポカリプス・パクト 後半戦,ナイトメア,16,,山猪工头,2211
アポカリプス・パクト 後半戦,ナイトメア,19,,めいぷる,2209
アポカリプス・パクト 後半戦,ナイトメア,20,,migiwa,2208
アポカリプス・パクト 後半戦,ナイトメア,21,RID,Chappy_ttv,2207
アポカリプス・パクト 後半戦,ナイトメア,21,合宿組,Re=L,2207
アポカリプス・パクト 後半戦,ナイトメア,21,,ばるむんく,2207
アポカリプス・パクト 後半戦,ナイトメア,24,,あんかけ,2205
アポカリプス・パクト 後半戦,ナイトメア,24,,zekito_Baka,2205
アポカリプス・パクト 後半戦,ナイトメア,26,,ringa,2204
アポカリプス・パクト 後半戦,ナイトメア,26,,らみ,2204
アポカリプス・パクト 後半戦,ナイトメア,28,,シゴレ,2203
アポカリプス・パクト 後半戦,ナイトメア,28,SGA,ノコノコ,2203
アポカリプス・パクト 後半戦,ナイトメア,28,,ゆぅ,2203
アポカリプス・パクト 後半戦,ナイトメア,31,RC,あぐのむ,2202
アポカリプス・パクト 後半戦,ナイトメア,31,,コクっち,2202
アポカリプス・パクト 後半戦,ナイトメア,31,,まるるる,2202
アポカリプス・パクト 後半戦,ナイトメア,31,,Furen/EvK,2202
アポカリプス・パクト 後半戦,ナイトメア,31,EvK,ハルカ,2202
アポカリプス・パクト 後半戦,ナイトメア,36,,彩人,2201
アポカリプス・パクト 後半戦,ナイトメア,37,MRG,glory,2200
アポカリプス・パクト 後半戦,ナイトメア,38,,Lilac,2198
アポカリプス・パクト 後半戦,ナイトメア,39,,さみだれ!,2191
アポカリプス・パクト 後半戦,ナイトメア,40,,大正義テキモング,2190
アポカリプス・パクト 後半戦,ナイトメア,41,,泥沼の夜架,2189
アポカリプス・パクト 後半戦,ナイトメア,41,,Dki,2189
アポカリプス・パクト 後半戦,ナイトメア,41,,.jpg,2189
アポカリプス・パクト 後半戦,ナイトメア,41,,orca,2189
アポカリプス・パクト 後半戦,ナイトメア,45,,とげ,2188
アポカリプス・パクト 後半戦,ナイトメア,45,,Ent,2188
アポカリプス・パクト 後半戦,ナイトメア,45,,河田陽菜,2188
アポカリプス・パクト 後半戦,ナイトメア,48,VL,まっつ,2187
アポカリプス・パクト 後半戦,ナイトメア,48,,potofu,2187
アポカリプス・パクト 後半戦,ナイトメア,48,,あきす。,2187
アポカリプス・パクト 後半戦,ナイトメア,48,,安藤,2187
アポカリプス・パクト 後半戦,ナイトメア,48,,かいとん,2187
アポカリプス・パクト 後半戦,ナイトメア,48,,nabeken,2187
アポカリプス・パクト 後半戦,ナイトメア,54,,ni,2186
アポカリプス・パクト 後半戦,ナイトメア,54,,すいーと,2186
アポカリプス・パクト 後半戦,ナイトメア,56,,きらり,2185
アポカリプス・パクト 後半戦,ナイトメア,57,,安堂,2184
アポカリプス・パクト 後半戦,ナイトメア,57,DFM,かなで,2184
アポカリプス・パクト 後半戦,ナイトメア,57,VL,monakawan,2184
アポカリプス・パクト 後半戦,ナイトメア,57,,rafay,2184
アポカリプス・パクト 後半戦,ナイトメア,57,ZETA,ねぎま,2184
アポカリプス・パクト 後半戦,ナイトメア,57,,横田,2184
アポカリプス・パクト 後半戦,ナイトメア,57,,「genchizuma」,2184
アポカリプス・パクト 後半戦,ナイトメア,57,,KOROGI,2184
アポカリプス・パクト 後半戦,ナイトメア,65,ZETA,ヘイム,2183
アポカリプス・パクト 後半戦,ナイトメア,65,,Eve.,2183
アポカリプス・パクト 後半戦,ナイトメア,65,,Figole,2183
アポカリプス・パクト 後半戦,ナイトメア,65,,じゃすん@Vちゅーばー,2183
アポカリプス・パクト 後半戦,ナイトメア,69,,sea,2182
アポカリプス・パクト 後半戦,ナイトメア,69,,女神,2182
アポカリプス・パクト 後半戦,ナイトメア,69,,えってぃ,2182
アポカリプス・パクト 後半戦,ナイトメア,69,,こむぎこ,2182
アポカリプス・パクト 後半戦,ナイトメア,73,,ラトス,2181
アポカリプス・パクト 後半戦,ナイトメア,73,,杉,2181
アポカリプス・パクト 後半戦,ナイトメア,73,,雪之丞,2181
アポカリプス・パクト 後半戦,ナイトメア,73,,パスタライ助,2181
アポカリプス・パクト 後半戦,ナイトメア,77,RC,拓海,2180
アポカリプス・パクト 後半戦,ナイトメア,77,,Essia,2180
アポカリプス・パクト 後半戦,ナイトメア,77,,Alway,2180
アポカリプス・パクト 後半戦,ナイトメア,77,,はまじむさし,2180
アポカリプス・パクト 後半戦,ナイトメア,77,,地雷,2180
アポカリプス・パクト 後半戦,ナイトメア,77,,椎名ひより,2180
アポカリプス・パクト 後半戦,ナイトメア,83,,サッキー,2179
アポカリプス・パクト 後半戦,ナイトメア,83,,山,2179
アポカリプス・パクト 後半戦,ナイトメア,85,,ラムネ,2178
アポカリプス・パクト 後半戦,ナイトメア,85,,あっと,2178
アポカリプス・パクト 後半戦,ナイトメア,85,,れんちん,2178
アポカリプス・パクト 後半戦,ナイトメア,85,,あしゅ,2178
アポカリプス・パクト 後半戦,ナイトメア,89,,じゃん,2177
アポカリプス・パクト 後半戦,ナイトメア,89,,Stupidldiot,2177
アポカリプス・パクト 後半戦,ナイトメア,89,,ラッシュライフ,2177
アポカリプス・パクト 後半戦,ナイトメア,89,,高円寺六助@よう実4期,2177
アポカリプス・パクト 後半戦,ナイトメア,93,,こう,2176
アポカリプス・パクト 後半戦,ナイトメア,93,,blackstar,2176
アポカリプス・パクト 後半戦,ナイトメア,93,,けもなー,2176
アポカリプス・パクト 後半戦,ナイトメア,96,,rezi,2175
アポカリプス・パクト 後半戦,ナイトメア,96,,Yogas,2175
アポカリプス・パクト 後半戦,ナイトメア,99,,秒殺の皇帝,2174
アポカリプス・パクト 後半戦,ナイトメア,99,BFF,Esuna,2174
アポカリプス・パクト 後半戦,ナイトメア,99,,リズ,2174
アポカリプス・パクト 後半戦,ナイトメア,99,,えすあい,2174
アポカリプス・パクト 後半戦,ナイトメア,99,,CB,2174
アポカリプス・パクト 後半戦,ナイトメア,99,,空飛ぶもけもけ,2174
アポカリプス・パクト 前半戦,ロイヤル,1,ZETA,CQCQ,2340
アポカリプス・パクト 前半戦,ロイヤル,2,MRG,マイト,2337
アポカリプス・パクト 前半戦,ロイヤル,3,,はるまき,2312
アポカリプス・パクト 前半戦,ロイヤル,4,VL,Terarina,2303
アポカリプス・パクト 前半戦,ロイヤル,5,,侍,2256
アポカリプス・パクト 前半戦,ロイヤル,6,,あき,2249
アポカリプス・パクト 前半戦,ロイヤル,7,,みみみ,2242
アポカリプス・パクト 前半戦,ロイヤル,8,,まさと,2233
アポカリプス・パクト 前半戦,ロイヤル,9,,Amano,2226
アポカリプス・パクト 前半戦,ロイヤル,10,,たやまる,2214
アポカリプス・パクト 前半戦,ロイヤル,11,,モナカ,2210
アポカリプス・パクト 前半戦,ロイヤル,12,,さけどん,2207
アポカリプス・パクト 前半戦,ロイヤル,13,,せな,2206
アポカリプス・パクト 前半戦,ロイヤル,13,,るーん,2206
アポカリプス・パクト 前半戦,ロイヤル,15,,コン,2201
アポカリプス・パクト 前半戦,ロイヤル,16,,ばっどぶやまる,2200
アポカリプス・パクト 前半戦,ロイヤル,17,,ももかん,2195
アポカリプス・パクト 前半戦,ロイヤル,17,DFM,MingiGod,2195
アポカリプス・パクト 前半戦,ロイヤル,19,,MFG むー,2194
アポカリプス・パクト 前半戦,ロイヤル,20,,輝鐵,2190
アポカリプス・パクト 前半戦,ロイヤル,21,,ベネトナシュ,2186
アポカリプス・パクト 前半戦,ロイヤル,22,,識,2184
アポカリプス・パクト 前半戦,ロイヤル,23,,nico,2181
アポカリプス・パクト 前半戦,ロイヤル,23,,もぐちゅー,2181
アポカリプス・パクト 前半戦,ロイヤル,23,,飞行雪绒,2181
アポカリプス・パクト 前半戦,ロイヤル,26,,イル,2180
アポカリプス・パクト 前半戦,ロイヤル,26,,むーん,2180
アポカリプス・パクト 前半戦,ロイヤル,26,CR,ふぇぐ,2180
アポカリプス・パクト 前半戦,ロイヤル,29,,わい,2179
アポカリプス・パクト 前半戦,ロイヤル,29,,Ghost girl,2179
アポカリプス・パクト 前半戦,ロイヤル,31,ZETA,ヘイム,2178
アポカリプス・パクト 前半戦,ロイヤル,31,,ろいす,2178
アポカリプス・パクト 前半戦,ロイヤル,33,,SAGA,2177
アポカリプス・パクト 前半戦,ロイヤル,33,,くらいぶ,2177
アポカリプス・パクト 前半戦,ロイヤル,33,,くうる,2177
アポカリプス・パクト 前半戦,ロイヤル,36,,〆SORA〆,2176
アポカリプス・パクト 前半戦,ロイヤル,36,,Non,2176
アポカリプス・パクト 前半戦,ロイヤル,36,,ナメクジ君,2176
アポカリプス・パクト 前半戦,ロイヤル,36,,yui,2176
アポカリプス・パクト 前半戦,ロイヤル,36,,鳩ネギ,2176
アポカリプス・パクト 前半戦,ロイヤル,36,,我想成為影之詩莉澤,2176
アポカリプス・パクト 前半戦,ロイヤル,42,,zen,2175
アポカリプス・パクト 前半戦,ロイヤル,42,,マイト/CQCQのファン,2175
アポカリプス・パクト 前半戦,ロイヤル,44,,ラトス,2174
アポカリプス・パクト 前半戦,ロイヤル,44,,のよ,2174
アポカリプス・パクト 前半戦,ロイヤル,44,,しろたん,2174
アポカリプス・パクト 前半戦,ロイヤル,47,,るらら,2173
アポカリプス・パクト 前半戦,ロイヤル,47,,いわたん,2173
アポカリプス・パクト 前半戦,ロイヤル,47,,テリヤキ,2173
アポカリプス・パクト 前半戦,ロイヤル,47,,紺堂夢月,2173
アポカリプス・パクト 前半戦,ロイヤル,47,,ポカ,2173
アポカリプス・パクト 前半戦,ロイヤル,47,,てぴ,2173
アポカリプス・パクト 前半戦,ロイヤル,47,,Jellyman,2173
アポカリプス・パクト 前半戦,ロイヤル,47,,은하,2173
アポカリプス・パクト 前半戦,ロイヤル,55,RID,折り紙,2172
アポカリプス・パクト 前半戦,ロイヤル,55,,Medianoche,2172
アポカリプス・パクト 前半戦,ロイヤル,55,,Sugar,2172
アポカリプス・パクト 前半戦,ロイヤル,55,,sigudayo,2172
アポカリプス・パクト 前半戦,ロイヤル,55,,(。・・。),2172
アポカリプス・パクト 前半戦,ロイヤル,60,LVH,rikka,2171
アポカリプス・パクト 前半戦,ロイヤル,60,LVH,だーよね,2171
アポカリプス・パクト 前半戦,ロイヤル,60,,アーシェス中西,2171
アポカリプス・パクト 前半戦,ロイヤル,60,,umt,2171
アポカリプス・パクト 前半戦,ロイヤル,60,,こもじ,2171
アポカリプス・パクト 前半戦,ロイヤル,60,,sere,2171
アポカリプス・パクト 前半戦,ロイヤル,60,,モロッコヨーグル,2171
アポカリプス・パクト 前半戦,ロイヤル,60,,MAKIロキサ,2171
アポカリプス・パクト 前半戦,ロイヤル,60,,rei,2171
アポカリプス・パクト 前半戦,ロイヤル,70,,クヲン,2170
アポカリプス・パクト 前半戦,ロイヤル,70,,オルオーン,2170
アポカリプス・パクト 前半戦,ロイヤル,70,,Null,2170
アポカリプス・パクト 前半戦,ロイヤル,70,,まる,2170
アポカリプス・パクト 前半戦,ロイヤル,70,,wolfon,2170
アポカリプス・パクト 前半戦,ロイヤル,70,,uyeshota,2170
アポカリプス・パクト 前半戦,ロイヤル,76,,漆黒,2169
アポカリプス・パクト 前半戦,ロイヤル,76,,みきの,2169
アポカリプス・パクト 前半戦,ロイヤル,76,,Nove,2169
アポカリプス・パクト 前半戦,ロイヤル,76,,さらいす,2169
アポカリプス・パクト 前半戦,ロイヤル,76,,keity,2169
アポカリプス・パクト 前半戦,ロイヤル,81,,TK,2168
アポカリプス・パクト 前半戦,ロイヤル,81,,KFP,2168
アポカリプス・パクト 前半戦,ロイヤル,81,,Water,2168
アポカリプス・パクト 前半戦,ロイヤル,81,,かりね,2168
アポカリプス・パクト 前半戦,ロイヤル,85,,MURA,2167
アポカリプス・パクト 前半戦,ロイヤル,85,,Tanishi,2167
アポカリプス・パクト 前半戦,ロイヤル,85,,Mty,2167
アポカリプス・パクト 前半戦,ロイヤル,85,,よーぶん,2167
アポカリプス・パクト 前半戦,ロイヤル,85,,seiru,2167
アポカリプス・パクト 前半戦,ロイヤル,85,,ゆぴどん,2167
アポカリプス・パクト 前半戦,ロイヤル,85,,しおん,2167
アポカリプス・パクト 前半戦,ロイヤル,85,,安藤光,2167
アポカリプス・パクト 前半戦,ロイヤル,85,,ma,2167
アポカリプス・パクト 前半戦,ロイヤル,94,,山下,2166
アポカリプス・パクト 前半戦,ロイヤル,94,,岡,2166
アポカリプス・パクト 前半戦,ロイヤル,94,,Yua,2166
アポカリプス・パクト 前半戦,ロイヤル,94,,happp,2166
アポカリプス・パクト 前半戦,ロイヤル,98,,Eve.,2165
アポカリプス・パクト 前半戦,ロイヤル,98,DFM,ミル,2165
アポカリプス・パクト 前半戦,ロイヤル,98,,横田,2165
アポカリプス・パクト 前半戦,ロイヤル,98,,Kuro,2165
アポカリプス・パクト 前半戦,ロイヤル,98,,氷剣竜ミラジェイド,2165
花酔遊戯 後半戦,エルフ,1,LVH,rikka,2318
花酔遊戯 後半戦,エルフ,2,,Riria,2308
花酔遊戯 後半戦,エルフ,3,,月白瞳美,2257
花酔遊戯 後半戦,エルフ,4,,おーじー,2250
花酔遊戯 後半戦,エルフ,5,,さけどん,2241
花酔遊戯 後半戦,エルフ,6,,熱血太郎,2221
花酔遊戯 後半戦,エルフ,7,,riasu,2214
花酔遊戯 後半戦,エルフ,9,,surpass,2190
花酔遊戯 後半戦,エルフ,10,,ビヨンド,2173
花酔遊戯 後半戦,エルフ,11,ZETA,ヘイム,2157
花酔遊戯 後半戦,エルフ,12,,noku,2155
花酔遊戯 後半戦,エルフ,13,,とと,2152
花酔遊戯 後半戦,エルフ,14,,漆黒,2144
花酔遊戯 後半戦,エルフ,15,,roron,2143
花酔遊戯 後半戦,エルフ,15,,C,2143
花酔遊戯 後半戦,エルフ,17,,Donmel,2135
花酔遊戯 後半戦,エルフ,18,,bleu,2131
花酔遊戯 後半戦,エルフ,19,,りぃふ,2128
花酔遊戯 後半戦,エルフ,19,,Sera,2128
花酔遊戯 後半戦,エルフ,21,CR,Atom,2127
花酔遊戯 後半戦,エルフ,22,,するめ,2125
花酔遊戯 後半戦,エルフ,23,,かるま,2118
花酔遊戯 後半戦,エルフ,24,,兎月しるく,2117
花酔遊戯 後半戦,エルフ,24,,ごろもん,2117
花酔遊戯 後半戦,エルフ,24,,おかしいおかし,2117
花酔遊戯 後半戦,エルフ,24,,カルル,2117
花酔遊戯 後半戦,エルフ,28,RC,ぱらちゃん,2115
花酔遊戯 後半戦,エルフ,29,,睡眠中,2113
花酔遊戯 後半戦,エルフ,30,CR,空白,2112
花酔遊戯 後半戦,エルフ,30,,shu-cat,2112
花酔遊戯 後半戦,エルフ,32,,せんぷうき,2111
花酔遊戯 後半戦,エルフ,32,,ヘチマ,2111
花酔遊戯 後半戦,エルフ,32,,布都の服の紐,2111
花酔遊戯 後半戦,エルフ,35,,確確實實大大吉吉,2110
花酔遊戯 後半戦,エルフ,35,,あるみ,2110
花酔遊戯 後半戦,エルフ,37,,주해,2108
花酔遊戯 後半戦,エルフ,37,,n,2108
花酔遊戯 後半戦,エルフ,39,,ツヌノ,2107
花酔遊戯 後半戦,エルフ,39,,らむかな,2107
花酔遊戯 後半戦,エルフ,39,,Syllase,2107
花酔遊戯 後半戦,エルフ,39,,カガリ,2107
花酔遊戯 後半戦,エルフ,43,,ともさん,2106
花酔遊戯 後半戦,エルフ,43,,ダーモボー,2106
花酔遊戯 後半戦,エルフ,45,,Kino,2105
花酔遊戯 後半戦,エルフ,46,,ダヤン,2104
花酔遊戯 後半戦,エルフ,46,,FS3232,2104
花酔遊戯 後半戦,エルフ,48,,wwwaaa,2102
花酔遊戯 後半戦,エルフ,48,,ta,2102
花酔遊戯 後半戦,エルフ,48,,ぐ,2102
花酔遊戯 後半戦,エルフ,51,VL,Terarina,2101
花酔遊戯 後半戦,エルフ,51,,羽がムチムチ 妖精郷,2101
花酔遊戯 後半戦,エルフ,51,,교착상태,2101
花酔遊戯 後半戦,エルフ,54,,るび,2100
花酔遊戯 後半戦,エルフ,54,,....,2100
花酔遊戯 後半戦,エルフ,54,,SV_swim,2100
花酔遊戯 後半戦,エルフ,54,,漢なら血に染まれ,2100
花酔遊戯 後半戦,エルフ,58,,のん,2099
花酔遊戯 後半戦,エルフ,58,,Goppy,2099
花酔遊戯 後半戦,エルフ,58,,ぺ,2099
花酔遊戯 後半戦,エルフ,61,,三人,2098
花酔遊戯 後半戦,エルフ,61,,田所浩二,2098
花酔遊戯 後半戦,エルフ,61,,k,2098
花酔遊戯 後半戦,エルフ,64,,ダヤン視聴者,2097
花酔遊戯 後半戦,エルフ,64,,かがや,2097
花酔遊戯 後半戦,エルフ,66,,Hippowdon,2096
花酔遊戯 後半戦,エルフ,66,,Snowflakes,2096
花酔遊戯 後半戦,エルフ,66,,ぱんちゃ,2096
花酔遊戯 後半戦,エルフ,69,,ボランス,2095
花酔遊戯 後半戦,エルフ,70,,小波波,2094
花酔遊戯 後半戦,エルフ,71,,さみだれ!,2093
花酔遊戯 後半戦,エルフ,71,,ぐみ,2093
花酔遊戯 後半戦,エルフ,71,,ice,2093
花酔遊戯 後半戦,エルフ,74,RID,Chappy_ttv,2092
花酔遊戯 後半戦,エルフ,74,VL,まっつ,2092
花酔遊戯 後半戦,エルフ,74,,REN,2092
花酔遊戯 後半戦,エルフ,74,,kawai,2092
花酔遊戯 後半戦,エルフ,78,VL,monakawan,2091
花酔遊戯 後半戦,エルフ,78,,WA,2091
花酔遊戯 後半戦,エルフ,78,,あんこ,2091
花酔遊戯 後半戦,エルフ,81,,asano,2090
花酔遊戯 後半戦,エルフ,81,,くえ,2090
花酔遊戯 後半戦,エルフ,81,,Liaresu,2090
花酔遊戯 後半戦,エルフ,81,,いろはす,2090
花酔遊戯 後半戦,エルフ,81,,ドングリ,2090
花酔遊戯 後半戦,エルフ,81,,CAIMAN,2090
花酔遊戯 後半戦,エルフ,87,,白き天底,2089
花酔遊戯 後半戦,エルフ,87,,超かんなづ姫!!,2089
花酔遊戯 後半戦,エルフ,89,,Lamda,2087
花酔遊戯 後半戦,エルフ,90,,ネクロス鏑木,2086
花酔遊戯 後半戦,エルフ,91,,コバえもん,2085
花酔遊戯 後半戦,エルフ,91,,a,2085
花酔遊戯 後半戦,エルフ,93,,とみ,2084
花酔遊戯 後半戦,エルフ,93,,れき,2084
花酔遊戯 後半戦,エルフ,93,,いぴりぃ,2084
花酔遊戯 後半戦,エルフ,96,,りぉ,2082
花酔遊戯 後半戦,エルフ,96,,ディスカ応援bot,2082
花酔遊戯 後半戦,エルフ,96,,はらこー,2082
花酔遊戯 後半戦,エルフ,99,,Angelize,2081
花酔遊戯 後半戦,エルフ,99,,V,2081
花酔遊戯 後半戦,エルフ,99,,Tango,2081
花酔遊戯 後半戦,ロイヤル,1,,たやまる,2351
花酔遊戯 後半戦,ロイヤル,2,,オルオーン,2328
花酔遊戯 後半戦,ロイヤル,3,,たなけー,2311
花酔遊戯 後半戦,ロイヤル,4,,千鳥,2309
花酔遊戯 後半戦,ロイヤル,5,,くらいぶ,2250
花酔遊戯 後半戦,ロイヤル,6,,泥沼の夜架,2229
花酔遊戯 後半戦,ロイヤル,7,,るらら,2208
花酔遊戯 後半戦,ロイヤル,8,,デスチワワ,2205
花酔遊戯 後半戦,ロイヤル,9,CR,空白,2204
花酔遊戯 後半戦,ロイヤル,9,,KFP,2204
花酔遊戯 後半戦,ロイヤル,11,,kamui914,2201
花酔遊戯 後半戦,ロイヤル,12,MRG,マイト,2184
花酔遊戯 後半戦,ロイヤル,13,,多忙なイスラーフィール,2183
花酔遊戯 後半戦,ロイヤル,14,,あき,2182
花酔遊戯 後半戦,ロイヤル,14,,け,2182
花酔遊戯 後半戦,ロイヤル,16,,코코나단,2181
花酔遊戯 後半戦,ロイヤル,16,,海月 のぶ代,2181
花酔遊戯 後半戦,ロイヤル,18,,勇者ヒンメルならそうした,2179
花酔遊戯 後半戦,ロイヤル,18,,liypthon,2179
花酔遊戯 後半戦,ロイヤル,20,,Goppy,2177
花酔遊戯 後半戦,ロイヤル,20,,7,2177
花酔遊戯 後半戦,ロイヤル,22,,Merce,2176
花酔遊戯 後半戦,ロイヤル,22,,さくらうぃろー,2176
花酔遊戯 後半戦,ロイヤル,24,,ポカ,2175
花酔遊戯 後半戦,ロイヤル,24,,黒獣気高き聖女は白濁染,2175
花酔遊戯 後半戦,ロイヤル,26,,F,2174
花酔遊戯 後半戦,ロイヤル,26,,Alway,2174
花酔遊戯 後半戦,ロイヤル,26,,きみ,2174
花酔遊戯 後半戦,ロイヤル,29,,ぱて,2173
花酔遊戯 後半戦,ロイヤル,29,,Leon,2173
花酔遊戯 後半戦,ロイヤル,29,,sigudayo,2173
花酔遊戯 後半戦,ロイヤル,29,,ないん,2173
花酔遊戯 後半戦,ロイヤル,29,,山本,2173
花酔遊戯 後半戦,ロイヤル,29,,市合麟太郎,2173
花酔遊戯 後半戦,ロイヤル,35,CR,Atom,2172
花酔遊戯 後半戦,ロイヤル,35,,Mty,2172
花酔遊戯 後半戦,ロイヤル,35,,ベネトナシュ,2172
花酔遊戯 後半戦,ロイヤル,35,,モナカ,2172
花酔遊戯 後半戦,ロイヤル,39,,チャンキ,2171
花酔遊戯 後半戦,ロイヤル,39,,ありんこ,2171
花酔遊戯 後半戦,ロイヤル,41,,ハムスター,2170
花酔遊戯 後半戦,ロイヤル,41,,馬鹿の山継続の大地,2170
花酔遊戯 後半戦,ロイヤル,43,,SAGA,2169
花酔遊戯 後半戦,ロイヤル,43,,横田,2169
花酔遊戯 後半戦,ロイヤル,43,,coolyu,2169
花酔遊戯 後半戦,ロイヤル,43,,R2,2169
花酔遊戯 後半戦,ロイヤル,43,,キラ=ヤマト,2169
花酔遊戯 後半戦,ロイヤル,48,,otaku,2168
花酔遊戯 後半戦,ロイヤル,48,,GodRelD,2168
花酔遊戯 後半戦,ロイヤル,48,,hayata*,2168
花酔遊戯 後半戦,ロイヤル,48,,泉の精霊,2168
花酔遊戯 後半戦,ロイヤル,52,VL,monakawan,2167
花酔遊戯 後半戦,ロイヤル,52,,100パック欲しい,2167
花酔遊戯 後半戦,ロイヤル,52,,Non,2167
花酔遊戯 後半戦,ロイヤル,52,,ハングリーバーガー,2167
花酔遊戯 後半戦,ロイヤル,52,,Tim Hortons,2167
花酔遊戯 後半戦,ロイヤル,57,,のよ,2166
花酔遊戯 後半戦,ロイヤル,57,,大門未知子,2166
花酔遊戯 後半戦,ロイヤル,57,,ボー,2166
花酔遊戯 後半戦,ロイヤル,57,,るないち,2166
花酔遊戯 後半戦,ロイヤル,61,,アーシェス中西,2165
花酔遊戯 後半戦,ロイヤル,61,,wwwaaa,2165
花酔遊戯 後半戦,ロイヤル,61,,シノ,2165
花酔遊戯 後半戦,ロイヤル,61,,橘ありす,2165
花酔遊戯 後半戦,ロイヤル,61,,tentaii,2165
花酔遊戯 後半戦,ロイヤル,61,,roat,2165
花酔遊戯 後半戦,ロイヤル,67,MRG,glory,2164
花酔遊戯 後半戦,ロイヤル,67,,umt,2164
花酔遊戯 後半戦,ロイヤル,67,,zen,2164
花酔遊戯 後半戦,ロイヤル,67,,積立兄さん,2164
花酔遊戯 後半戦,ロイヤル,67,,Hack,2164
花酔遊戯 後半戦,ロイヤル,67,,芒果大帝,2164
花酔遊戯 後半戦,ロイヤル,67,EvK,ハルカ,2164
花酔遊戯 後半戦,ロイヤル,74,,みみみ,2163
花酔遊戯 後半戦,ロイヤル,74,,Null,2163
花酔遊戯 後半戦,ロイヤル,74,,wing,2163
花酔遊戯 後半戦,ロイヤル,77,,R,2162
花酔遊戯 後半戦,ロイヤル,77,,イマリは通さない,2162
花酔遊戯 後半戦,ロイヤル,77,,温州,2162
花酔遊戯 後半戦,ロイヤル,77,,すたいりっしゅかまぼこ,2162
花酔遊戯 後半戦,ロイヤル,77,,EntreAmis,2162
花酔遊戯 後半戦,ロイヤル,77,,あちゃのき,2162
花酔遊戯 後半戦,ロイヤル,83,,Eve.,2161
花酔遊戯 後半戦,ロイヤル,83,,ピザまん,2161
花酔遊戯 後半戦,ロイヤル,83,,Lee,2161
花酔遊戯 後半戦,ロイヤル,83,,みかん,2161
花酔遊戯 後半戦,ロイヤル,83,,ばるかん,2161
花酔遊戯 後半戦,ロイヤル,83,,のんれむ,2161
花酔遊戯 後半戦,ロイヤル,89,VL,Terarina,2160
花酔遊戯 後半戦,ロイヤル,89,,おさかなねこ,2160
花酔遊戯 後半戦,ロイヤル,89,,よろばら,2160
花酔遊戯 後半戦,ロイヤル,89,,パステルグリーン,2160
花酔遊戯 後半戦,ロイヤル,93,,Sugar,2159
花酔遊戯 後半戦,ロイヤル,94,ZETA,ヘイム,2158
花酔遊戯 後半戦,ロイヤル,94,,ごっつぁんプリファイ,2158
花酔遊戯 後半戦,ロイヤル,96,RID,Chappy_ttv,2157
花酔遊戯 後半戦,ロイヤル,96,,e.,2157
花酔遊戯 後半戦,ロイヤル,96,合宿組,kt,2157
花酔遊戯 後半戦,ロイヤル,96,,こもじ,2157
花酔遊戯 後半戦,ロイヤル,96,,ロマネコ,2157
花酔遊戯 後半戦,ロイヤル,96,,α,2157
花酔遊戯 後半戦,ウィッチ,1,MRG,Toby,2340
花酔遊戯 後半戦,ウィッチ,2,,Song,2315
花酔遊戯 後半戦,ウィッチ,3,,36,2303
花酔遊戯 後半戦,ウィッチ,4,,d,2232
花酔遊戯 後半戦,ウィッチ,5,,シゴレ,2215
花酔遊戯 後半戦,ウィッチ,5,,シレン(ツナ),2215
花酔遊戯 後半戦,ウィッチ,7,,surpass,2214
花酔遊戯 後半戦,ウィッチ,8,,z,2213
花酔遊戯 後半戦,ウィッチ,9,CR,空白,2209
花酔遊戯 後半戦,ウィッチ,10,,Xiaomeiker,2208
花酔遊戯 後半戦,ウィッチ,11,,星月めぐる,2206
花酔遊戯 後半戦,ウィッチ,12,,fluphy,2162
花酔遊戯 後半戦,ウィッチ,13,,もろずみ,2159
花酔遊戯 後半戦,ウィッチ,14,,Figole,2158
花酔遊戯 後半戦,ウィッチ,15,,META,2154
花酔遊戯 後半戦,ウィッチ,16,,SAGA,2151
花酔遊戯 後半戦,ウィッチ,17,ZETA,TBT,2145
花酔遊戯 後半戦,ウィッチ,18,,どかーん,2140
花酔遊戯 後半戦,ウィッチ,19,,375,2134
花酔遊戯 後半戦,ウィッチ,20,,ますきっぱ,2128
花酔遊戯 後半戦,ウィッチ,20,,zaga,2128
花酔遊戯 後半戦,ウィッチ,22,,アボ,2127
花酔遊戯 後半戦,ウィッチ,23,,アローラキュウコン,2126
花酔遊戯 後半戦,ウィッチ,23,,Vqlknis,2126
花酔遊戯 後半戦,ウィッチ,23,,Sa,2126
花酔遊戯 後半戦,ウィッチ,26,,桜羽エマ,2124
花酔遊戯 後半戦,ウィッチ,27,,小鳥遊,2123
花酔遊戯 後半戦,ウィッチ,28,VL,monakawan,2120
花酔遊戯 後半戦,ウィッチ,28,,ぱて,2120
花酔遊戯 後半戦,ウィッチ,28,,IRIS,2120
花酔遊戯 後半戦,ウィッチ,31,,コオリッポ,2119
花酔遊戯 後半戦,ウィッチ,31,,オチ/SVG,2119
花酔遊戯 後半戦,ウィッチ,31,,とぼら,2119
花酔遊戯 後半戦,ウィッチ,31,,ゴッケン,2119
花酔遊戯 後半戦,ウィッチ,31,,ど,2119
花酔遊戯 後半戦,ウィッチ,36,,墓穴の指名者,2118
花酔遊戯 後半戦,ウィッチ,36,,007,2118
花酔遊戯 後半戦,ウィッチ,36,,明太子,2118
花酔遊戯 後半戦,ウィッチ,36,,く。そデきレー酢,2118
花酔遊戯 後半戦,ウィッチ,40,,わすれんな,2117
花酔遊戯 後半戦,ウィッチ,41,,たけもとまゆり,2116
花酔遊戯 後半戦,ウィッチ,42,,るすちゃー。,2115
花酔遊戯 後半戦,ウィッチ,43,,おっきー,2114
花酔遊戯 後半戦,ウィッチ,43,,T,2114
花酔遊戯 後半戦,ウィッチ,43,ΣDesire,斑鳩ルカ,2114
花酔遊戯 後半戦,ウィッチ,46,,Amano,2113
花酔遊戯 後半戦,ウィッチ,46,,d*,2113
花酔遊戯 後半戦,ウィッチ,48,,ポポポ,2112
花酔遊戯 後半戦,ウィッチ,48,,ヨッシー,2112
花酔遊戯 後半戦,ウィッチ,48,,nattya,2112
花酔遊戯 後半戦,ウィッチ,48,,ババルウ,2112
花酔遊戯 後半戦,ウィッチ,48,,青龍偃月刀,2112
花酔遊戯 後半戦,ウィッチ,53,VL,Terarina,2111
花酔遊戯 後半戦,ウィッチ,53,,とむら,2111
花酔遊戯 後半戦,ウィッチ,53,,AS04,2111
花酔遊戯 後半戦,ウィッチ,53,,GEB,2111
花酔遊戯 後半戦,ウィッチ,53,,Excerion,2111
花酔遊戯 後半戦,ウィッチ,53,,MEDCHEN,2111
花酔遊戯 後半戦,ウィッチ,59,CR,ふぇぐ,2110
花酔遊戯 後半戦,ウィッチ,59,,海,2110
花酔遊戯 後半戦,ウィッチ,59,,ponkan32,2110
花酔遊戯 後半戦,ウィッチ,59,,れくろ,2110
花酔遊戯 後半戦,ウィッチ,59,,nyqn,2110
花酔遊戯 後半戦,ウィッチ,59,,犯人A,2110
花酔遊戯 後半戦,ウィッチ,65,ZETA,ヘイム,2109
花酔遊戯 後半戦,ウィッチ,65,,Mty,2109
花酔遊戯 後半戦,ウィッチ,65,,な,2109
花酔遊戯 後半戦,ウィッチ,65,,Angelize,2109
花酔遊戯 後半戦,ウィッチ,65,,むめも,2109
花酔遊戯 後半戦,ウィッチ,65,,ぐっさん,2109
花酔遊戯 後半戦,ウィッチ,65,,りゃず,2109
花酔遊戯 後半戦,ウィッチ,65,,はだにゃ,2109
花酔遊戯 後半戦,ウィッチ,73,,虚無ちん,2108
花酔遊戯 後半戦,ウィッチ,73,,トマト,2108
花酔遊戯 後半戦,ウィッチ,73,,まるもり,2108
花酔遊戯 後半戦,ウィッチ,73,,あっとね,2108
花酔遊戯 後半戦,ウィッチ,73,,真夜中マーメイド,2108
花酔遊戯 後半戦,ウィッチ,73,,Whistledown,2108
花酔遊戯 後半戦,ウィッチ,73,,れうり,2108
花酔遊戯 後半戦,ウィッチ,73,,k1ng,2108
花酔遊戯 後半戦,ウィッチ,73,,のとり,2108
花酔遊戯 後半戦,ウィッチ,73,,つむじ,2108
花酔遊戯 後半戦,ウィッチ,73,,星の智慧派:千身ナイ,2108
花酔遊戯 後半戦,ウィッチ,84,,潜在表明,2107
花酔遊戯 後半戦,ウィッチ,84,,だっく,2107
花酔遊戯 後半戦,ウィッチ,84,,ankin,2107
花酔遊戯 後半戦,ウィッチ,87,RID,Chappy_ttv,2106
花酔遊戯 後半戦,ウィッチ,87,,かみたいksk,2106
花酔遊戯 後半戦,ウィッチ,89,,Liaresu,2105
花酔遊戯 後半戦,ウィッチ,89,,ゆぴどん,2105
花酔遊戯 後半戦,ウィッチ,89,,ばっふぁろん,2105
花酔遊戯 後半戦,ウィッチ,92,,漆黒,2104
花酔遊戯 後半戦,ウィッチ,92,,初心者のM,2104
花酔遊戯 後半戦,ウィッチ,94,,secca,2103
花酔遊戯 後半戦,ウィッチ,94,,ゆき,2103
花酔遊戯 後半戦,ウィッチ,94,,7スター,2103
花酔遊戯 後半戦,ウィッチ,94,,hp,2103
花酔遊戯 後半戦,ウィッチ,94,,ぐら,2103
花酔遊戯 後半戦,ウィッチ,99,,りくお,2102
花酔遊戯 後半戦,ウィッチ,100,,なつ,2101
花酔遊戯 後半戦,ウィッチ,100,,わやなか,2101
花酔遊戯 後半戦,ウィッチ,100,,ちゃんかわ,2101
花酔遊戯 後半戦,ドラゴン,1,,絶対服従魔人,2373
花酔遊戯 後半戦,ドラゴン,2,,きらり,2321
花酔遊戯 後半戦,ドラゴン,3,,Leo,2265
花酔遊戯 後半戦,ドラゴン,4,,鬼火スイクン,2257
花酔遊戯 後半戦,ドラゴン,5,,ぎょろ,2254
花酔遊戯 後半戦,ドラゴン,6,,味噌日,2251
花酔遊戯 後半戦,ドラゴン,7,,葛城リーリヤ,2240
花酔遊戯 後半戦,ドラゴン,8,,枝豆,2237
花酔遊戯 後半戦,ドラゴン,9,,まとい,2236
花酔遊戯 後半戦,ドラゴン,10,,あさぴー,2222
花酔遊戯 後半戦,ドラゴン,11,DFM,ユーリ,2220
花酔遊戯 後半戦,ドラゴン,12,,柏餅ゆっくり,2216
花酔遊戯 後半戦,ドラゴン,13,,あい,2211
花酔遊戯 後半戦,ドラゴン,13,,ゴリラ,2211
花酔遊戯 後半戦,ドラゴン,15,,只会猪大排,2209
花酔遊戯 後半戦,ドラゴン,16,,kareha,2206
花酔遊戯 後半戦,ドラゴン,17,,しし氏,2205
花酔遊戯 後半戦,ドラゴン,17,,のたね,2205
花酔遊戯 後半戦,ドラゴン,19,,100パック欲しい,2204
花酔遊戯 後半戦,ドラゴン,20,,ゆぴどん,2203
花酔遊戯 後半戦,ドラゴン,20,,shu,2203
花酔遊戯 後半戦,ドラゴン,22,CR,Atom,2201
花酔遊戯 後半戦,ドラゴン,22,,ららら,2201
花酔遊戯 後半戦,ドラゴン,22,,鳥刺し,2201
花酔遊戯 後半戦,ドラゴン,25,,ジョルノ・ジョバァーナ,2194
花酔遊戯 後半戦,ドラゴン,26,,スタンバイツーアンカー,2192
花酔遊戯 後半戦,ドラゴン,27,,ヌケニン,2180
花酔遊戯 後半戦,ドラゴン,28,ZETA,CQCQ,2178
花酔遊戯 後半戦,ドラゴン,28,,kuritamago,2178
花酔遊戯 後半戦,ドラゴン,30,,オチ/SVG,2176
花酔遊戯 後半戦,ドラゴン,30,,爆弾魔 タイガマイト,2176
花酔遊戯 後半戦,ドラゴン,32,,松本,2175
花酔遊戯 後半戦,ドラゴン,33,,Amnesia.,2174
花酔遊戯 後半戦,ドラゴン,33,,AQUA,2174
花酔遊戯 後半戦,ドラゴン,35,VL,Terarina,2173
花酔遊戯 後半戦,ドラゴン,35,,桜羽エマ,2173
花酔遊戯 後半戦,ドラゴン,37,,せんぷうき,2172
花酔遊戯 後半戦,ドラゴン,37,,ぽん,2172
花酔遊戯 後半戦,ドラゴン,39,,ステルスモモ,2171
花酔遊戯 後半戦,ドラゴン,40,,くわの,2170
花酔遊戯 後半戦,ドラゴン,40,,モチモチsasa身,2170
花酔遊戯 後半戦,ドラゴン,40,,あるぱか,2170
花酔遊戯 後半戦,ドラゴン,43,,むにむに,2169
花酔遊戯 後半戦,ドラゴン,43,,終日,2169
花酔遊戯 後半戦,ドラゴン,43,,不知火,2169
花酔遊戯 後半戦,ドラゴン,43,,チャック,2169
花酔遊戯 後半戦,ドラゴン,43,,バレーボールは高さの球技,2169
花酔遊戯 後半戦,ドラゴン,48,,へい民,2168
花酔遊戯 後半戦,ドラゴン,48,,テール,2168
花酔遊戯 後半戦,ドラゴン,48,,たみにゃす,2168
花酔遊戯 後半戦,ドラゴン,51,CR,ふぇぐ,2167
花酔遊戯 後半戦,ドラゴン,51,,にゃん,2167
花酔遊戯 後半戦,ドラゴン,51,,フィー,2167
花酔遊戯 後半戦,ドラゴン,54,CR,空白,2166
花酔遊戯 後半戦,ドラゴン,54,,安堂,2166
花酔遊戯 後半戦,ドラゴン,54,,Eve.,2166
花酔遊戯 後半戦,ドラゴン,54,,バームクーヘン,2166
花酔遊戯 後半戦,ドラゴン,54,,あのん,2166
花酔遊戯 後半戦,ドラゴン,54,,トマト,2166
花酔遊戯 後半戦,ドラゴン,54,,霧,2166
花酔遊戯 後半戦,ドラゴン,54,,松屋おじさん,2166
花酔遊戯 後半戦,ドラゴン,62,VL,まっつ,2165
花酔遊戯 後半戦,ドラゴン,62,,とみ,2165
花酔遊戯 後半戦,ドラゴン,64,,MURA,2164
花酔遊戯 後半戦,ドラゴン,64,,弱い自分は現実逃避,2164
花酔遊戯 後半戦,ドラゴン,64,,こじまん,2164
花酔遊戯 後半戦,ドラゴン,64,,積立兄さん,2164
花酔遊戯 後半戦,ドラゴン,64,,Kid,2164
花酔遊戯 後半戦,ドラゴン,64,,player,2164
花酔遊戯 後半戦,ドラゴン,64,,チャチャ,2164
花酔遊戯 後半戦,ドラゴン,71,,タニーポ,2163
花酔遊戯 後半戦,ドラゴン,71,,PLAYER,2163
花酔遊戯 後半戦,ドラゴン,71,,うたうラッキー,2163
花酔遊戯 後半戦,ドラゴン,71,,みお,2163
花酔遊戯 後半戦,ドラゴン,75,VL,monakawan,2162
花酔遊戯 後半戦,ドラゴン,75,,しうちゃむ~,2162
花酔遊戯 後半戦,ドラゴン,75,,tomy,2162
花酔遊戯 後半戦,ドラゴン,75,,honeycandy,2162
花酔遊戯 後半戦,ドラゴン,79,LVH,Hirobosu,2161
花酔遊戯 後半戦,ドラゴン,79,,sota,2161
花酔遊戯 後半戦,ドラゴン,79,,のよ,2161
花酔遊戯 後半戦,ドラゴン,79,,REN,2161
花酔遊戯 後半戦,ドラゴン,83,,KLM,2160
花酔遊戯 後半戦,ドラゴン,83,,パンドラ,2160
花酔遊戯 後半戦,ドラゴン,83,,シェナ様さいこう!,2160
花酔遊戯 後半戦,ドラゴン,83,,潜在表明,2160
花酔遊戯 後半戦,ドラゴン,83,,ぽんあみ,2160
花酔遊戯 後半戦,ドラゴン,83,,もっち,2160
花酔遊戯 後半戦,ドラゴン,89,,げんせつ,2159
花酔遊戯 後半戦,ドラゴン,90,,よんとう,2158
花酔遊戯 後半戦,ドラゴン,90,,ラムネ,2158
花酔遊戯 後半戦,ドラゴン,90,,しょしんしゃ,2158
花酔遊戯 後半戦,ドラゴン,93,RID,Chappy_ttv,2157
花酔遊戯 後半戦,ドラゴン,93,,Tanishi,2157
花酔遊戯 後半戦,ドラゴン,93,,tbk,2157
花酔遊戯 後半戦,ドラゴン,93,,Azure,2157
花酔遊戯 後半戦,ドラゴン,93,,フィズ,2157
花酔遊戯 後半戦,ドラゴン,98,,tutu,2156
花酔遊戯 後半戦,ドラゴン,98,,超ロングセラー椅子,2156
花酔遊戯 後半戦,ドラゴン,100,,うまごん,2154
花酔遊戯 後半戦,ナイトメア,1,,ぬめくり,2235
花酔遊戯 後半戦,ナイトメア,2,,秒殺の皇帝,2206
花酔遊戯 後半戦,ナイトメア,3,,ばっどぶやまる,2161
花酔遊戯 後半戦,ナイトメア,4,,しふぉ,2160
花酔遊戯 後半戦,ナイトメア,5,合宿組,kt,2133
花酔遊戯 後半戦,ナイトメア,6,,probablyDone,2126
花酔遊戯 後半戦,ナイトメア,7,,Nico,2119
花酔遊戯 後半戦,ナイトメア,8,,camellia,2114
花酔遊戯 後半戦,ナイトメア,9,,みみみ,2113
花酔遊戯 後半戦,ナイトメア,9,,ringa,2113
花酔遊戯 後半戦,ナイトメア,11,CR,空白,2106
花酔遊戯 後半戦,ナイトメア,12,,モンジロウ,2105
花酔遊戯 後半戦,ナイトメア,13,,紫雲清夏,2104
花酔遊戯 後半戦,ナイトメア,14,,ヒロ,2100
花酔遊戯 後半戦,ナイトメア,15,,雷電,2077
花酔遊戯 後半戦,ナイトメア,16,,Try it now,2075
花酔遊戯 後半戦,ナイトメア,17,,おばけさま,2065
花酔遊戯 後半戦,ナイトメア,18,,a (1),2059
花酔遊戯 後半戦,ナイトメア,19,,赤坂,2058
花酔遊戯 後半戦,ナイトメア,20,,じゃすん@Vちゅーばー,2057
花酔遊戯 後半戦,ナイトメア,20,,渦巻今までありがとう,2057
花酔遊戯 後半戦,ナイトメア,22,,天戯弥勒,2055
花酔遊戯 後半戦,ナイトメア,23,,いろは,2054
花酔遊戯 後半戦,ナイトメア,24,,のだりー,2051
花酔遊戯 後半戦,ナイトメア,25,,ni,2045
花酔遊戯 後半戦,ナイトメア,25,,そららんのす,2045
花酔遊戯 後半戦,ナイトメア,27,,虚しいです,2044
花酔遊戯 後半戦,ナイトメア,28,,泥沼の夜架,2041
花酔遊戯 後半戦,ナイトメア,29,,レプリカ,2040
花酔遊戯 後半戦,ナイトメア,30,,一般通過ウォーブレ村民,2039
花酔遊戯 後半戦,ナイトメア,31,,ta,2035
花酔遊戯 後半戦,ナイトメア,32,,yoiseba,2034
花酔遊戯 後半戦,ナイトメア,33,,tas,2028
花酔遊戯 後半戦,ナイトメア,34,,あかしぐれ,2024
花酔遊戯 後半戦,ナイトメア,35,,たこすけ,2022
花酔遊戯 後半戦,ナイトメア,36,,さみだれ!,2021
花酔遊戯 後半戦,ナイトメア,37,,Ar,2020
花酔遊戯 後半戦,ナイトメア,38,,断頭の斬姫・アウラマツ,2018
花酔遊戯 後半戦,ナイトメア,38,,ヱリンギに夢中,2018
花酔遊戯 後半戦,ナイトメア,40,,ちょこみんと,2017
花酔遊戯 後半戦,ナイトメア,41,,Pamela@エムリッ党,2016
花酔遊戯 後半戦,ナイトメア,42,,SoulofCinder,2015
花酔遊戯 後半戦,ナイトメア,43,,secca,2014
花酔遊戯 後半戦,ナイトメア,43,,Mikahoko,2014
花酔遊戯 後半戦,ナイトメア,43,,変ぬこ,2014
花酔遊戯 後半戦,ナイトメア,46,,いさどら,2013
花酔遊戯 後半戦,ナイトメア,47,,ソーダ,2012
花酔遊戯 後半戦,ナイトメア,48,,お茶,2011
花酔遊戯 後半戦,ナイトメア,48,,デンデンヨ,2011
花酔遊戯 後半戦,ナイトメア,48,,マンマル,2011
花酔遊戯 後半戦,ナイトメア,48,,てりやきバーガー,2011
花酔遊戯 後半戦,ナイトメア,52,,まふらー,2010
花酔遊戯 後半戦,ナイトメア,53,VL,Terarina,2009
花酔遊戯 後半戦,ナイトメア,53,,otaku,2009
花酔遊戯 後半戦,ナイトメア,53,,とび,2009
花酔遊戯 後半戦,ナイトメア,56,,しょしんしゃ,2007
花酔遊戯 後半戦,ナイトメア,56,,わたなベーこん,2007
花酔遊戯 後半戦,ナイトメア,56,,マシュマロ,2007
花酔遊戯 後半戦,ナイトメア,59,,なみちゃんズ最強,2006
花酔遊戯 後半戦,ナイトメア,60,,Whistledown,2005
花酔遊戯 後半戦,ナイトメア,60,,とりぷた,2005
花酔遊戯 後半戦,ナイトメア,62,,くえ,2004
花酔遊戯 後半戦,ナイトメア,62,,AS04,2004
花酔遊戯 後半戦,ナイトメア,62,,とりぷれ,2004
花酔遊戯 後半戦,ナイトメア,65,,ミュラー,2003
花酔遊戯 後半戦,ナイトメア,65,,ヒソカ,2003
花酔遊戯 後半戦,ナイトメア,67,,Tanishi,2002
花酔遊戯 後半戦,ナイトメア,67,,Mty,2002
花酔遊戯 後半戦,ナイトメア,67,,あさぴー,2002
花酔遊戯 後半戦,ナイトメア,67,,とみ,2002
花酔遊戯 後半戦,ナイトメア,67,,ジリアックスDX3000,2002
花酔遊戯 後半戦,ナイトメア,67,,なす,2002
花酔遊戯 後半戦,ナイトメア,67,,ふぉるひ,2002
花酔遊戯 後半戦,ナイトメア,67,,ken22,2002
花酔遊戯 後半戦,ナイトメア,75,LVH,Era53,2001
花酔遊戯 後半戦,ナイトメア,76,,Mizo.,2000
花酔遊戯 後半戦,ナイトメア,77,,よんとう,1999
花酔遊戯 後半戦,ナイトメア,78,,萩,1998
花酔遊戯 後半戦,ナイトメア,78,,ネメ使って低レート!?,1998
花酔遊戯 後半戦,ナイトメア,78,,Marten,1998
花酔遊戯 後半戦,ナイトメア,81,,hayata*,1997
花酔遊戯 後半戦,ナイトメア,81,,kamatti,1997
花酔遊戯 後半戦,ナイトメア,81,,2U,1997
花酔遊戯 後半戦,ナイトメア,84,,Azpi,1996
花酔遊戯 後半戦,ナイトメア,85,,ルラ,1995
花酔遊戯 後半戦,ナイトメア,85,,Sa,1995
花酔遊戯 後半戦,ナイトメア,85,,水地火月,1995
花酔遊戯 後半戦,ナイトメア,88,,シュガァ,1994
花酔遊戯 後半戦,ナイトメア,89,,にか,1993
花酔遊戯 後半戦,ナイトメア,89,,roy,1993
花酔遊戯 後半戦,ナイトメア,91,CR,Atom,1991
花酔遊戯 後半戦,ナイトメア,91,,soramin,1991
花酔遊戯 後半戦,ナイトメア,91,,青天国春,1991
花酔遊戯 後半戦,ナイトメア,91,,三条 燈色,1991
花酔遊戯 後半戦,ナイトメア,91,,シャドバの王,1991
花酔遊戯 後半戦,ナイトメア,91,,YOCCHI,1991
花酔遊戯 後半戦,ナイトメア,97,,ラトス,1987
花酔遊戯 後半戦,ナイトメア,97,,3,1987
花酔遊戯 後半戦,ナイトメア,99,,loria,1984
花酔遊戯 後半戦,ナイトメア,99,,ごま油,1984
花酔遊戯 後半戦,ナイトメア,99,,さっちん,1984
花酔遊戯 後半戦,ビショップ,1,,あぶらみ,2305
花酔遊戯 後半戦,ビショップ,2,,ウマブリ帝ウマブリオン,2289
花酔遊戯 後半戦,ビショップ,3,,ますきっぱ,2279
花酔遊戯 後半戦,ビショップ,4,,りぃふ,2234
花酔遊戯 後半戦,ビショップ,5,MRG,Toby,2217
花酔遊戯 後半戦,ビショップ,6,,まっすー,2205
花酔遊戯 後半戦,ビショップ,7,,淡水,2176
花酔遊戯 後半戦,ビショップ,8,ivi,かぼさん,2171
花酔遊戯 後半戦,ビショップ,9,CR,空白,2167
花酔遊戯 後半戦,ビショップ,10,,tomoya,2155
花酔遊戯 後半戦,ビショップ,11,,のい,2154
花酔遊戯 後半戦,ビショップ,12,,S:Pオモシロクナイト,2144
花酔遊戯 後半戦,ビショップ,13,,ビショップ魂,2126
花酔遊戯 後半戦,ビショップ,14,,ねりな,2122
花酔遊戯 後半戦,ビショップ,15,,Leo,2119
花酔遊戯 後半戦,ビショップ,16,,かしのき,2111
花酔遊戯 後半戦,ビショップ,16,,れくろ,2111
花酔遊戯 後半戦,ビショップ,18,,シゴレ,2109
花酔遊戯 後半戦,ビショップ,19,,しょしんしゃ,2107
花酔遊戯 後半戦,ビショップ,20,,かぶと,2104
花酔遊戯 後半戦,ビショップ,20,,デスチワワ,2104
花酔遊戯 後半戦,ビショップ,22,ZETA,ヘイム,2102
花酔遊戯 後半戦,ビショップ,23,,엔디,2099
花酔遊戯 後半戦,ビショップ,24,,OREO,2092
花酔遊戯 後半戦,ビショップ,25,,ののの,2085
花酔遊戯 後半戦,ビショップ,26,RC,ぱらちゃん,2084
花酔遊戯 後半戦,ビショップ,26,,超ロングセラー椅子,2084
花酔遊戯 後半戦,ビショップ,28,,たいすら,2083
花酔遊戯 後半戦,ビショップ,29,,漆黒,2082
花酔遊戯 後半戦,ビショップ,30,,いも,2081
花酔遊戯 後半戦,ビショップ,31,,ころ,2077
花酔遊戯 後半戦,ビショップ,32,,もぐちゅー,2076
花酔遊戯 後半戦,ビショップ,32,,novaten,2076
花酔遊戯 後半戦,ビショップ,32,,琥珀,2076
花酔遊戯 後半戦,ビショップ,32,,アツアツ,2076
花酔遊戯 後半戦,ビショップ,36,,e.,2074
花酔遊戯 後半戦,ビショップ,36,,しいたけ,2074
花酔遊戯 後半戦,ビショップ,36,,ドヌー,2074
花酔遊戯 後半戦,ビショップ,39,,AlmostCarry,2073
花酔遊戯 後半戦,ビショップ,40,,GodRelD,2072
花酔遊戯 後半戦,ビショップ,40,,かおもじ,2072
花酔遊戯 後半戦,ビショップ,42,,くわの,2071
花酔遊戯 後半戦,ビショップ,42,,rntev,2071
花酔遊戯 後半戦,ビショップ,42,,银,2071
花酔遊戯 後半戦,ビショップ,45,,たけし,2070
花酔遊戯 後半戦,ビショップ,45,,茶黒,2070
花酔遊戯 後半戦,ビショップ,47,RID,Chappy_ttv,2069
花酔遊戯 後半戦,ビショップ,47,,キラキラハヤト,2069
花酔遊戯 後半戦,ビショップ,47,,ティラノザウルス,2069
花酔遊戯 後半戦,ビショップ,47,,かんですの,2069
花酔遊戯 後半戦,ビショップ,47,,ラーメンマン,2069
花酔遊戯 後半戦,ビショップ,47,,とりぴよ,2069
花酔遊戯 後半戦,ビショップ,47,,ららノ,2069
花酔遊戯 後半戦,ビショップ,54,,金子大紀,2068
花酔遊戯 後半戦,ビショップ,54,,4ever,2068
花酔遊戯 後半戦,ビショップ,54,,花,2068
花酔遊戯 後半戦,ビショップ,57,ZETA,TBT,2067
花酔遊戯 後半戦,ビショップ,57,BFF,Esuna,2067
花酔遊戯 後半戦,ビショップ,57,,a,2067
花酔遊戯 後半戦,ビショップ,57,,Daimaru,2067
花酔遊戯 後半戦,ビショップ,57,,you仮,2067
花酔遊戯 後半戦,ビショップ,62,VL,Terarina,2066
花酔遊戯 後半戦,ビショップ,62,,そらまめ,2066
花酔遊戯 後半戦,ビショップ,62,,username,2066
花酔遊戯 後半戦,ビショップ,62,,きお,2066
花酔遊戯 後半戦,ビショップ,66,,r,2065
花酔遊戯 後半戦,ビショップ,67,,るらら,2063
花酔遊戯 後半戦,ビショップ,67,,じ,2063
花酔遊戯 後半戦,ビショップ,69,CR,Atom,2062
花酔遊戯 後半戦,ビショップ,69,,ぷっちょ,2062
花酔遊戯 後半戦,ビショップ,69,,つみきの民承,2062
花酔遊戯 後半戦,ビショップ,72,,Azpi,2061
花酔遊戯 後半戦,ビショップ,72,,ミルクロちゃん,2061
花酔遊戯 後半戦,ビショップ,72,,レモネーゼ,2061
花酔遊戯 後半戦,ビショップ,72,,ぴゅあ,2061
花酔遊戯 後半戦,ビショップ,72,,らうるす,2061
花酔遊戯 後半戦,ビショップ,72,,ポッキー,2061
花酔遊戯 後半戦,ビショップ,72,,シャイン,2061
花酔遊戯 後半戦,ビショップ,79,,hayata*,2060
花酔遊戯 後半戦,ビショップ,79,,人間のゴミ,2060
花酔遊戯 後半戦,ビショップ,81,,とみ,2059
花酔遊戯 後半戦,ビショップ,81,,チヨ,2059
花酔遊戯 後半戦,ビショップ,81,,芒果大帝,2059
花酔遊戯 後半戦,ビショップ,81,,ラフるりー,2059
花酔遊戯 後半戦,ビショップ,81,,信仰アミュビショ,2059
花酔遊戯 後半戦,ビショップ,86,VL,monakawan,2058
花酔遊戯 後半戦,ビショップ,86,,くえ,2058
花酔遊戯 後半戦,ビショップ,86,,せっか,2058
花酔遊戯 後半戦,ビショップ,86,,真小峰,2058
花酔遊戯 後半戦,ビショップ,90,,かき,2057
花酔遊戯 後半戦,ビショップ,90,,ありか,2057
花酔遊戯 後半戦,ビショップ,90,,ざらぽん,2057
花酔遊戯 後半戦,ビショップ,93,VL,まっつ,2056
花酔遊戯 後半戦,ビショップ,93,,うば,2056
花酔遊戯 後半戦,ビショップ,95,,わがし,2055
花酔遊戯 後半戦,ビショップ,95,,masu,2055
花酔遊戯 後半戦,ビショップ,97,,たぴおか,2054
花酔遊戯 後半戦,ビショップ,97,,カフェラテ,2054
花酔遊戯 後半戦,ビショップ,97,,ちゃぴたろう,2054
花酔遊戯 後半戦,ビショップ,100,LVH,Hirobosu,2053
花酔遊戯 後半戦,ビショップ,100,,†漆黒の剣聖†,2053
花酔遊戯 後半戦,ビショップ,100,,ひーーー,2053
花酔遊戯 後半戦,ネメシス,1,RID,山田レクイエム,2347
花酔遊戯 後半戦,ネメシス,1,,MURA,2347
花酔遊戯 後半戦,ネメシス,3,CR,Winter,2264
花酔遊戯 後半戦,ネメシス,4,,金木犀の剣,2240
花酔遊戯 後半戦,ネメシス,5,,you,2239
花酔遊戯 後半戦,ネメシス,6,,スタディー将棋,2234
花酔遊戯 後半戦,ネメシス,7,,F,2230
花酔遊戯 後半戦,ネメシス,8,CR,空白,2223
花酔遊戯 後半戦,ネメシス,9,,そう,2221
花酔遊戯 後半戦,ネメシス,10,,しみきょー,2216
花酔遊戯 後半戦,ネメシス,11,DFM,ミル,2214
花酔遊戯 後半戦,ネメシス,12,iDeal,我袖,2212
花酔遊戯 後半戦,ネメシス,13,,ティラノザウルス,2210
花酔遊戯 後半戦,ネメシス,14,,meg72,2209
花酔遊戯 後半戦,ネメシス,14,,くさおに,2209
花酔遊戯 後半戦,ネメシス,16,,とげ,2207
花酔遊戯 後半戦,ネメシス,16,,かさ,2207
花酔遊戯 後半戦,ネメシス,18,,Avanzare弁天,2206
花酔遊戯 後半戦,ネメシス,19,合宿組,Re=L,2203
花酔遊戯 後半戦,ネメシス,19,,100パック欲しい,2203
花酔遊戯 後半戦,ネメシス,21,,sea,2201
花酔遊戯 後半戦,ネメシス,21,,杉,2201
花酔遊戯 後半戦,ネメシス,21,,ゆひゆひ,2201
花酔遊戯 後半戦,ネメシス,24,,kq,2185
花酔遊戯 後半戦,ネメシス,25,,Mty,2184
花酔遊戯 後半戦,ネメシス,26,,りょうきんぐ,2182
花酔遊戯 後半戦,ネメシス,27,,umt,2180
花酔遊戯 後半戦,ネメシス,27,,かしのき,2180
花酔遊戯 後半戦,ネメシス,29,,ボランス,2178
花酔遊戯 後半戦,ネメシス,30,,ムラビト,2177
花酔遊戯 後半戦,ネメシス,31,VL,Terarina,2176
花酔遊戯 後半戦,ネメシス,32,,N,2175
花酔遊戯 後半戦,ネメシス,33,,たやまる,2174
花酔遊戯 後半戦,ネメシス,33,,へっへー,2174
花酔遊戯 後半戦,ネメシス,35,,kamui914,2173
花酔遊戯 後半戦,ネメシス,35,,クリスタ,2173
花酔遊戯 後半戦,ネメシス,35,,暗黒神ユウタ,2173
花酔遊戯 後半戦,ネメシス,38,LVH,rikka,2172
花酔遊戯 後半戦,ネメシス,38,VL,monakawan,2172
花酔遊戯 後半戦,ネメシス,38,,キラキラハヤト,2172
花酔遊戯 後半戦,ネメシス,38,,sota,2172
花酔遊戯 後半戦,ネメシス,38,,せな,2172
花酔遊戯 後半戦,ネメシス,38,,な,2172
花酔遊戯 後半戦,ネメシス,44,,酢飯握り,2171
花酔遊戯 後半戦,ネメシス,44,,パンドラ,2171
花酔遊戯 後半戦,ネメシス,44,,reizen,2171
花酔遊戯 後半戦,ネメシス,44,,きて,2171
花酔遊戯 後半戦,ネメシス,44,,なー,2171
花酔遊戯 後半戦,ネメシス,44,,ぜ,2171
花酔遊戯 後半戦,ネメシス,44,,Rai,2171
花酔遊戯 後半戦,ネメシス,51,MRG,glory,2170
花酔遊戯 後半戦,ネメシス,51,,ま。,2170
花酔遊戯 後半戦,ネメシス,51,,Zephyr,2170
花酔遊戯 後半戦,ネメシス,51,,かめくん,2170
花酔遊戯 後半戦,ネメシス,51,,ででぽる,2170
花酔遊戯 後半戦,ネメシス,56,,上振れ,2169
花酔遊戯 後半戦,ネメシス,56,,mimumimu,2169
花酔遊戯 後半戦,ネメシス,56,すだれ,L.L,2169
花酔遊戯 後半戦,ネメシス,59,,e.,2168
花酔遊戯 後半戦,ネメシス,59,あいむ,UFV,2168
花酔遊戯 後半戦,ネメシス,59,,がんばえぷいきゅあー,2168
花酔遊戯 後半戦,ネメシス,59,,Reia,2168
花酔遊戯 後半戦,ネメシス,59,,GEB,2168
花酔遊戯 後半戦,ネメシス,59,,sumi,2168
花酔遊戯 後半戦,ネメシス,59,,bullet,2168
花酔遊戯 後半戦,ネメシス,66,,サッキー,2167
花酔遊戯 後半戦,ネメシス,66,,らみ,2167
花酔遊戯 後半戦,ネメシス,66,,淡水,2167
花酔遊戯 後半戦,ネメシス,66,,クロエ,2167
花酔遊戯 後半戦,ネメシス,70,,よんとう,2166
花酔遊戯 後半戦,ネメシス,70,,コオリッポ,2166
花酔遊戯 後半戦,ネメシス,70,,seiru,2166
花酔遊戯 後半戦,ネメシス,70,,ひとカゲ,2166
花酔遊戯 後半戦,ネメシス,70,,yrsr,2166
花酔遊戯 後半戦,ネメシス,75,,noku,2165
花酔遊戯 後半戦,ネメシス,75,,るらら,2165
花酔遊戯 後半戦,ネメシス,75,,芒果大帝,2165
花酔遊戯 後半戦,ネメシス,75,,わかめ,2165
花酔遊戯 後半戦,ネメシス,75,,こんぽた,2165
花酔遊戯 後半戦,ネメシス,75,,月代ユキ,2165
花酔遊戯 後半戦,ネメシス,81,,イル,2164
花酔遊戯 後半戦,ネメシス,81,,untani,2164
花酔遊戯 後半戦,ネメシス,81,,くげーる,2164
花酔遊戯 後半戦,ネメシス,81,,パンすみ,2164
花酔遊戯 後半戦,ネメシス,85,,Excerion,2163
花酔遊戯 後半戦,ネメシス,86,,識,2162
花酔遊戯 後半戦,ネメシス,86,,キノガッサ,2162
花酔遊戯 後半戦,ネメシス,86,,DarknessMare,2162
花酔遊戯 後半戦,ネメシス,86,,迂闊,2162
花酔遊戯 後半戦,ネメシス,86,,にゃんにゃん,2162
花酔遊戯 後半戦,ネメシス,86,,墓穴の指名者,2162
花酔遊戯 後半戦,ネメシス,86,,marss,2162
花酔遊戯 後半戦,ネメシス,86,,ヨ,2162
花酔遊戯 後半戦,ネメシス,86,,Choco,2162
花酔遊戯 後半戦,ネメシス,86,,合歓,2162
花酔遊戯 後半戦,ネメシス,86,,miku99,2162
花酔遊戯 後半戦,ネメシス,97,LVH,Hirobosu,2161
花酔遊戯 後半戦,ネメシス,97,,ろいろい,2161
花酔遊戯 後半戦,ネメシス,97,,月雪ミヤコ,2161
花酔遊戯 後半戦,ネメシス,97,,Romlilly,2161
花酔遊戯 後半戦,ネメシス,97,,casino,2161
花酔遊戯 前半戦,エルフ,1,LVH,rikka,2253
花酔遊戯 前半戦,エルフ,2,,わたあめ,2208
花酔遊戯 前半戦,エルフ,3,,熱血太郎,2205
花酔遊戯 前半戦,エルフ,4,,紅葉おろし,2149
花酔遊戯 前半戦,エルフ,5,,Donmel,2129
花酔遊戯 前半戦,エルフ,6,,raikou24,2124
花酔遊戯 前半戦,エルフ,7,,おちゃ,2122
花酔遊戯 前半戦,エルフ,8,,roron,2113
花酔遊戯 前半戦,エルフ,9,,surpass,2108
花酔遊戯 前半戦,エルフ,10,,兎月しるく,2105
花酔遊戯 前半戦,エルフ,10,,町田ちま,2105
花酔遊戯 前半戦,エルフ,10,,3104,2105
花酔遊戯 前半戦,エルフ,13,,Sapphire,2104
花酔遊戯 前半戦,エルフ,14,,みな,2098
花酔遊戯 前半戦,エルフ,15,,Riria,2096
花酔遊戯 前半戦,エルフ,15,,通天蟲,2096
花酔遊戯 前半戦,エルフ,17,,はくう/L.L,2075
花酔遊戯 前半戦,エルフ,18,,PiPluP,2066
花酔遊戯 前半戦,エルフ,18,,デカリボン先輩,2066
花酔遊戯 前半戦,エルフ,20,,エヴァ,2034
花酔遊戯 前半戦,エルフ,21,CR,Atom,2031
花酔遊戯 前半戦,エルフ,22,,桜羽エマ,2021
花酔遊戯 前半戦,エルフ,23,,あるみ,2019
花酔遊戯 前半戦,エルフ,24,,hazy,2018
花酔遊戯 前半戦,エルフ,25,,モグイナ@youtube,2015
花酔遊戯 前半戦,エルフ,26,,ぱて,2014
花酔遊戯 前半戦,エルフ,26,,Spectre,2014
花酔遊戯 前半戦,エルフ,28,RID,Chappy_ttv,2013
花酔遊戯 前半戦,エルフ,28,,Alan,2013
花酔遊戯 前半戦,エルフ,30,,ライト27,2012
花酔遊戯 前半戦,エルフ,31,,BEANS_,2011
花酔遊戯 前半戦,エルフ,32,,まつさん,2009
花酔遊戯 前半戦,エルフ,33,CR,ふえた,2008
花酔遊戯 前半戦,エルフ,33,,すけねこ,2008
花酔遊戯 前半戦,エルフ,35,,みょいまい,2007
花酔遊戯 前半戦,エルフ,36,,sissela,2005
花酔遊戯 前半戦,エルフ,37,,FS3232,2004
花酔遊戯 前半戦,エルフ,39,,とび,2003
花酔遊戯 前半戦,エルフ,40,,タユンスカポン,2001
花酔遊戯 前半戦,エルフ,41,,Moyu,1990
花酔遊戯 前半戦,エルフ,42,,三人,1988
花酔遊戯 前半戦,エルフ,43,,ステルスモモ,1975
花酔遊戯 前半戦,エルフ,44,,トパーズ,1973
花酔遊戯 前半戦,エルフ,45,,コバえもん,1970
花酔遊戯 前半戦,エルフ,46,合宿組,Re=L,1968
花酔遊戯 前半戦,エルフ,46,,カルル,1968
花酔遊戯 前半戦,エルフ,48,,Toppo,1965
花酔遊戯 前半戦,エルフ,49,,Yu2103,1964
花酔遊戯 前半戦,エルフ,50,,jpp,1963
花酔遊戯 前半戦,エルフ,50,,明太山,1963
花酔遊戯 前半戦,エルフ,50,,たい焼き,1963
花酔遊戯 前半戦,エルフ,53,,くえ,1962
花酔遊戯 前半戦,エルフ,53,,C,1962
花酔遊戯 前半戦,エルフ,55,VL,Terarina,1960
花酔遊戯 前半戦,エルフ,55,,あんこ,1960
花酔遊戯 前半戦,エルフ,55,,Ark,1960
花酔遊戯 前半戦,エルフ,58,,みやび,1958
花酔遊戯 前半戦,エルフ,58,,ちいかわかわちい,1958
花酔遊戯 前半戦,エルフ,60,,キノ,1957
花酔遊戯 前半戦,エルフ,61,RC,ぱらちゃん,1956
花酔遊戯 前半戦,エルフ,61,,れんちん,1956
花酔遊戯 前半戦,エルフ,61,,し,1956
花酔遊戯 前半戦,エルフ,64,,asano,1955
花酔遊戯 前半戦,エルフ,64,,えくれあ,1955
花酔遊戯 前半戦,エルフ,64,,ダヤン視聴者,1955
花酔遊戯 前半戦,エルフ,64,,SV_swim,1955
花酔遊戯 前半戦,エルフ,64,,むぎの,1955
花酔遊戯 前半戦,エルフ,64,,マリカワールドビヨンド,1955
花酔遊戯 前半戦,エルフ,64,,Linos,1955
花酔遊戯 前半戦,エルフ,71,,wwwaaa,1954
花酔遊戯 前半戦,エルフ,71,,メガいっつ,1954
花酔遊戯 前半戦,エルフ,71,,でね,1954
花酔遊戯 前半戦,エルフ,71,,セニオリス,1954
花酔遊戯 前半戦,エルフ,71,,月白瞳美,1954
花酔遊戯 前半戦,エルフ,76,,キラキラハヤト,1953
花酔遊戯 前半戦,エルフ,76,,あるくVS,1953
花酔遊戯 前半戦,エルフ,76,,めいりかいりあ,1953
花酔遊戯 前半戦,エルフ,76,,ながえーでるふぇると,1953
花酔遊戯 前半戦,エルフ,76,,やきとりタワー,1953
花酔遊戯 前半戦,エルフ,81,,はまみ,1952
花酔遊戯 前半戦,エルフ,81,,睡眠中,1952
花酔遊戯 前半戦,エルフ,81,,大門未知子,1952
花酔遊戯 前半戦,エルフ,81,,まだらま,1952
花酔遊戯 前半戦,エルフ,81,,yuno,1952
花酔遊戯 前半戦,エルフ,86,,シノ,1951
花酔遊戯 前半戦,エルフ,87,,zak,1950
花酔遊戯 前半戦,エルフ,87,,ぜろよん,1950
花酔遊戯 前半戦,エルフ,89,,ボランス,1949
花酔遊戯 前半戦,エルフ,90,MRG,glory,1948
花酔遊戯 前半戦,エルフ,90,DFM,かなで,1948
花酔遊戯 前半戦,エルフ,90,,りぃふ,1948
花酔遊戯 前半戦,エルフ,90,,妖内内,1948
花酔遊戯 前半戦,エルフ,90,,銀,1948
花酔遊戯 前半戦,エルフ,90,,まむーれん,1948
花酔遊戯 前半戦,エルフ,96,,ツヌノ,1946
花酔遊戯 前半戦,エルフ,96,,雷恩,1946
花酔遊戯 前半戦,エルフ,98,,サッキー,1945
花酔遊戯 前半戦,エルフ,98,,Azpi,1945
花酔遊戯 前半戦,エルフ,100,,さらいす,1942
花酔遊戯 前半戦,エルフ,100,,nemesion,1942
花酔遊戯 前半戦,エルフ,100,,イデアル,1942
花酔遊戯 前半戦,ビショップ,1,,もぐちゅー,2300
花酔遊戯 前半戦,ビショップ,2,,Lucete,2203
花酔遊戯 前半戦,ビショップ,3,,くわの,2198
花酔遊戯 前半戦,ビショップ,4,RID,さくさくぱんだ,2137
花酔遊戯 前半戦,ビショップ,5,CR,Atom,2117
花酔遊戯 前半戦,ビショップ,6,,かしのき,2112
花酔遊戯 前半戦,ビショップ,7,,高松燈,2109
花酔遊戯 前半戦,ビショップ,8,,へいこう,2106
花酔遊戯 前半戦,ビショップ,9,,猫,2104
花酔遊戯 前半戦,ビショップ,10,VL,Terarina,2100
花酔遊戯 前半戦,ビショップ,10,,あぶらみ,2100
花酔遊戯 前半戦,ビショップ,12,,ティラノザウルス,2087
花酔遊戯 前半戦,ビショップ,13,DFM,ユーリ,2085
花酔遊戯 前半戦,ビショップ,14,RC,拓海,2079
花酔遊戯 前半戦,ビショップ,15,,Anemone,2070
花酔遊戯 前半戦,ビショップ,16,,あまみ,2069
花酔遊戯 前半戦,ビショップ,17,,fanfale,2064
花酔遊戯 前半戦,ビショップ,18,,罪歌,2057
花酔遊戯 前半戦,ビショップ,19,,Stupidldiot,2056
花酔遊戯 前半戦,ビショップ,19,,タージマハル,2056
花酔遊戯 前半戦,ビショップ,21,,だポ,2055
花酔遊戯 前半戦,ビショップ,22,,ましろうどん,2053
花酔遊戯 前半戦,ビショップ,23,,elma,2052
花酔遊戯 前半戦,ビショップ,24,,rafay,2045
花酔遊戯 前半戦,ビショップ,25,,学ラン2世,2042
花酔遊戯 前半戦,ビショップ,26,,Sapphire,2039
花酔遊戯 前半戦,ビショップ,26,,わがし,2039
花酔遊戯 前半戦,ビショップ,28,,ぴゅあ,2037
花酔遊戯 前半戦,ビショップ,29,LVH,rikka,2035
花酔遊戯 前半戦,ビショップ,30,BFF,Esuna,2034
花酔遊戯 前半戦,ビショップ,30,,のい,2034
花酔遊戯 前半戦,ビショップ,32,RC,ぱらちゃん,2032
花酔遊戯 前半戦,ビショップ,32,,明田,2032
花酔遊戯 前半戦,ビショップ,32,,紅蓮,2032
花酔遊戯 前半戦,ビショップ,35,,おいなり,2031
花酔遊戯 前半戦,ビショップ,36,,Gio,2030
花酔遊戯 前半戦,ビショップ,37,,SIA,2029
花酔遊戯 前半戦,ビショップ,37,DFM,MingiGod,2029
花酔遊戯 前半戦,ビショップ,39,,サッキー,2028
花酔遊戯 前半戦,ビショップ,39,MRG,Toby,2028
花酔遊戯 前半戦,ビショップ,39,,ヘパ,2028
花酔遊戯 前半戦,ビショップ,39,,はち,2028
花酔遊戯 前半戦,ビショップ,43,,むーん,2027
花酔遊戯 前半戦,ビショップ,43,,ま。,2027
花酔遊戯 前半戦,ビショップ,43,,よーぶん,2027
花酔遊戯 前半戦,ビショップ,43,,hayata*,2027
花酔遊戯 前半戦,ビショップ,43,,zekito_Baka,2027
花酔遊戯 前半戦,ビショップ,43,,ゆめyume,2027
花酔遊戯 前半戦,ビショップ,49,,絶対不可侵領域,2026
花酔遊戯 前半戦,ビショップ,49,,ファットはまべ,2026
花酔遊戯 前半戦,ビショップ,49,,Sirose,2026
花酔遊戯 前半戦,ビショップ,52,,魔晄茶／PaR,2025
花酔遊戯 前半戦,ビショップ,52,,とみ3,2025
花酔遊戯 前半戦,ビショップ,54,MRG,glory,2024
花酔遊戯 前半戦,ビショップ,54,,スノーマン,2024
花酔遊戯 前半戦,ビショップ,54,,さ,2024
花酔遊戯 前半戦,ビショップ,54,,炒飯,2024
花酔遊戯 前半戦,ビショップ,54,,Karon,2024
花酔遊戯 前半戦,ビショップ,59,DFM,かなで,2023
花酔遊戯 前半戦,ビショップ,59,,犬飼澄晴,2023
花酔遊戯 前半戦,ビショップ,61,,金子大紀,2022
花酔遊戯 前半戦,ビショップ,61,合宿組,ナツ,2022
花酔遊戯 前半戦,ビショップ,61,,ミルクロちゃん,2022
花酔遊戯 前半戦,ビショップ,61,,三水机,2022
花酔遊戯 前半戦,ビショップ,61,,ピティ・フレデリカ,2022
花酔遊戯 前半戦,ビショップ,66,,タキ,2021
花酔遊戯 前半戦,ビショップ,66,,seiru,2021
花酔遊戯 前半戦,ビショップ,66,,うみなしぎふこ,2021
花酔遊戯 前半戦,ビショップ,66,,ひーーー,2021
花酔遊戯 前半戦,ビショップ,70,LVH,Era53,2020
花酔遊戯 前半戦,ビショップ,70,,Nove,2020
花酔遊戯 前半戦,ビショップ,70,,わい,2020
花酔遊戯 前半戦,ビショップ,70,,sooxe,2020
花酔遊戯 前半戦,ビショップ,70,,mui,2020
花酔遊戯 前半戦,ビショップ,70,,ニャメルゴン,2020
花酔遊戯 前半戦,ビショップ,76,,モグイナ@youtube,2019
花酔遊戯 前半戦,ビショップ,76,,shu-cat,2019
花酔遊戯 前半戦,ビショップ,76,,まあ坊,2019
花酔遊戯 前半戦,ビショップ,76,,ぽん(通寝用),2019
花酔遊戯 前半戦,ビショップ,76,,あみですどうも,2019
花酔遊戯 前半戦,ビショップ,76,,TAT,2019
花酔遊戯 前半戦,ビショップ,82,,じ,2018
花酔遊戯 前半戦,ビショップ,82,,ますきっぱ,2018
花酔遊戯 前半戦,ビショップ,82,,あるるかん,2018
花酔遊戯 前半戦,ビショップ,82,,むーん (1),2018
花酔遊戯 前半戦,ビショップ,86,,イル,2017
花酔遊戯 前半戦,ビショップ,86,,ネズラ,2017
花酔遊戯 前半戦,ビショップ,86,,勿論,2017
花酔遊戯 前半戦,ビショップ,86,,もっふる,2017
花酔遊戯 前半戦,ビショップ,90,,CWビヨンド,2016
花酔遊戯 前半戦,ビショップ,91,,とーたす,2015
花酔遊戯 前半戦,ビショップ,92,,りぃふ,2014
花酔遊戯 前半戦,ビショップ,92,,くえ,2014
花酔遊戯 前半戦,ビショップ,92,,h,2014
花酔遊戯 前半戦,ビショップ,92,,Rainnnn,2014
花酔遊戯 前半戦,ビショップ,96,,at,2013
花酔遊戯 前半戦,ビショップ,96,,迂闊,2013
花酔遊戯 前半戦,ビショップ,96,,たす,2013
花酔遊戯 前半戦,ビショップ,96,,ぐーやんと,2013
花酔遊戯 前半戦,ビショップ,96,,レモルン,2013
花酔遊戯 前半戦,ネメシス,1,LVH,rikka,2295
花酔遊戯 前半戦,ネメシス,2,,MURA,2253
花酔遊戯 前半戦,ネメシス,3,CR,空白,2248
花酔遊戯 前半戦,ネメシス,4,,芦毛の怪物,2235
花酔遊戯 前半戦,ネメシス,5,iDeal,我袖,2234
花酔遊戯 前半戦,ネメシス,6,,ひーしゃん,2217
花酔遊戯 前半戦,ネメシス,7,,reizen,2207
花酔遊戯 前半戦,ネメシス,8,,杉,2200
花酔遊戯 前半戦,ネメシス,9,,meg72,2183
花酔遊戯 前半戦,ネメシス,10,,blackstar,2175
花酔遊戯 前半戦,ネメシス,11,,かわい,2170
花酔遊戯 前半戦,ネメシス,12,合宿組,Re=L,2163
花酔遊戯 前半戦,ネメシス,13,,りぃふ,2162
花酔遊戯 前半戦,ネメシス,14,,Tomop,2161
花酔遊戯 前半戦,ネメシス,15,,Hayakeo,2157
花酔遊戯 前半戦,ネメシス,15,,きょうご@配信してません,2157
花酔遊戯 前半戦,ネメシス,17,,Mty,2153
花酔遊戯 前半戦,ネメシス,17,,酢飯握り,2153
花酔遊戯 前半戦,ネメシス,19,RID,折り紙,2151
花酔遊戯 前半戦,ネメシス,20,,ウルトラウニーマン,2149
花酔遊戯 前半戦,ネメシス,21,,タヌキ所長,2147
花酔遊戯 前半戦,ネメシス,21,,Pris-Magic!,2147
花酔遊戯 前半戦,ネメシス,21,,烏龍茶,2147
花酔遊戯 前半戦,ネメシス,21,,いわし,2147
花酔遊戯 前半戦,ネメシス,25,RID,山田レクイエム,2146
花酔遊戯 前半戦,ネメシス,25,,karakuti,2146
花酔遊戯 前半戦,ネメシス,27,,Aias,2144
花酔遊戯 前半戦,ネメシス,27,RC,ぱらちゃん,2144
花酔遊戯 前半戦,ネメシス,27,,sea,2144
花酔遊戯 前半戦,ネメシス,27,,たまお,2144
花酔遊戯 前半戦,ネメシス,27,,はんじょう,2144
花酔遊戯 前半戦,ネメシス,32,,ヤミシドダハ,2143
花酔遊戯 前半戦,ネメシス,32,,EUNECTES,2143
花酔遊戯 前半戦,ネメシス,32,,りょうきんぐ,2143
花酔遊戯 前半戦,ネメシス,35,,a,2142
花酔遊戯 前半戦,ネメシス,36,DFM,ユーリ,2141
花酔遊戯 前半戦,ネメシス,36,,GRANSAISON弁天,2141
花酔遊戯 前半戦,ネメシス,36,,arawashi,2141
花酔遊戯 前半戦,ネメシス,39,,雪之丞,2140
花酔遊戯 前半戦,ネメシス,39,,朔間零,2140
花酔遊戯 前半戦,ネメシス,41,,テリヤキ,2139
花酔遊戯 前半戦,ネメシス,41,,リュネット,2139
花酔遊戯 前半戦,ネメシス,41,,あっちゃん,2139
花酔遊戯 前半戦,ネメシス,44,,untani,2138
花酔遊戯 前半戦,ネメシス,45,,くじら,2136
花酔遊戯 前半戦,ネメシス,45,,しお,2136
花酔遊戯 前半戦,ネメシス,47,VL,Terarina,2135
花酔遊戯 前半戦,ネメシス,47,MRG,glory,2135
花酔遊戯 前半戦,ネメシス,47,,かかかな,2135
花酔遊戯 前半戦,ネメシス,47,,コモンオーブ,2135
花酔遊戯 前半戦,ネメシス,51,,いわたん,2134
花酔遊戯 前半戦,ネメシス,51,,ポロロッカ,2134
花酔遊戯 前半戦,ネメシス,53,,バーサ,2133
花酔遊戯 前半戦,ネメシス,53,,たっく,2133
花酔遊戯 前半戦,ネメシス,53,,Vii,2133
花酔遊戯 前半戦,ネメシス,53,,Loof,2133
花酔遊戯 前半戦,ネメシス,53,,マースン,2133
花酔遊戯 前半戦,ネメシス,58,CR,Atom,2132
花酔遊戯 前半戦,ネメシス,58,DFM,かなで,2132
花酔遊戯 前半戦,ネメシス,58,,芝,2132
花酔遊戯 前半戦,ネメシス,58,,月雪ミヤコ,2132
花酔遊戯 前半戦,ネメシス,58,,しと,2132
花酔遊戯 前半戦,ネメシス,58,,ら,2132
花酔遊戯 前半戦,ネメシス,58,,cider,2132
花酔遊戯 前半戦,ネメシス,58,,逆手大蒜,2132
花酔遊戯 前半戦,ネメシス,58,,ゴリえもん,2132
花酔遊戯 前半戦,ネメシス,67,,Amano,2131
花酔遊戯 前半戦,ネメシス,67,,曖昧me mine,2131
花酔遊戯 前半戦,ネメシス,67,,SATAN,2131
花酔遊戯 前半戦,ネメシス,67,,stan,2131
花酔遊戯 前半戦,ネメシス,67,,Only sorrow,2131
花酔遊戯 前半戦,ネメシス,72,,みみみ,2130
花酔遊戯 前半戦,ネメシス,72,,あつ,2130
花酔遊戯 前半戦,ネメシス,72,,橘シェリー,2130
花酔遊戯 前半戦,ネメシス,72,,Willy,2130
花酔遊戯 前半戦,ネメシス,76,,らこ,2129
花酔遊戯 前半戦,ネメシス,76,,きつね,2129
花酔遊戯 前半戦,ネメシス,78,,asano,2128
花酔遊戯 前半戦,ネメシス,78,,いくお,2128
花酔遊戯 前半戦,ネメシス,78,,SNOWMAN,2128
花酔遊戯 前半戦,ネメシス,78,,vanitas,2128
花酔遊戯 前半戦,ネメシス,78,,F1GH2,2128
花酔遊戯 前半戦,ネメシス,83,,山口裕也,2127
花酔遊戯 前半戦,ネメシス,83,,有坂真白,2127
花酔遊戯 前半戦,ネメシス,83,,もったられら,2127
花酔遊戯 前半戦,ネメシス,86,,キノガッサ,2126
花酔遊戯 前半戦,ネメシス,86,,Nomai,2126
花酔遊戯 前半戦,ネメシス,86,,南雲,2126
花酔遊戯 前半戦,ネメシス,86,,そっくん,2126
花酔遊戯 前半戦,ネメシス,90,,イル,2125
花酔遊戯 前半戦,ネメシス,90,,サロモン,2125
花酔遊戯 前半戦,ネメシス,90,,SeeD,2125
花酔遊戯 前半戦,ネメシス,93,LVH,Era53,2124
花酔遊戯 前半戦,ネメシス,93,,るらら,2124
花酔遊戯 前半戦,ネメシス,93,,くさおに,2124
花酔遊戯 前半戦,ネメシス,93,,ねぎまっと,2124
花酔遊戯 前半戦,ネメシス,93,,xyz,2124
花酔遊戯 前半戦,ネメシス,93,,すくれぼ,2124
花酔遊戯 前半戦,ネメシス,99,,shuhei,2123
花酔遊戯 前半戦,ネメシス,99,,りいな,2123
花酔遊戯 前半戦,ネメシス,99,,月社彼方,2123
蒼空の六竜 後半戦,ウィッチ,1,DFM,かなで,2362
蒼空の六竜 後半戦,ウィッチ,2,ZETA,CQCQ,2352
蒼空の六竜 後半戦,ウィッチ,3,,riri,2309
蒼空の六竜 後半戦,ウィッチ,4,,ZippyRacer,2271
蒼空の六竜 後半戦,ウィッチ,5,,信濃,2262
蒼空の六竜 後半戦,ウィッチ,6,,あう,2251
蒼空の六竜 後半戦,ウィッチ,7,,はとむね,2244
蒼空の六竜 後半戦,ウィッチ,8,MRG,Spicies,2243
蒼空の六竜 後半戦,ウィッチ,9,,Riria,2241
蒼空の六竜 後半戦,ウィッチ,10,ZETA,TBT,2236
蒼空の六竜 後半戦,ウィッチ,11,,もぬけ,2222
蒼空の六竜 後半戦,ウィッチ,12,,超銀河押忍騎士団ちゃんず,2221
蒼空の六竜 後半戦,ウィッチ,12,,おさかなねこ,2221
蒼空の六竜 後半戦,ウィッチ,14,,かるま,2218
蒼空の六竜 後半戦,ウィッチ,14,,猫,2218
蒼空の六竜 後半戦,ウィッチ,16,,むにむに,2214
蒼空の六竜 後半戦,ウィッチ,16,,destiny,2214
蒼空の六竜 後半戦,ウィッチ,18,,monteeys,2213
蒼空の六竜 後半戦,ウィッチ,19,,そう,2211
蒼空の六竜 後半戦,ウィッチ,19,,周防有希,2211
蒼空の六竜 後半戦,ウィッチ,19,,コロッケs,2211
蒼空の六竜 後半戦,ウィッチ,19,,GRANSAISON弁天,2211
蒼空の六竜 後半戦,ウィッチ,19,,浮雲,2211
蒼空の六竜 後半戦,ウィッチ,24,,asd,2210
蒼空の六竜 後半戦,ウィッチ,24,,Sapphire,2210
蒼空の六竜 後半戦,ウィッチ,24,,わん,2210
蒼空の六竜 後半戦,ウィッチ,27,VL,Terarina,2209
蒼空の六竜 後半戦,ウィッチ,28,RID,Chappy_ttv,2208
蒼空の六竜 後半戦,ウィッチ,28,,ベネトナシュ,2208
蒼空の六竜 後半戦,ウィッチ,28,,シロクマ24時,2208
蒼空の六竜 後半戦,ウィッチ,28,,るしあ@訴訟,2208
蒼空の六竜 後半戦,ウィッチ,32,,おちゃ,2207
蒼空の六竜 後半戦,ウィッチ,32,,運田圭佑,2207
蒼空の六竜 後半戦,ウィッチ,32,,36,2207
蒼空の六竜 後半戦,ウィッチ,35,,イル,2206
蒼空の六竜 後半戦,ウィッチ,35,RID,山田レクイエム,2206
蒼空の六竜 後半戦,ウィッチ,35,,asano,2206
蒼空の六竜 後半戦,ウィッチ,35,,きすけ@ライバルズの亡霊,2206
蒼空の六竜 後半戦,ウィッチ,35,,ぴったリーサル,2206
蒼空の六竜 後半戦,ウィッチ,35,,k4zyu,2206
蒼空の六竜 後半戦,ウィッチ,35,,くろろ,2206
蒼空の六竜 後半戦,ウィッチ,42,,ま。,2205
蒼空の六竜 後半戦,ウィッチ,42,,神々の凱旋,2205
蒼空の六竜 後半戦,ウィッチ,44,,みみみ,2204
蒼空の六竜 後半戦,ウィッチ,44,,d*,2204
蒼空の六竜 後半戦,ウィッチ,44,,わじん,2204
蒼空の六竜 後半戦,ウィッチ,47,,TK,2203
蒼空の六竜 後半戦,ウィッチ,47,,shuhei,2203
蒼空の六竜 後半戦,ウィッチ,47,,ジェズビー,2203
蒼空の六竜 後半戦,ウィッチ,51,,surpass,2202
蒼空の六竜 後半戦,ウィッチ,51,,とむら,2202
蒼空の六竜 後半戦,ウィッチ,51,,ゴリラ,2202
蒼空の六竜 後半戦,ウィッチ,51,,星月めぐる,2202
蒼空の六竜 後半戦,ウィッチ,51,,高猫,2202
蒼空の六竜 後半戦,ウィッチ,56,,むーん,2201
蒼空の六竜 後半戦,ウィッチ,56,,いくお,2201
蒼空の六竜 後半戦,ウィッチ,56,,うたうラッキー,2201
蒼空の六竜 後半戦,ウィッチ,56,ivi,かぼさん,2201
蒼空の六竜 後半戦,ウィッチ,60,,あぶらみ,2200
蒼空の六竜 後半戦,ウィッチ,60,,もぐちゅー,2200
蒼空の六竜 後半戦,ウィッチ,60,,湊*ta1/,2200
蒼空の六竜 後半戦,ウィッチ,60,,SATAN,2200
蒼空の六竜 後半戦,ウィッチ,60,,waaa,2200
蒼空の六竜 後半戦,ウィッチ,60,,uthomeless,2200
蒼空の六竜 後半戦,ウィッチ,66,,オマールエビ,2199
蒼空の六竜 後半戦,ウィッチ,66,,絶,2199
蒼空の六竜 後半戦,ウィッチ,68,RID,折り紙,2198
蒼空の六竜 後半戦,ウィッチ,68,,K-si,2198
蒼空の六竜 後半戦,ウィッチ,70,LVH,rikka,2197
蒼空の六竜 後半戦,ウィッチ,70,,ばっどぶやまる,2197
蒼空の六竜 後半戦,ウィッチ,70,,だっく,2197
蒼空の六竜 後半戦,ウィッチ,70,,E,2197
蒼空の六竜 後半戦,ウィッチ,74,,墓穴の指名者,2196
蒼空の六竜 後半戦,ウィッチ,74,,シレン(ツナ),2196
蒼空の六竜 後半戦,ウィッチ,74,,ham8b,2196
蒼空の六竜 後半戦,ウィッチ,77,,とげ,2195
蒼空の六竜 後半戦,ウィッチ,77,,アローラキュウコン,2195
蒼空の六竜 後半戦,ウィッチ,77,,ドスキヌタ,2195
蒼空の六竜 後半戦,ウィッチ,77,,noise,2195
蒼空の六竜 後半戦,ウィッチ,81,,sota,2194
蒼空の六竜 後半戦,ウィッチ,81,,そこそこよわめ,2194
蒼空の六竜 後半戦,ウィッチ,83,,へっへー,2193
蒼空の六竜 後半戦,ウィッチ,83,,シオン,2193
蒼空の六竜 後半戦,ウィッチ,85,,なつ,2192
蒼空の六竜 後半戦,ウィッチ,85,,暗黒神ユウタ,2192
蒼空の六竜 後半戦,ウィッチ,87,,Choco,2191
蒼空の六竜 後半戦,ウィッチ,87,,はちみんこ,2191
蒼空の六竜 後半戦,ウィッチ,89,,サッキー,2190
蒼空の六竜 後半戦,ウィッチ,89,,抹茶,2190
蒼空の六竜 後半戦,ウィッチ,89,,よんとう,2190
蒼空の六竜 後半戦,ウィッチ,89,,あやたか,2190
蒼空の六竜 後半戦,ウィッチ,89,,未踏,2190
蒼空の六竜 後半戦,ウィッチ,94,,真夜中マーメイド,2189
蒼空の六竜 後半戦,ウィッチ,94,,パトリオット菅原,2189
蒼空の六竜 後半戦,ウィッチ,96,,yuchi,2188
蒼空の六竜 後半戦,ウィッチ,97,,Medianoche,2187
蒼空の六竜 後半戦,ウィッチ,97,,ポポポ,2187
蒼空の六竜 後半戦,ウィッチ,99,,Chall,2186
蒼空の六竜 後半戦,ウィッチ,100,MRG,glory,2185
蒼空の六竜 後半戦,ナイトメア,1,,ももかん,2266
蒼空の六竜 後半戦,ナイトメア,2,,秒殺の皇帝,2211
蒼空の六竜 後半戦,ナイトメア,3,,アカギ,2209
蒼空の六竜 後半戦,ナイトメア,4,合宿組,kt,2200
蒼空の六竜 後半戦,ナイトメア,5,,梨,2170
蒼空の六竜 後半戦,ナイトメア,6,,Pamela@エムリッ党,2161
蒼空の六竜 後半戦,ナイトメア,7,,可酒,2136
蒼空の六竜 後半戦,ナイトメア,8,,手乗りタイガー,2114
蒼空の六竜 後半戦,ナイトメア,9,,周防有希,2112
蒼空の六竜 後半戦,ナイトメア,10,,ta,2109
蒼空の六竜 後半戦,ナイトメア,11,,TK,2108
蒼空の六竜 後半戦,ナイトメア,12,,バームクーヘン,2106
蒼空の六竜 後半戦,ナイトメア,12,,暗黒盆踊り,2106
蒼空の六竜 後半戦,ナイトメア,12,,如月,2106
蒼空の六竜 後半戦,ナイトメア,15,,Goly,2105
蒼空の六竜 後半戦,ナイトメア,16,MRG,glory,2102
蒼空の六竜 後半戦,ナイトメア,17,,あまみ,2097
蒼空の六竜 後半戦,ナイトメア,18,,Rio088,2087
蒼空の六竜 後半戦,ナイトメア,19,,ringa,2085
蒼空の六竜 後半戦,ナイトメア,19,,雷電,2085
蒼空の六竜 後半戦,ナイトメア,21,,燃料を司る郊外のネ申,2084
蒼空の六竜 後半戦,ナイトメア,22,,コン,2082
蒼空の六竜 後半戦,ナイトメア,22,,金子大紀,2082
蒼空の六竜 後半戦,ナイトメア,22,,kyon,2082
蒼空の六竜 後半戦,ナイトメア,22,,ゆで次郎,2082
蒼空の六竜 後半戦,ナイトメア,26,,slime,2081
蒼空の六竜 後半戦,ナイトメア,27,,くわの,2080
蒼空の六竜 後半戦,ナイトメア,27,,Hieroglyph,2080
蒼空の六竜 後半戦,ナイトメア,29,,rafay,2077
蒼空の六竜 後半戦,ナイトメア,29,,タニーポ,2077
蒼空の六竜 後半戦,ナイトメア,29,,しんり,2077
蒼空の六竜 後半戦,ナイトメア,32,RID,Chappy_ttv,2075
蒼空の六竜 後半戦,ナイトメア,32,,h,2075
蒼空の六竜 後半戦,ナイトメア,34,RID,折り紙,2074
蒼空の六竜 後半戦,ナイトメア,35,MRG,Toby,2073
蒼空の六竜 後半戦,ナイトメア,35,,ヒロ,2073
蒼空の六竜 後半戦,ナイトメア,35,,ni,2073
蒼空の六竜 後半戦,ナイトメア,35,,ジーナ,2073
蒼空の六竜 後半戦,ナイトメア,39,VL,Terarina,2072
蒼空の六竜 後半戦,ナイトメア,39,,Sera,2072
蒼空の六竜 後半戦,ナイトメア,41,,オマールエビ,2071
蒼空の六竜 後半戦,ナイトメア,42,,あき,2070
蒼空の六竜 後半戦,ナイトメア,42,,Dki,2070
蒼空の六竜 後半戦,ナイトメア,44,,さみだれ!,2068
蒼空の六竜 後半戦,ナイトメア,44,,蒼,2068
蒼空の六竜 後半戦,ナイトメア,46,,紅葉おろし,2067
蒼空の六竜 後半戦,ナイトメア,46,,BEANS_,2067
蒼空の六竜 後半戦,ナイトメア,46,,こう,2067
蒼空の六竜 後半戦,ナイトメア,46,,まっち,2067
蒼空の六竜 後半戦,ナイトメア,46,,ぐー,2067
蒼空の六竜 後半戦,ナイトメア,51,,へい民,2066
蒼空の六竜 後半戦,ナイトメア,51,,おだゆー,2066
蒼空の六竜 後半戦,ナイトメア,53,RID,山田レクイエム,2065
蒼空の六竜 後半戦,ナイトメア,53,,あい,2065
蒼空の六竜 後半戦,ナイトメア,53,,チャチャ,2065
蒼空の六竜 後半戦,ナイトメア,56,,Maniac,2064
蒼空の六竜 後半戦,ナイトメア,56,,nn,2064
蒼空の六竜 後半戦,ナイトメア,58,,スライム,2063
蒼空の六竜 後半戦,ナイトメア,58,RC,つきあかめん,2063
蒼空の六竜 後半戦,ナイトメア,58,,萩,2063
蒼空の六竜 後半戦,ナイトメア,58,,1,2063
蒼空の六竜 後半戦,ナイトメア,62,,スノーマン,2062
蒼空の六竜 後半戦,ナイトメア,62,,Aias,2062
蒼空の六竜 後半戦,ナイトメア,62,,水煮,2062
蒼空の六竜 後半戦,ナイトメア,62,,花咲アリス,2062
蒼空の六竜 後半戦,ナイトメア,62,,Hayakeo,2062
蒼空の六竜 後半戦,ナイトメア,62,,しらす,2062
蒼空の六竜 後半戦,ナイトメア,62,,あさだあさお,2062
蒼空の六竜 後半戦,ナイトメア,62,,けいゆう,2062
蒼空の六竜 後半戦,ナイトメア,62,,SyuD,2062
蒼空の六竜 後半戦,ナイトメア,71,,抹茶,2061
蒼空の六竜 後半戦,ナイトメア,71,,ako,2061
蒼空の六竜 後半戦,ナイトメア,71,,ルンルン(本人),2061
蒼空の六竜 後半戦,ナイトメア,71,,あめ風,2061
蒼空の六竜 後半戦,ナイトメア,71,,むにえる,2061
蒼空の六竜 後半戦,ナイトメア,76,,みみみ,2060
蒼空の六竜 後半戦,ナイトメア,76,,Mikahoko,2060
蒼空の六竜 後半戦,ナイトメア,76,,ひなのカミムラ,2060
蒼空の六竜 後半戦,ナイトメア,79,,りぃふ,2059
蒼空の六竜 後半戦,ナイトメア,79,,天の彼方,2059
蒼空の六竜 後半戦,ナイトメア,79,,たるたるばーすと,2059
蒼空の六竜 後半戦,ナイトメア,79,,りたか,2059
蒼空の六竜 後半戦,ナイトメア,79,,abarukas,2059
蒼空の六竜 後半戦,ナイトメア,84,,じゃすん@Vちゅーばー,2058
蒼空の六竜 後半戦,ナイトメア,84,,potofu,2058
蒼空の六竜 後半戦,ナイトメア,84,,Ar,2058
蒼空の六竜 後半戦,ナイトメア,87,,とび,2057
蒼空の六竜 後半戦,ナイトメア,87,,Xiaomeiker,2057
蒼空の六竜 後半戦,ナイトメア,89,,お茶,2056
蒼空の六竜 後半戦,ナイトメア,89,,シュガァ,2056
蒼空の六竜 後半戦,ナイトメア,91,,hiro,2055
蒼空の六竜 後半戦,ナイトメア,91,,らい,2055
蒼空の六竜 後半戦,ナイトメア,93,,Mizo.,2054
蒼空の六竜 後半戦,ナイトメア,94,,よんとう,2053
蒼空の六竜 後半戦,ナイトメア,94,,運だけしかいねえや,2053
蒼空の六竜 後半戦,ナイトメア,94,,がっきー,2053
蒼空の六竜 後半戦,ナイトメア,97,,yoiseba,2052
蒼空の六竜 後半戦,ナイトメア,97,,レプリカ,2052
蒼空の六竜 後半戦,ナイトメア,97,,そらいろ,2052
蒼空の六竜 後半戦,ナイトメア,100,,ラムネ,2051
蒼空の六竜 後半戦,ナイトメア,100,,きた,2051
蒼空の六竜 後半戦,ナイトメア,100,,イヴ奴,2051
蒼空の六竜 後半戦,ビショップ,1,,二階堂ヒロ,2204
蒼空の六竜 後半戦,ビショップ,2,,Koenig,2195
蒼空の六竜 後半戦,ビショップ,3,,びしょびしょ,2170
蒼空の六竜 後半戦,ビショップ,4,,Kid,2146
蒼空の六竜 後半戦,ビショップ,5,VL,Terarina,2117
蒼空の六竜 後半戦,ビショップ,6,,超銀河押忍騎士団ちゃんず,2116
蒼空の六竜 後半戦,ビショップ,6,,みわりん,2116
蒼空の六竜 後半戦,ビショップ,8,,バニラ,2112
蒼空の六竜 後半戦,ビショップ,10,,arum,2101
蒼空の六竜 後半戦,ビショップ,11,,mui,2096
蒼空の六竜 後半戦,ビショップ,12,,運田圭佑,2081
蒼空の六竜 後半戦,ビショップ,13,,ピザまん,2077
蒼空の六竜 後半戦,ビショップ,14,,엔디,2073
蒼空の六竜 後半戦,ビショップ,15,,LumiRhino,2056
蒼空の六竜 後半戦,ビショップ,16,,てとりす,2052
蒼空の六竜 後半戦,ビショップ,17,,Sapphire,2044
蒼空の六竜 後半戦,ビショップ,18,,高松燈,2043
蒼空の六竜 後半戦,ビショップ,19,,ca9,2034
蒼空の六竜 後半戦,ビショップ,20,,ドロりん,2032
蒼空の六竜 後半戦,ビショップ,21,,うみなしぎふこ,2029
蒼空の六竜 後半戦,ビショップ,21,,きっど,2029
蒼空の六竜 後半戦,ビショップ,23,,タンス,2028
蒼空の六竜 後半戦,ビショップ,24,,Rio088,2026
蒼空の六竜 後半戦,ビショップ,25,,九時,2022
蒼空の六竜 後半戦,ビショップ,26,,ジョバリア,2021
蒼空の六竜 後半戦,ビショップ,27,,葬送のみみっち,2020
蒼空の六竜 後半戦,ビショップ,27,,丁か半か賭けようぞ!,2020
蒼空の六竜 後半戦,ビショップ,29,,スノーマン,2019
蒼空の六竜 後半戦,ビショップ,29,,まっすー,2019
蒼空の六竜 後半戦,ビショップ,29,,おでんそば,2019
蒼空の六竜 後半戦,ビショップ,32,,at,2018
蒼空の六竜 後半戦,ビショップ,32,,20FPS,2018
蒼空の六竜 後半戦,ビショップ,34,,かぶと,2015
蒼空の六竜 後半戦,ビショップ,34,,Richen,2015
蒼空の六竜 後半戦,ビショップ,36,,Medianoche,2014
蒼空の六竜 後半戦,ビショップ,36,,望月,2014
蒼空の六竜 後半戦,ビショップ,38,,Player,2012
蒼空の六竜 後半戦,ビショップ,38,,あっちゃん,2012
蒼空の六竜 後半戦,ビショップ,38,,ぬおー,2012
蒼空の六竜 後半戦,ビショップ,41,,ミルクロちゃん,2011
蒼空の六竜 後半戦,ビショップ,41,,Misiro,2011
蒼空の六竜 後半戦,ビショップ,41,,ドーホル,2011
蒼空の六竜 後半戦,ビショップ,44,RID,折り紙,2010
蒼空の六竜 後半戦,ビショップ,44,,ありか,2010
蒼空の六竜 後半戦,ビショップ,46,,きなり。,2009
蒼空の六竜 後半戦,ビショップ,46,あいむ,UFV,2009
蒼空の六竜 後半戦,ビショップ,46,,けいやで,2009
蒼空の六竜 後半戦,ビショップ,46,,sooxe,2009
蒼空の六竜 後半戦,ビショップ,46,,おくたん,2009
蒼空の六竜 後半戦,ビショップ,52,RID,山田レクイエム,2008
蒼空の六竜 後半戦,ビショップ,52,,37kt,2008
蒼空の六竜 後半戦,ビショップ,52,,jiean/深紅蘭,2008
蒼空の六竜 後半戦,ビショップ,52,,いりてむ,2008
蒼空の六竜 後半戦,ビショップ,52,,らうるす,2008
蒼空の六竜 後半戦,ビショップ,52,,usios,2008
蒼空の六竜 後半戦,ビショップ,58,,KFP,2007
蒼空の六竜 後半戦,ビショップ,58,,焦げたお湯,2007
蒼空の六竜 後半戦,ビショップ,58,,tomoya,2007
蒼空の六竜 後半戦,ビショップ,58,,よっちよっち,2007
蒼空の六竜 後半戦,ビショップ,58,,aika,2007
蒼空の六竜 後半戦,ビショップ,63,,シェナ様さいこう!,2006
蒼空の六竜 後半戦,ビショップ,63,,のん,2006
蒼空の六竜 後半戦,ビショップ,63,,アカギ,2006
蒼空の六竜 後半戦,ビショップ,63,,見月,2006
蒼空の六竜 後半戦,ビショップ,67,MRG,glory,2005
蒼空の六竜 後半戦,ビショップ,67,,サッキー,2005
蒼空の六竜 後半戦,ビショップ,69,RID,Chappy_ttv,2004
蒼空の六竜 後半戦,ビショップ,69,,とび,2004
蒼空の六竜 後半戦,ビショップ,69,,BEANS_,2004
蒼空の六竜 後半戦,ビショップ,69,,セニオリス,2004
蒼空の六竜 後半戦,ビショップ,69,,へるん,2004
蒼空の六竜 後半戦,ビショップ,74,,shuhei,2003
蒼空の六竜 後半戦,ビショップ,74,,ペン太,2003
蒼空の六竜 後半戦,ビショップ,74,,マンCくん,2003
蒼空の六竜 後半戦,ビショップ,77,,ティラノザウルス,2002
蒼空の六竜 後半戦,ビショップ,77,,ごりぷろ,2002
蒼空の六竜 後半戦,ビショップ,77,,たちゃん,2002
蒼空の六竜 後半戦,ビショップ,77,,れうり,2002
蒼空の六竜 後半戦,ビショップ,81,,よんとう,2001
蒼空の六竜 後半戦,ビショップ,81,,アローラキュウコン,2001
蒼空の六竜 後半戦,ビショップ,81,,히히,2001
蒼空の六竜 後半戦,ビショップ,84,,タキ,2000
蒼空の六竜 後半戦,ビショップ,84,,ヘパ,2000
蒼空の六竜 後半戦,ビショップ,84,,うたうラッキー,2000
蒼空の六竜 後半戦,ビショップ,84,,SHO,2000
蒼空の六竜 後半戦,ビショップ,88,,じ,1999
蒼空の六竜 後半戦,ビショップ,88,,ohmus,1999
蒼空の六竜 後半戦,ビショップ,88,,BB,1999
蒼空の六竜 後半戦,ビショップ,91,,のどごし,1998
蒼空の六竜 後半戦,ビショップ,92,,たぴおか,1996
蒼空の六竜 後半戦,ビショップ,93,,カツオ,1995
蒼空の六竜 後半戦,ビショップ,94,,犬飼澄晴,1994
蒼空の六竜 後半戦,ビショップ,94,,アセロラ,1994
蒼空の六竜 後半戦,ビショップ,94,,EPHREM,1994
蒼空の六竜 後半戦,ビショップ,94,,塩ラーメン,1994
蒼空の六竜 後半戦,ビショップ,98,,hira,1993
蒼空の六竜 後半戦,ビショップ,99,,noa,1992
蒼空の六竜 後半戦,ビショップ,100,,終わらない夢,1986
蒼空の六竜 前半戦,ナイトメア,1,,you,2308
蒼空の六竜 前半戦,ナイトメア,2,,MURA,2175
蒼空の六竜 前半戦,ナイトメア,3,,NTT,2165
蒼空の六竜 前半戦,ナイトメア,4,,Pamela@エムリッ党,2155
蒼空の六竜 前半戦,ナイトメア,5,,ringa,2154
蒼空の六竜 前半戦,ナイトメア,6,,虚無ちん,2150
蒼空の六竜 前半戦,ナイトメア,7,,秒殺の皇帝,2139
蒼空の六竜 前半戦,ナイトメア,8,,あい,2135
蒼空の六竜 前半戦,ナイトメア,9,,バームクーヘン,2114
蒼空の六竜 前半戦,ナイトメア,10,,キノガッサ,2111
蒼空の六竜 前半戦,ナイトメア,11,,桜,2109
蒼空の六竜 前半戦,ナイトメア,12,RID,Chappy_ttv,2106
蒼空の六竜 前半戦,ナイトメア,12,,gara4,2106
蒼空の六竜 前半戦,ナイトメア,14,VL,Terarina,2103
蒼空の六竜 前半戦,ナイトメア,15,MRG,glory,2102
蒼空の六竜 前半戦,ナイトメア,15,,いたみ(やまかぜ),2102
蒼空の六竜 前半戦,ナイトメア,17,,暗黒盆踊り,2089
蒼空の六竜 前半戦,ナイトメア,18,,まとい,2088
蒼空の六竜 前半戦,ナイトメア,19,,とび,2084
蒼空の六竜 前半戦,ナイトメア,19,,城之内,2084
蒼空の六竜 前半戦,ナイトメア,19,,みちひろ,2084
蒼空の六竜 前半戦,ナイトメア,22,,1,2083
蒼空の六竜 前半戦,ナイトメア,22,,なななな,2083
蒼空の六竜 前半戦,ナイトメア,24,,えれ,2082
蒼空の六竜 前半戦,ナイトメア,25,,くわの,2078
蒼空の六竜 前半戦,ナイトメア,26,,アーシェス中西,2077
蒼空の六竜 前半戦,ナイトメア,27,,Eve.,2076
蒼空の六竜 前半戦,ナイトメア,27,,むにむに,2076
蒼空の六竜 前半戦,ナイトメア,27,,かさ,2076
蒼空の六竜 前半戦,ナイトメア,27,,雷電,2076
蒼空の六竜 前半戦,ナイトメア,27,,たけだたかし,2076
蒼空の六竜 前半戦,ナイトメア,32,,如月,2075
蒼空の六竜 前半戦,ナイトメア,32,,ぐちたつ,2075
蒼空の六竜 前半戦,ナイトメア,32,,katarina,2075
蒼空の六竜 前半戦,ナイトメア,32,,オルオーンナーフ希望,2075
蒼空の六竜 前半戦,ナイトメア,36,,枝豆,2074
蒼空の六竜 前半戦,ナイトメア,36,,こむぎこ,2074
蒼空の六竜 前半戦,ナイトメア,36,,taisei723,2074
蒼空の六竜 前半戦,ナイトメア,36,,タコチキン,2074
蒼空の六竜 前半戦,ナイトメア,40,,オマールエビ,2073
蒼空の六竜 前半戦,ナイトメア,40,,TK Arusu,2073
蒼空の六竜 前半戦,ナイトメア,40,,招待ユードzGnzsUn,2073
蒼空の六竜 前半戦,ナイトメア,43,,識,2072
蒼空の六竜 前半戦,ナイトメア,43,,タニーポ,2072
蒼空の六竜 前半戦,ナイトメア,43,,Rio088,2072
蒼空の六竜 前半戦,ナイトメア,46,,クォーター,2071
蒼空の六竜 前半戦,ナイトメア,46,,ぽへみぁ,2071
蒼空の六竜 前半戦,ナイトメア,48,,BEANS_,2070
蒼空の六竜 前半戦,ナイトメア,48,,kikurage,2070
蒼空の六竜 前半戦,ナイトメア,48,,アルビニ,2070
蒼空の六竜 前半戦,ナイトメア,51,,安堂,2069
蒼空の六竜 前半戦,ナイトメア,51,,ももかん,2069
蒼空の六竜 前半戦,ナイトメア,51,,nico,2069
蒼空の六竜 前半戦,ナイトメア,51,,いぴりぃ,2069
蒼空の六竜 前半戦,ナイトメア,51,,TAK,2069
蒼空の六竜 前半戦,ナイトメア,51,,いな,2069
蒼空の六竜 前半戦,ナイトメア,51,,meteorito,2069
蒼空の六竜 前半戦,ナイトメア,51,,ぷま,2069
蒼空の六竜 前半戦,ナイトメア,51,,ウィッチ使いたい,2069
蒼空の六竜 前半戦,ナイトメア,60,,ルラ,2068
蒼空の六竜 前半戦,ナイトメア,60,,aqours0321,2068
蒼空の六竜 前半戦,ナイトメア,60,,ゆら,2068
蒼空の六竜 前半戦,ナイトメア,60,,手乗りタイガー,2068
蒼空の六竜 前半戦,ナイトメア,64,,noku,2067
蒼空の六竜 前半戦,ナイトメア,64,,迂闊,2067
蒼空の六竜 前半戦,ナイトメア,64,,Boni,2067
蒼空の六竜 前半戦,ナイトメア,64,,saki,2067
蒼空の六竜 前半戦,ナイトメア,64,,Springfield,2067
蒼空の六竜 前半戦,ナイトメア,64,,葬送のみみっち,2067
蒼空の六竜 前半戦,ナイトメア,64,,Hazard,2067
蒼空の六竜 前半戦,ナイトメア,64,,境界 知能 つらい,2067
蒼空の六竜 前半戦,ナイトメア,64,,trubbishx6,2067
蒼空の六竜 前半戦,ナイトメア,73,,シュガァ,2066
蒼空の六竜 前半戦,ナイトメア,73,,高橋正人,2066
蒼空の六竜 前半戦,ナイトメア,75,,絶対服従魔人,2065
蒼空の六竜 前半戦,ナイトメア,75,,ni,2065
蒼空の六竜 前半戦,ナイトメア,75,,E,2065
蒼空の六竜 前半戦,ナイトメア,75,,ささ,2065
蒼空の六竜 前半戦,ナイトメア,75,,もりぶでん,2065
蒼空の六竜 前半戦,ナイトメア,80,,漆黒,2064
蒼空の六竜 前半戦,ナイトメア,80,,にしくん,2064
蒼空の六竜 前半戦,ナイトメア,82,,コン,2063
蒼空の六竜 前半戦,ナイトメア,82,,水煮,2063
蒼空の六竜 前半戦,ナイトメア,82,,sirouto,2063
蒼空の六竜 前半戦,ナイトメア,82,,おかおか,2063
蒼空の六竜 前半戦,ナイトメア,82,,ys,2063
蒼空の六竜 前半戦,ナイトメア,87,,raikou24,2062
蒼空の六竜 前半戦,ナイトメア,87,,2233,2062
蒼空の六竜 前半戦,ナイトメア,89,,きなり。,2061
蒼空の六竜 前半戦,ナイトメア,90,,めが,2060
蒼空の六竜 前半戦,ナイトメア,90,,アグネス,2060
蒼空の六竜 前半戦,ナイトメア,93,,Lacus(サマー),2059
蒼空の六竜 前半戦,ナイトメア,93,,semi,2059
蒼空の六竜 前半戦,ナイトメア,95,,リグゼ,2058
蒼空の六竜 前半戦,ナイトメア,95,,はちや,2058
蒼空の六竜 前半戦,ナイトメア,95,,リノすけ,2058
蒼空の六竜 前半戦,ナイトメア,95,,あいあんまん,2058
蒼空の六竜 前半戦,ナイトメア,99,,め・。・あ,2057
蒼空の六竜 前半戦,ナイトメア,99,,인,2057
蒼空の六竜 前半戦,ビショップ,1,,Reia,2202
蒼空の六竜 前半戦,ビショップ,2,,TheGrampa,2142
蒼空の六竜 前半戦,ビショップ,3,,Space-Ex,2134
蒼空の六竜 前半戦,ビショップ,4,,高松燈,2116
蒼空の六竜 前半戦,ビショップ,5,,蠅魔王剣・滅亡ノ瞳,2101
蒼空の六竜 前半戦,ビショップ,6,,チヨ,2089
蒼空の六竜 前半戦,ビショップ,7,,タンス,2070
蒼空の六竜 前半戦,ビショップ,8,VL,Terarina,2060
蒼空の六竜 前半戦,ビショップ,10,,生たまご,2024
蒼空の六竜 前半戦,ビショップ,11,,ぱなこー,2020
蒼空の六竜 前半戦,ビショップ,12,,arum,2019
蒼空の六竜 前半戦,ビショップ,13,,りぃふ,2012
蒼空の六竜 前半戦,ビショップ,13,,超銀河押忍騎士団ちゃんず,2012
蒼空の六竜 前半戦,ビショップ,13,,blueberry,2012
蒼空の六竜 前半戦,ビショップ,16,,mui,2010
蒼空の六竜 前半戦,ビショップ,17,,るなちょむ,2009
蒼空の六竜 前半戦,ビショップ,18,,キノガッサ,2007
蒼空の六竜 前半戦,ビショップ,19,,ももかん,2006
蒼空の六竜 前半戦,ビショップ,19,,ミルクロちゃん,2006
蒼空の六竜 前半戦,ビショップ,22,,シェナ様さいこう!,2003
蒼空の六竜 前半戦,ビショップ,23,,엔디,2002
蒼空の六竜 前半戦,ビショップ,23,,たけし。,2002
蒼空の六竜 前半戦,ビショップ,23,,ドーホル,2002
蒼空の六竜 前半戦,ビショップ,26,,gaara,1995
蒼空の六竜 前半戦,ビショップ,27,,シゴレ,1986
蒼空の六竜 前半戦,ビショップ,28,,ぎゃん,1985
蒼空の六竜 前半戦,ビショップ,29,,迂闊,1983
蒼空の六竜 前半戦,ビショップ,30,,SHO,1981
蒼空の六竜 前半戦,ビショップ,31,,そ,1980
蒼空の六竜 前半戦,ビショップ,31,,らし,1980
蒼空の六竜 前半戦,ビショップ,31,,電車犯罪,1980
蒼空の六竜 前半戦,ビショップ,31,,urakusip,1980
蒼空の六竜 前半戦,ビショップ,35,,サッキー,1979
蒼空の六竜 前半戦,ビショップ,35,,死闘の傍観者,1979
蒼空の六竜 前半戦,ビショップ,35,,Bullets,1979
蒼空の六竜 前半戦,ビショップ,38,,スノーマン,1978
蒼空の六竜 前半戦,ビショップ,38,,せっきー,1978
蒼空の六竜 前半戦,ビショップ,38,,Vivy,1978
蒼空の六竜 前半戦,ビショップ,38,,ラミアス,1978
蒼空の六竜 前半戦,ビショップ,42,,rain,1977
蒼空の六竜 前半戦,ビショップ,44,,ありか,1976
蒼空の六竜 前半戦,ビショップ,44,,ILLUMINA/REV,1976
蒼空の六竜 前半戦,ビショップ,44,,三角初音,1976
蒼空の六竜 前半戦,ビショップ,47,,よーよー,1975
蒼空の六竜 前半戦,ビショップ,47,,qwer,1975
蒼空の六竜 前半戦,ビショップ,49,,Sugar,1974
蒼空の六竜 前半戦,ビショップ,49,,talsi,1974
蒼空の六竜 前半戦,ビショップ,51,,むにむに,1973
蒼空の六竜 前半戦,ビショップ,51,,senorious,1973
蒼空の六竜 前半戦,ビショップ,53,,Amy,1972
蒼空の六竜 前半戦,ビショップ,53,,やたか,1972
蒼空の六竜 前半戦,ビショップ,55,,山,1971
蒼空の六竜 前半戦,ビショップ,55,,九時,1971
蒼空の六竜 前半戦,ビショップ,55,,しぇりー,1971
蒼空の六竜 前半戦,ビショップ,58,,another,1970
蒼空の六竜 前半戦,ビショップ,58,,secca,1970
蒼空の六竜 前半戦,ビショップ,60,,AlmostCarry,1969
蒼空の六竜 前半戦,ビショップ,60,,超銀河押忍騎士団総長愛華,1969
蒼空の六竜 前半戦,ビショップ,60,,パタクリボー,1969
蒼空の六竜 前半戦,ビショップ,63,,けいやで,1968
蒼空の六竜 前半戦,ビショップ,63,,甘美な無法,1968
蒼空の六竜 前半戦,ビショップ,63,,有馬 貴将,1968
蒼空の六竜 前半戦,ビショップ,66,LVH,rikka,1967
蒼空の六竜 前半戦,ビショップ,66,,noku,1967
蒼空の六竜 前半戦,ビショップ,66,,セニオリス,1967
蒼空の六竜 前半戦,ビショップ,69,,識,1966
蒼空の六竜 前半戦,ビショップ,69,,Rio088,1966
蒼空の六竜 前半戦,ビショップ,69,,SMR,1966
蒼空の六竜 前半戦,ビショップ,69,,エクシヴ,1966
蒼空の六竜 前半戦,ビショップ,69,,dora,1966
蒼空の六竜 前半戦,ビショップ,69,,やっきー,1966
蒼空の六竜 前半戦,ビショップ,75,,きなり。,1965
蒼空の六竜 前半戦,ビショップ,75,,まっすー,1965
蒼空の六竜 前半戦,ビショップ,75,,しきぶ,1965
蒼空の六竜 前半戦,ビショップ,78,,のん,1964
蒼空の六竜 前半戦,ビショップ,78,,太田 海也,1964
蒼空の六竜 前半戦,ビショップ,78,,カムクライズル,1964
蒼空の六竜 前半戦,ビショップ,78,,楓,1964
蒼空の六竜 前半戦,ビショップ,78,,害悪の権化,1964
蒼空の六竜 前半戦,ビショップ,83,,安堂,1963
蒼空の六竜 前半戦,ビショップ,83,,佐藤達広,1963
蒼空の六竜 前半戦,ビショップ,83,,まもみがTOD,1963
蒼空の六竜 前半戦,ビショップ,86,,みずう,1962
蒼空の六竜 前半戦,ビショップ,86,,日輪,1962
蒼空の六竜 前半戦,ビショップ,88,,KIRIN,1961
蒼空の六竜 前半戦,ビショップ,88,,yun,1961
蒼空の六竜 前半戦,ビショップ,88,,Targuil,1961
蒼空の六竜 前半戦,ビショップ,88,,Endroll,1961
蒼空の六竜 前半戦,ビショップ,92,,REN,1960
蒼空の六竜 前半戦,ビショップ,92,,しゃかい53,1960
蒼空の六竜 前半戦,ビショップ,94,,K・A,1959
蒼空の六竜 前半戦,ビショップ,94,,白根洸,1959
蒼空の六竜 前半戦,ビショップ,94,,あぽろ,1959
蒼空の六竜 前半戦,ビショップ,94,,枝垂れ,1959
蒼空の六竜 前半戦,ビショップ,94,,キュアダイヤモンド,1959
蒼空の六竜 前半戦,ビショップ,94,,いろ,1959
蒼空の六竜 前半戦,ビショップ,100,,Aloha,1958
蒼空の六竜 前半戦,ビショップ,100,,ボカロくん,1958
蒼空の六竜 前半戦,ビショップ,100,,水戸納豆,1958
蒼空の六竜 前半戦,ビショップ,100,,ゆっしゃと,1958
蒼空の六竜 前半戦,ネメシス,1,,ルナいないよ,2215
蒼空の六竜 前半戦,ネメシス,2,,DarknessMare,2160
蒼空の六竜 前半戦,ネメシス,2,,PLAYER,2160
蒼空の六竜 前半戦,ネメシス,2,,蒼井ゆうま,2160
蒼空の六竜 前半戦,ネメシス,5,,バーサ,2145
蒼空の六竜 前半戦,ネメシス,6,,スタディー将棋,2135
蒼空の六竜 前半戦,ネメシス,7,,南雲,2124
蒼空の六竜 前半戦,ネメシス,8,,ゐ。,2119
蒼空の六竜 前半戦,ネメシス,9,,青蛇,2112
蒼空の六竜 前半戦,ネメシス,9,,Sarada,2112
蒼空の六竜 前半戦,ネメシス,11,,タヌキ所長,2106
蒼空の六竜 前半戦,ネメシス,12,,幾千の利休,2102
蒼空の六竜 前半戦,ネメシス,13,,Rastro,2094
蒼空の六竜 前半戦,ネメシス,14,,UG,2091
蒼空の六竜 前半戦,ネメシス,15,,コクっち,2090
蒼空の六竜 前半戦,ネメシス,16,,とーくん,2076
蒼空の六竜 前半戦,ネメシス,17,,おいなり,2068
蒼空の六竜 前半戦,ネメシス,18,,しげすぎちゃん,2067
蒼空の六竜 前半戦,ネメシス,19,,ネメんご,2065
蒼空の六竜 前半戦,ネメシス,20,,JinxOTP,2058
蒼空の六竜 前半戦,ネメシス,21,,〆SORA〆,2056
蒼空の六竜 前半戦,ネメシス,22,,NightVine,2054
蒼空の六竜 前半戦,ネメシス,22,,Phantom,2054
蒼空の六竜 前半戦,ネメシス,24,,hana,2053
蒼空の六竜 前半戦,ネメシス,25,,ぴくろしど,2052
蒼空の六竜 前半戦,ネメシス,26,,rumina,2051
蒼空の六竜 前半戦,ネメシス,27,,aqours0321,2050
蒼空の六竜 前半戦,ネメシス,27,,ratora,2050
蒼空の六竜 前半戦,ネメシス,27,,引き篭もりの絶傑,2050
蒼空の六竜 前半戦,ネメシス,30,,#はんなり散歩中,2049
蒼空の六竜 前半戦,ネメシス,30,,おろろん,2049
蒼空の六竜 前半戦,ネメシス,32,,上振れ,2048
蒼空の六竜 前半戦,ネメシス,32,,ぬい,2048
蒼空の六竜 前半戦,ネメシス,34,,toppo,2047
蒼空の六竜 前半戦,ネメシス,34,,MAKIロキサ,2047
蒼空の六竜 前半戦,ネメシス,36,,おっきー,2046
蒼空の六竜 前半戦,ネメシス,36,,Thor,2046
蒼空の六竜 前半戦,ネメシス,39,,識,2044
蒼空の六竜 前半戦,ネメシス,39,,酢飯握り,2044
蒼空の六竜 前半戦,ネメシス,39,,とげ,2044
蒼空の六竜 前半戦,ネメシス,39,,ジョン,2044
蒼空の六竜 前半戦,ネメシス,39,,おかゆ,2044
蒼空の六竜 前半戦,ネメシス,39,,しらぬい,2044
蒼空の六竜 前半戦,ネメシス,45,,sea,2043
蒼空の六竜 前半戦,ネメシス,45,,layla,2043
蒼空の六竜 前半戦,ネメシス,47,,ももかん,2042
蒼空の六竜 前半戦,ネメシス,47,,終末のオティヌス,2042
蒼空の六竜 前半戦,ネメシス,47,,sya-,2042
蒼空の六竜 前半戦,ネメシス,50,,フィーア,2041
蒼空の六竜 前半戦,ネメシス,50,,しめ,2041
蒼空の六竜 前半戦,ネメシス,50,,Turing,2041
蒼空の六竜 前半戦,ネメシス,50,,Shion,2041
蒼空の六竜 前半戦,ネメシス,50,,Ternelica,2041
蒼空の六竜 前半戦,ネメシス,55,VL,Terarina,2040
蒼空の六竜 前半戦,ネメシス,55,,ポロロッカ,2040
蒼空の六竜 前半戦,ネメシス,55,,死闘の傍観者,2040
蒼空の六竜 前半戦,ネメシス,55,,NASU,2040
蒼空の六竜 前半戦,ネメシス,55,,らっく,2040
蒼空の六竜 前半戦,ネメシス,55,,ロロ,2040
蒼空の六竜 前半戦,ネメシス,61,,はも,2039
蒼空の六竜 前半戦,ネメシス,61,,速水,2039
蒼空の六竜 前半戦,ネメシス,61,,海馬成長痛,2039
蒼空の六竜 前半戦,ネメシス,61,,ぱなちゃん,2039
蒼空の六竜 前半戦,ネメシス,61,,タノカミ,2039
蒼空の六竜 前半戦,ネメシス,66,,るま,2038
蒼空の六竜 前半戦,ネメシス,67,,金子大紀,2037
蒼空の六竜 前半戦,ネメシス,67,COL,ペンギン,2037
蒼空の六竜 前半戦,ネメシス,67,,yuki狐,2037
蒼空の六竜 前半戦,ネメシス,67,,産婦人科の帝王,2037
蒼空の六竜 前半戦,ネメシス,71,,いろは,2036
蒼空の六竜 前半戦,ネメシス,71,,くじら,2036
蒼空の六竜 前半戦,ネメシス,71,,ワード,2036
蒼空の六竜 前半戦,ネメシス,71,,唐揚げ定食,2036
蒼空の六竜 前半戦,ネメシス,71,,白瀬しろ_Gxs,2036
蒼空の六竜 前半戦,ネメシス,71,,緋咲,2036
蒼空の六竜 前半戦,ネメシス,77,,はる,2035
蒼空の六竜 前半戦,ネメシス,77,,rare,2035
蒼空の六竜 前半戦,ネメシス,79,,むた,2034
蒼空の六竜 前半戦,ネメシス,79,,たっく,2034
蒼空の六竜 前半戦,ネメシス,79,,チシア,2034
蒼空の六竜 前半戦,ネメシス,82,RID,折り紙,2033
蒼空の六竜 前半戦,ネメシス,82,DFM,かなで,2033
蒼空の六竜 前半戦,ネメシス,82,,まーむ,2033
蒼空の六竜 前半戦,ネメシス,82,,そっくん,2033
蒼空の六竜 前半戦,ネメシス,82,,倚水一生推,2033
蒼空の六竜 前半戦,ネメシス,87,,おちゃけん,2032
蒼空の六竜 前半戦,ネメシス,87,,フーラ,2032
蒼空の六竜 前半戦,ネメシス,89,,Amano,2031
蒼空の六竜 前半戦,ネメシス,89,,ヨッシー,2031
蒼空の六竜 前半戦,ネメシス,89,,T_T,2031
蒼空の六竜 前半戦,ネメシス,89,,キザミノリ,2031
蒼空の六竜 前半戦,ネメシス,89,,え,2031
蒼空の六竜 前半戦,ネメシス,89,,びんぐ,2031
蒼空の六竜 前半戦,ネメシス,95,,きょろ,2030
蒼空の六竜 前半戦,ネメシス,95,,花漾星@twitch,2030
蒼空の六竜 前半戦,ネメシス,95,,TorA,2030
蒼空の六竜 前半戦,ネメシス,95,,千年以上無職の宮田じゅん,2030
蒼空の六竜 前半戦,ネメシス,95,,小子看好了这三刀会很帅,2030
蒼空の六竜 前半戦,ネメシス,100,,た,2029
絶傑の継承者 後半戦,エルフ,1,,MURA,2265
絶傑の継承者 後半戦,エルフ,2,LVH,rikka,2242
絶傑の継承者 後半戦,エルフ,3,DFM,ユーリ,2191
絶傑の継承者 後半戦,エルフ,4,,三人,2155
絶傑の継承者 後半戦,エルフ,4,,カシオ,2155
絶傑の継承者 後半戦,エルフ,6,CR,Winter,2143
絶傑の継承者 後半戦,エルフ,7,,おちゃ,2128
絶傑の継承者 後半戦,エルフ,8,,しょうた,2117
絶傑の継承者 後半戦,エルフ,8,,にゃんこクエスト,2117
絶傑の継承者 後半戦,エルフ,10,,コクっち,2109
絶傑の継承者 後半戦,エルフ,10,,....,2109
絶傑の継承者 後半戦,エルフ,12,,さむ,2108
絶傑の継承者 後半戦,エルフ,12,,a,2108
絶傑の継承者 後半戦,エルフ,14,,surpass,2107
絶傑の継承者 後半戦,エルフ,15,,さしみ,2106
絶傑の継承者 後半戦,エルフ,16,,C,2103
絶傑の継承者 後半戦,エルフ,16,,j,2103
絶傑の継承者 後半戦,エルフ,18,RID,Chappy_ttv,2100
絶傑の継承者 後半戦,エルフ,18,CR,空白,2100
絶傑の継承者 後半戦,エルフ,20,,かるま,2099
絶傑の継承者 後半戦,エルフ,21,,水谷一平,2085
絶傑の継承者 後半戦,エルフ,22,,超銀河押忍騎士団ちゃんず,2079
絶傑の継承者 後半戦,エルフ,23,,シゴレ,2078
絶傑の継承者 後半戦,エルフ,24,,geotaxis,2075
絶傑の継承者 後半戦,エルフ,25,,せんぷうき,2074
絶傑の継承者 後半戦,エルフ,26,,メガいっつ,2069
絶傑の継承者 後半戦,エルフ,27,,Utatomo,2067
絶傑の継承者 後半戦,エルフ,28,,Nekoma,2063
絶傑の継承者 後半戦,エルフ,29,,ゆうのん,2062
絶傑の継承者 後半戦,エルフ,30,,わたあめ,2061
絶傑の継承者 後半戦,エルフ,31,,Vermilion,2060
絶傑の継承者 後半戦,エルフ,32,,toppo,2059
絶傑の継承者 後半戦,エルフ,32,,たーとる,2059
絶傑の継承者 後半戦,エルフ,34,,galette,2058
絶傑の継承者 後半戦,エルフ,34,,べにお,2058
絶傑の継承者 後半戦,エルフ,36,,とげ,2056
絶傑の継承者 後半戦,エルフ,37,LVH,だーよね,2054
絶傑の継承者 後半戦,エルフ,38,,兎月しるく,2053
絶傑の継承者 後半戦,エルフ,38,,ダヤン視聴者,2053
絶傑の継承者 後半戦,エルフ,38,,ステルスモモ,2053
絶傑の継承者 後半戦,エルフ,38,,えるむ,2053
絶傑の継承者 後半戦,エルフ,38,,レンキンス,2053
絶傑の継承者 後半戦,エルフ,43,CR,Atom,2052
絶傑の継承者 後半戦,エルフ,43,,のん,2052
絶傑の継承者 後半戦,エルフ,45,,しょーや,2051
絶傑の継承者 後半戦,エルフ,46,,asano,2050
絶傑の継承者 後半戦,エルフ,46,,紅葉おろし,2050
絶傑の継承者 後半戦,エルフ,48,VL,Terarina,2048
絶傑の継承者 後半戦,エルフ,49,,そう,2047
絶傑の継承者 後半戦,エルフ,50,,シロクマ24時,2046
絶傑の継承者 後半戦,エルフ,50,,り,2046
絶傑の継承者 後半戦,エルフ,50,,んわ,2046
絶傑の継承者 後半戦,エルフ,53,,サッキー,2045
絶傑の継承者 後半戦,エルフ,53,,ダヤン,2045
絶傑の継承者 後半戦,エルフ,55,LVH,Era53,2044
絶傑の継承者 後半戦,エルフ,55,,ごとう,2044
絶傑の継承者 後半戦,エルフ,57,,でね,2043
絶傑の継承者 後半戦,エルフ,57,,tim,2043
絶傑の継承者 後半戦,エルフ,59,,Riria,2042
絶傑の継承者 後半戦,エルフ,60,,TK,2041
絶傑の継承者 後半戦,エルフ,60,,あぶらみ,2041
絶傑の継承者 後半戦,エルフ,60,,とみ,2041
絶傑の継承者 後半戦,エルフ,60,,涅槃寂静,2041
絶傑の継承者 後半戦,エルフ,64,,noku,2040
絶傑の継承者 後半戦,エルフ,64,,く,2040
絶傑の継承者 後半戦,エルフ,64,,jpp,2040
絶傑の継承者 後半戦,エルフ,64,,coolyu,2040
絶傑の継承者 後半戦,エルフ,64,,kase,2040
絶傑の継承者 後半戦,エルフ,69,,安堂,2039
絶傑の継承者 後半戦,エルフ,69,,エヴァ,2039
絶傑の継承者 後半戦,エルフ,69,,Damdam,2039
絶傑の継承者 後半戦,エルフ,72,,こう,2038
絶傑の継承者 後半戦,エルフ,72,,mimumimu,2038
絶傑の継承者 後半戦,エルフ,72,,妖内内,2038
絶傑の継承者 後半戦,エルフ,72,,minkuru,2038
絶傑の継承者 後半戦,エルフ,76,,せっぷんまる,2037
絶傑の継承者 後半戦,エルフ,76,,シン,2037
絶傑の継承者 後半戦,エルフ,78,DFM,かなで,2036
絶傑の継承者 後半戦,エルフ,78,,yuta,2036
絶傑の継承者 後半戦,エルフ,78,,ひじ茶葉,2036
絶傑の継承者 後半戦,エルフ,81,,NAGI,2035
絶傑の継承者 後半戦,エルフ,81,,ハチベエ,2035
絶傑の継承者 後半戦,エルフ,81,,遺伝子組み換えではない,2035
絶傑の継承者 後半戦,エルフ,84,,りぃふ,2034
絶傑の継承者 後半戦,エルフ,84,ZETA,CQCQ,2034
絶傑の継承者 後半戦,エルフ,84,,ヘチマ,2034
絶傑の継承者 後半戦,エルフ,84,,スライム,2034
絶傑の継承者 後半戦,エルフ,84,,犬,2034
絶傑の継承者 後半戦,エルフ,89,,くえ,2033
絶傑の継承者 後半戦,エルフ,89,iDeal,我袖,2033
絶傑の継承者 後半戦,エルフ,89,,PiPluP,2033
絶傑の継承者 後半戦,エルフ,89,,テン,2033
絶傑の継承者 後半戦,エルフ,93,,はくう/L.L,2032
絶傑の継承者 後半戦,エルフ,93,,睦月,2032
絶傑の継承者 後半戦,エルフ,95,,ぷぎゅる,2031
絶傑の継承者 後半戦,エルフ,96,,しまむら,2030
絶傑の継承者 後半戦,エルフ,97,,コバえもん,2029
絶傑の継承者 後半戦,エルフ,97,,FS3232,2029
絶傑の継承者 後半戦,エルフ,97,,あるくVS,2029
絶傑の継承者 後半戦,エルフ,100,,DarknessMare,2028
絶傑の継承者 後半戦,エルフ,100,,ま。,2028
絶傑の継承者 後半戦,ロイヤル,1,ZETA,CQCQ,2361
絶傑の継承者 後半戦,ロイヤル,2,,およよ,2346
絶傑の継承者 後半戦,ロイヤル,3,,さむ,2331
絶傑の継承者 後半戦,ロイヤル,4,,ももかん,2303
絶傑の継承者 後半戦,ロイヤル,5,,d.,2278
絶傑の継承者 後半戦,ロイヤル,6,,MURA,2270
絶傑の継承者 後半戦,ロイヤル,7,,弱者の反撃,2256
絶傑の継承者 後半戦,ロイヤル,8,,ゆー/ふえらむね,2236
絶傑の継承者 後半戦,ロイヤル,9,,udon,2224
絶傑の継承者 後半戦,ロイヤル,10,RC,たばた,2217
絶傑の継承者 後半戦,ロイヤル,11,CR,Winter,2212
絶傑の継承者 後半戦,ロイヤル,12,,sai,2210
絶傑の継承者 後半戦,ロイヤル,13,,うなぎポテト,2207
絶傑の継承者 後半戦,ロイヤル,14,,いろほー,2204
絶傑の継承者 後半戦,ロイヤル,15,CR,Atom,2203
絶傑の継承者 後半戦,ロイヤル,15,,Amano,2203
絶傑の継承者 後半戦,ロイヤル,15,,あき,2203
絶傑の継承者 後半戦,ロイヤル,18,,バーサ,2201
絶傑の継承者 後半戦,ロイヤル,19,,ぱて,2199
絶傑の継承者 後半戦,ロイヤル,20,,池田会長,2198
絶傑の継承者 後半戦,ロイヤル,21,,オマールエビ,2189
絶傑の継承者 後半戦,ロイヤル,21,,橘ありす,2189
絶傑の継承者 後半戦,ロイヤル,21,,ユーテイアンドビースト,2189
絶傑の継承者 後半戦,ロイヤル,24,,かき,2185
絶傑の継承者 後半戦,ロイヤル,24,,Nove,2185
絶傑の継承者 後半戦,ロイヤル,26,,モナカ,2184
絶傑の継承者 後半戦,ロイヤル,27,,〆SORA〆,2183
絶傑の継承者 後半戦,ロイヤル,27,,ドスキヌタ,2183
絶傑の継承者 後半戦,ロイヤル,27,,熱血の継承者スエセウス,2183
絶傑の継承者 後半戦,ロイヤル,30,,코코나단,2182
絶傑の継承者 後半戦,ロイヤル,30,,ナメクジ君,2182
絶傑の継承者 後半戦,ロイヤル,30,,るーつちゃん,2182
絶傑の継承者 後半戦,ロイヤル,30,,mst,2182
絶傑の継承者 後半戦,ロイヤル,34,,とげ,2181
絶傑の継承者 後半戦,ロイヤル,34,,37kt,2181
絶傑の継承者 後半戦,ロイヤル,34,,このよ,2181
絶傑の継承者 後半戦,ロイヤル,34,,りぃぴよ,2181
絶傑の継承者 後半戦,ロイヤル,34,,sheepmao,2181
絶傑の継承者 後半戦,ロイヤル,39,,Medianoche,2180
絶傑の継承者 後半戦,ロイヤル,39,,そう,2180
絶傑の継承者 後半戦,ロイヤル,39,,DarknessMare,2180
絶傑の継承者 後半戦,ロイヤル,39,,まふらー,2180
絶傑の継承者 後半戦,ロイヤル,39,,リュウ,2180
絶傑の継承者 後半戦,ロイヤル,39,,ano,2180
絶傑の継承者 後半戦,ロイヤル,39,,Maclix,2180
絶傑の継承者 後半戦,ロイヤル,47,,グリーン,2179
絶傑の継承者 後半戦,ロイヤル,47,,Furen,2179
絶傑の継承者 後半戦,ロイヤル,47,,たーとる,2179
絶傑の継承者 後半戦,ロイヤル,50,,サッキー,2178
絶傑の継承者 後半戦,ロイヤル,50,,ラトス,2178
絶傑の継承者 後半戦,ロイヤル,50,,Goppy,2178
絶傑の継承者 後半戦,ロイヤル,50,,nao,2178
絶傑の継承者 後半戦,ロイヤル,50,,高猫,2178
絶傑の継承者 後半戦,ロイヤル,50,,MAKIロキサ,2178
絶傑の継承者 後半戦,ロイヤル,50,,強制,2178
絶傑の継承者 後半戦,ロイヤル,50,,しばけん,2178
絶傑の継承者 後半戦,ロイヤル,58,,Mty,2177
絶傑の継承者 後半戦,ロイヤル,58,,るらら,2177
絶傑の継承者 後半戦,ロイヤル,58,,ちいかや,2177
絶傑の継承者 後半戦,ロイヤル,58,,yuta,2177
絶傑の継承者 後半戦,ロイヤル,58,,すじゃーた,2177
絶傑の継承者 後半戦,ロイヤル,58,,しお,2177
絶傑の継承者 後半戦,ロイヤル,58,,タナショー,2177
絶傑の継承者 後半戦,ロイヤル,65,,とむら,2176
絶傑の継承者 後半戦,ロイヤル,65,,さけどん,2176
絶傑の継承者 後半戦,ロイヤル,65,,ステルスモモ,2176
絶傑の継承者 後半戦,ロイヤル,65,,あまみ,2176
絶傑の継承者 後半戦,ロイヤル,65,,カシオ,2176
絶傑の継承者 後半戦,ロイヤル,65,,Chall,2176
絶傑の継承者 後半戦,ロイヤル,65,,1st_ruru,2176
絶傑の継承者 後半戦,ロイヤル,65,,lemon,2176
絶傑の継承者 後半戦,ロイヤル,73,RID,折り紙,2175
絶傑の継承者 後半戦,ロイヤル,73,,イル,2175
絶傑の継承者 後半戦,ロイヤル,73,,アーシェス中西,2175
絶傑の継承者 後半戦,ロイヤル,73,,たまお,2175
絶傑の継承者 後半戦,ロイヤル,73,,CLF よきさむ,2175
絶傑の継承者 後半戦,ロイヤル,78,,めたを,2174
絶傑の継承者 後半戦,ロイヤル,78,,リム리무,2174
絶傑の継承者 後半戦,ロイヤル,80,LVH,rikka,2173
絶傑の継承者 後半戦,ロイヤル,80,,安堂,2173
絶傑の継承者 後半戦,ロイヤル,80,ivi,かぼさん,2173
絶傑の継承者 後半戦,ロイヤル,80,,万能薬アロエ,2173
絶傑の継承者 後半戦,ロイヤル,84,CR,空白,2172
絶傑の継承者 後半戦,ロイヤル,84,MRG,Spicies,2172
絶傑の継承者 後半戦,ロイヤル,84,,キノガッサ,2172
絶傑の継承者 後半戦,ロイヤル,84,,シェナ様さいこう!,2172
絶傑の継承者 後半戦,ロイヤル,84,,迂闊,2172
絶傑の継承者 後半戦,ロイヤル,84,,りざ,2172
絶傑の継承者 後半戦,ロイヤル,84,,にしくん,2172
絶傑の継承者 後半戦,ロイヤル,84,,elcia,2172
絶傑の継承者 後半戦,ロイヤル,84,,つば96,2172
絶傑の継承者 後半戦,ロイヤル,84,,オールセーブチャレンジ,2172
絶傑の継承者 後半戦,ロイヤル,94,,by2y,2171
絶傑の継承者 後半戦,ロイヤル,94,,くうくうくう,2171
絶傑の継承者 後半戦,ロイヤル,94,,バリーボンズ,2171
絶傑の継承者 後半戦,ロイヤル,97,RID,Chappy_ttv,2170
絶傑の継承者 後半戦,ロイヤル,97,,zero,2170
絶傑の継承者 後半戦,ロイヤル,99,VL,Terarina,2169
絶傑の継承者 後半戦,ロイヤル,99,,いくお,2169
絶傑の継承者 後半戦,ロイヤル,99,,後攻率9割,2169
絶傑の継承者 後半戦,ロイヤル,99,,waaa,2169
絶傑の継承者 後半戦,ロイヤル,99,,maaya,2169
絶傑の継承者 後半戦,ウィッチ,1,,MURA,2272
絶傑の継承者 後半戦,ウィッチ,2,,ヌケニン,2243
絶傑の継承者 後半戦,ウィッチ,3,,餃子,2209
絶傑の継承者 後半戦,ウィッチ,4,,MAO,2203
絶傑の継承者 後半戦,ウィッチ,5,,漆黒,2201
絶傑の継承者 後半戦,ウィッチ,6,CR,Winter,2200
絶傑の継承者 後半戦,ウィッチ,7,,ももかん,2151
絶傑の継承者 後半戦,ウィッチ,8,,Biu,2147
絶傑の継承者 後半戦,ウィッチ,9,,絶対不可侵領域,2141
絶傑の継承者 後半戦,ウィッチ,10,,武閃陰蝕,2139
絶傑の継承者 後半戦,ウィッチ,11,,あい,2134
絶傑の継承者 後半戦,ウィッチ,12,,chun,2133
絶傑の継承者 後半戦,ウィッチ,14,,だっく,2132
絶傑の継承者 後半戦,ウィッチ,15,,識,2129
絶傑の継承者 後半戦,ウィッチ,15,,Eve.,2129
絶傑の継承者 後半戦,ウィッチ,15,,プリンセス天和,2129
絶傑の継承者 後半戦,ウィッチ,15,,ようじ,2129
絶傑の継承者 後半戦,ウィッチ,19,LVH,Era53,2128
絶傑の継承者 後半戦,ウィッチ,19,,せっぷんまる,2128
絶傑の継承者 後半戦,ウィッチ,21,ivi,ハングマン,2127
絶傑の継承者 後半戦,ウィッチ,21,,nalaye,2127
絶傑の継承者 後半戦,ウィッチ,23,,はし,2126
絶傑の継承者 後半戦,ウィッチ,24,,37kt,2124
絶傑の継承者 後半戦,ウィッチ,24,,Furen,2124
絶傑の継承者 後半戦,ウィッチ,24,,uruna,2124
絶傑の継承者 後半戦,ウィッチ,24,VoF,kiyo,2124
絶傑の継承者 後半戦,ウィッチ,29,,こねこね,2123
絶傑の継承者 後半戦,ウィッチ,30,,riri,2122
絶傑の継承者 後半戦,ウィッチ,30,,007,2122
絶傑の継承者 後半戦,ウィッチ,30,,酢だこ,2122
絶傑の継承者 後半戦,ウィッチ,30,,7200円ユーザー,2122
絶傑の継承者 後半戦,ウィッチ,30,,無課金エーテル貯蓄マン,2122
絶傑の継承者 後半戦,ウィッチ,30,,Kyoryubrave,2122
絶傑の継承者 後半戦,ウィッチ,36,,asd,2121
絶傑の継承者 後半戦,ウィッチ,36,,K・A,2121
絶傑の継承者 後半戦,ウィッチ,36,,Marilyn,2121
絶傑の継承者 後半戦,ウィッチ,39,,fluphy,2120
絶傑の継承者 後半戦,ウィッチ,39,,芝,2120
絶傑の継承者 後半戦,ウィッチ,39,,ヨ,2120
絶傑の継承者 後半戦,ウィッチ,39,,みにとまと,2120
絶傑の継承者 後半戦,ウィッチ,39,,syedo,2120
絶傑の継承者 後半戦,ウィッチ,44,,そう,2119
絶傑の継承者 後半戦,ウィッチ,44,,ポポポ,2119
絶傑の継承者 後半戦,ウィッチ,44,MRG,Spicies,2119
絶傑の継承者 後半戦,ウィッチ,44,,じゃん,2119
絶傑の継承者 後半戦,ウィッチ,44,,星月めぐる,2119
絶傑の継承者 後半戦,ウィッチ,44,,おかしいおかし,2119
絶傑の継承者 後半戦,ウィッチ,44,,ユーテイアンドビースト,2119
絶傑の継承者 後半戦,ウィッチ,51,,Nekoma,2118
絶傑の継承者 後半戦,ウィッチ,51,,yuchi,2118
絶傑の継承者 後半戦,ウィッチ,51,,mimimi,2118
絶傑の継承者 後半戦,ウィッチ,51,,mpwd,2118
絶傑の継承者 後半戦,ウィッチ,55,,オチ/SVG,2117
絶傑の継承者 後半戦,ウィッチ,55,,壺男,2117
絶傑の継承者 後半戦,ウィッチ,55,,卍最強伝説卍,2117
絶傑の継承者 後半戦,ウィッチ,55,,ミヤモトロール,2117
絶傑の継承者 後半戦,ウィッチ,59,CR,Atom,2116
絶傑の継承者 後半戦,ウィッチ,59,,イル,2116
絶傑の継承者 後半戦,ウィッチ,59,,maonico47,2116
絶傑の継承者 後半戦,ウィッチ,59,RC,ぱらちゃん,2116
絶傑の継承者 後半戦,ウィッチ,59,,sea,2116
絶傑の継承者 後半戦,ウィッチ,59,,キノガッサ,2116
絶傑の継承者 後半戦,ウィッチ,59,,しゅうまい,2116
絶傑の継承者 後半戦,ウィッチ,66,,とむら,2115
絶傑の継承者 後半戦,ウィッチ,66,,タキ,2115
絶傑の継承者 後半戦,ウィッチ,66,,はと,2115
絶傑の継承者 後半戦,ウィッチ,66,,おる,2115
絶傑の継承者 後半戦,ウィッチ,70,,d*,2114
絶傑の継承者 後半戦,ウィッチ,70,,鬼たそちゃん,2114
絶傑の継承者 後半戦,ウィッチ,70,,クリスタ,2114
絶傑の継承者 後半戦,ウィッチ,70,,べっきぃ,2114
絶傑の継承者 後半戦,ウィッチ,70,,速水,2114
絶傑の継承者 後半戦,ウィッチ,70,,You,2114
絶傑の継承者 後半戦,ウィッチ,70,,psyxi,2114
絶傑の継承者 後半戦,ウィッチ,70,,ハレバレ-01,2114
絶傑の継承者 後半戦,ウィッチ,78,,わやなか,2113
絶傑の継承者 後半戦,ウィッチ,78,,てぃいかわ,2113
絶傑の継承者 後半戦,ウィッチ,80,,アローラキュウコン,2112
絶傑の継承者 後半戦,ウィッチ,80,,味噌日,2112
絶傑の継承者 後半戦,ウィッチ,80,,謎のロイヤル使い,2112
絶傑の継承者 後半戦,ウィッチ,80,,kotoriyp,2112
絶傑の継承者 後半戦,ウィッチ,80,,Mickey,2112
絶傑の継承者 後半戦,ウィッチ,80,,シア,2112
絶傑の継承者 後半戦,ウィッチ,80,,Ryo.,2112
絶傑の継承者 後半戦,ウィッチ,88,,RYO,2111
絶傑の継承者 後半戦,ウィッチ,89,VL,Terarina,2110
絶傑の継承者 後半戦,ウィッチ,89,,rezi,2110
絶傑の継承者 後半戦,ウィッチ,89,,リグゼ,2110
絶傑の継承者 後半戦,ウィッチ,89,,るみぁ,2110
絶傑の継承者 後半戦,ウィッチ,93,,J01,2109
絶傑の継承者 後半戦,ウィッチ,93,,SSNTR,2109
絶傑の継承者 後半戦,ウィッチ,95,CR,空白,2108
絶傑の継承者 後半戦,ウィッチ,95,,L,2108
絶傑の継承者 後半戦,ウィッチ,95,,ratora,2108
絶傑の継承者 後半戦,ウィッチ,95,,鹿目まどか,2108
絶傑の継承者 後半戦,ウィッチ,99,,霜雪,2107
絶傑の継承者 後半戦,ウィッチ,99,,kareha,2107
絶傑の継承者 後半戦,ウィッチ,99,,ここしろ,2107
絶傑の継承者 後半戦,ウィッチ,99,,S.S,2107
絶傑の継承者 後半戦,ドラゴン,1,,ヌケニン,2207
絶傑の継承者 後半戦,ドラゴン,2,,raikou24,2177
絶傑の継承者 後半戦,ドラゴン,3,,きらり,2143
絶傑の継承者 後半戦,ドラゴン,4,,終日,2114
絶傑の継承者 後半戦,ドラゴン,5,,やけおー,2109
絶傑の継承者 後半戦,ドラゴン,6,,ぴょ,2108
絶傑の継承者 後半戦,ドラゴン,7,,島呼呼,2107
絶傑の継承者 後半戦,ドラゴン,9,,おのみち,2079
絶傑の継承者 後半戦,ドラゴン,10,,Muguet,2073
絶傑の継承者 後半戦,ドラゴン,11,,べにしだ,2066
絶傑の継承者 後半戦,ドラゴン,12,,Asatsuyu,2065
絶傑の継承者 後半戦,ドラゴン,13,,アイス,2045
絶傑の継承者 後半戦,ドラゴン,13,,億果実,2045
絶傑の継承者 後半戦,ドラゴン,15,RID,Chappy_ttv,2040
絶傑の継承者 後半戦,ドラゴン,16,,鬼火スイクン,2037
絶傑の継承者 後半戦,ドラゴン,17,,Tanishi,2030
絶傑の継承者 後半戦,ドラゴン,18,,まなみん,2029
絶傑の継承者 後半戦,ドラゴン,18,,ローズクォーツの終末輪廻,2029
絶傑の継承者 後半戦,ドラゴン,20,,迷路的小丛雨,2028
絶傑の継承者 後半戦,ドラゴン,21,,わらばー,2026
絶傑の継承者 後半戦,ドラゴン,22,,TORIII,2025
絶傑の継承者 後半戦,ドラゴン,23,,あさぴー,2024
絶傑の継承者 後半戦,ドラゴン,24,,はらせん,2023
絶傑の継承者 後半戦,ドラゴン,25,,フィー,2022
絶傑の継承者 後半戦,ドラゴン,26,,キラキラハヤト,2019
絶傑の継承者 後半戦,ドラゴン,26,,オチ/SVG,2019
絶傑の継承者 後半戦,ドラゴン,26,,volval,2019
絶傑の継承者 後半戦,ドラゴン,26,,CDG,2019
絶傑の継承者 後半戦,ドラゴン,26,,柴杏,2019
絶傑の継承者 後半戦,ドラゴン,31,,エムブレマー,2018
絶傑の継承者 後半戦,ドラゴン,32,,あい,2016
絶傑の継承者 後半戦,ドラゴン,32,,不知火,2016
絶傑の継承者 後半戦,ドラゴン,32,,シュウ,2016
絶傑の継承者 後半戦,ドラゴン,32,,えとせとら。,2016
絶傑の継承者 後半戦,ドラゴン,36,,TK,2015
絶傑の継承者 後半戦,ドラゴン,36,,KLM,2015
絶傑の継承者 後半戦,ドラゴン,36,,白城LiSA,2015
絶傑の継承者 後半戦,ドラゴン,39,,otaku,2014
絶傑の継承者 後半戦,ドラゴン,39,,スタンバイツーアンカー,2014
絶傑の継承者 後半戦,ドラゴン,39,,たひ,2014
絶傑の継承者 後半戦,ドラゴン,43,,Nem.,2013
絶傑の継承者 後半戦,ドラゴン,44,,ちくわ,2012
絶傑の継承者 後半戦,ドラゴン,45,,りあちゃく,2011
絶傑の継承者 後半戦,ドラゴン,45,,りくお,2011
絶傑の継承者 後半戦,ドラゴン,45,,Lenon,2011
絶傑の継承者 後半戦,ドラゴン,45,,わさお@ギルメン募集,2011
絶傑の継承者 後半戦,ドラゴン,45,,お~えん,2011
絶傑の継承者 後半戦,ドラゴン,50,VL,Terarina,2010
絶傑の継承者 後半戦,ドラゴン,50,,ベネトナシュ,2010
絶傑の継承者 後半戦,ドラゴン,50,,弱い自分は現実逃避,2010
絶傑の継承者 後半戦,ドラゴン,50,,M,2010
絶傑の継承者 後半戦,ドラゴン,50,,ぶるーむ,2010
絶傑の継承者 後半戦,ドラゴン,55,CR,Atom,2009
絶傑の継承者 後半戦,ドラゴン,55,,Kano,2009
絶傑の継承者 後半戦,ドラゴン,55,,あるきがみ,2009
絶傑の継承者 後半戦,ドラゴン,55,,ルネ,2009
絶傑の継承者 後半戦,ドラゴン,55,,まめすけ,2009
絶傑の継承者 後半戦,ドラゴン,55,,そらてぃんたま,2009
絶傑の継承者 後半戦,ドラゴン,55,,Trans,2009
絶傑の継承者 後半戦,ドラゴン,55,,029,2009
絶傑の継承者 後半戦,ドラゴン,64,,ももかん,2008
絶傑の継承者 後半戦,ドラゴン,64,MRG,Spicies,2008
絶傑の継承者 後半戦,ドラゴン,64,,ローウェンバルクスピア,2008
絶傑の継承者 後半戦,ドラゴン,64,,ほづ,2008
絶傑の継承者 後半戦,ドラゴン,64,,わったー,2008
絶傑の継承者 後半戦,ドラゴン,64,,ばーむくーへん,2008
絶傑の継承者 後半戦,ドラゴン,64,,ルナの負けだよ,2008
絶傑の継承者 後半戦,ドラゴン,64,,あばろん,2008
絶傑の継承者 後半戦,ドラゴン,72,,キノガッサ,2007
絶傑の継承者 後半戦,ドラゴン,72,,KIRIN,2007
絶傑の継承者 後半戦,ドラゴン,72,,厚木,2007
絶傑の継承者 後半戦,ドラゴン,72,,Lia,2007
絶傑の継承者 後半戦,ドラゴン,76,,モッティー,2006
絶傑の継承者 後半戦,ドラゴン,76,,ほむほむら,2006
絶傑の継承者 後半戦,ドラゴン,76,,イランツァ使い,2006
絶傑の継承者 後半戦,ドラゴン,79,,karakuti,2005
絶傑の継承者 後半戦,ドラゴン,79,,クソネミ群島,2005
絶傑の継承者 後半戦,ドラゴン,79,,ちぇりお,2005
絶傑の継承者 後半戦,ドラゴン,79,,ASDF,2005
絶傑の継承者 後半戦,ドラゴン,83,CR,空白,2004
絶傑の継承者 後半戦,ドラゴン,83,,一生シャドバの砂袋,2004
絶傑の継承者 後半戦,ドラゴン,83,,らいらい,2004
絶傑の継承者 後半戦,ドラゴン,86,,シゴレ,2003
絶傑の継承者 後半戦,ドラゴン,86,,甘織れな子,2003
絶傑の継承者 後半戦,ドラゴン,86,,イルミ,2003
絶傑の継承者 後半戦,ドラゴン,86,,へなちょこ,2003
絶傑の継承者 後半戦,ドラゴン,86,,ossan,2003
絶傑の継承者 後半戦,ドラゴン,91,ZETA,ヘイム,2002
絶傑の継承者 後半戦,ドラゴン,91,,信濃,2002
絶傑の継承者 後半戦,ドラゴン,91,,クロス,2002
絶傑の継承者 後半戦,ドラゴン,91,,猫田犬雄,2002
絶傑の継承者 後半戦,ドラゴン,91,,さまのすけ,2002
絶傑の継承者 後半戦,ドラゴン,91,,アリス,2002
絶傑の継承者 後半戦,ドラゴン,91,,埋大,2002
絶傑の継承者 後半戦,ドラゴン,98,MRG,glory,2001
絶傑の継承者 後半戦,ドラゴン,98,,そう,2001
絶傑の継承者 後半戦,ドラゴン,98,,湊*ta1/,2001
絶傑の継承者 後半戦,ドラゴン,98,,かいっく,2001
絶傑の継承者 後半戦,ドラゴン,98,,あみゅん,2001
絶傑の継承者 後半戦,ナイトメア,1,,ブレイク・トライネン,2260
絶傑の継承者 後半戦,ナイトメア,2,,たこすけ,2249
絶傑の継承者 後半戦,ナイトメア,3,,せんめん,2220
絶傑の継承者 後半戦,ナイトメア,4,,1,2213
絶傑の継承者 後半戦,ナイトメア,5,,じゃすん@Vちゅーばー,2212
絶傑の継承者 後半戦,ナイトメア,6,CR,Winter,2208
絶傑の継承者 後半戦,ナイトメア,6,,仁,2208
絶傑の継承者 後半戦,ナイトメア,8,,Mty,2206
絶傑の継承者 後半戦,ナイトメア,9,,二階堂ヒロ,2205
絶傑の継承者 後半戦,ナイトメア,9,,桜,2205
絶傑の継承者 後半戦,ナイトメア,11,,maonico47,2202
絶傑の継承者 後半戦,ナイトメア,12,,BEANS_,2200
絶傑の継承者 後半戦,ナイトメア,13,DFM,かなで,2196
絶傑の継承者 後半戦,ナイトメア,14,,るぜみも,2184
絶傑の継承者 後半戦,ナイトメア,15,,かわい,2177
絶傑の継承者 後半戦,ナイトメア,16,,しいたけ,2176
絶傑の継承者 後半戦,ナイトメア,17,,ヒロ,2174
絶傑の継承者 後半戦,ナイトメア,18,,ららら,2173
絶傑の継承者 後半戦,ナイトメア,19,,akatsuki,2171
絶傑の継承者 後半戦,ナイトメア,20,RID,さくさくぱんだ,2169
絶傑の継承者 後半戦,ナイトメア,20,,h,2169
絶傑の継承者 後半戦,ナイトメア,20,,Zaichi,2169
絶傑の継承者 後半戦,ナイトメア,20,,NAOYAMA,2169
絶傑の継承者 後半戦,ナイトメア,24,,オマールエビ,2165
絶傑の継承者 後半戦,ナイトメア,24,,いたみ(やまかぜ),2165
絶傑の継承者 後半戦,ナイトメア,24,,まなみん,2165
絶傑の継承者 後半戦,ナイトメア,27,BFF,Esuna,2164
絶傑の継承者 後半戦,ナイトメア,27,,のい,2164
絶傑の継承者 後半戦,ナイトメア,27,,ルナリア,2164
絶傑の継承者 後半戦,ナイトメア,30,,りざ,2163
絶傑の継承者 後半戦,ナイトメア,30,,shiru,2163
絶傑の継承者 後半戦,ナイトメア,32,,rafay,2162
絶傑の継承者 後半戦,ナイトメア,32,,弱者の反撃,2162
絶傑の継承者 後半戦,ナイトメア,32,,aoyamanamami,2162
絶傑の継承者 後半戦,ナイトメア,35,,いな,2161
絶傑の継承者 後半戦,ナイトメア,35,,P太郎,2161
絶傑の継承者 後半戦,ナイトメア,37,,爆弾魔 タイガマイト,2159
絶傑の継承者 後半戦,ナイトメア,38,,37kt,2158
絶傑の継承者 後半戦,ナイトメア,39,,ルネ,2157
絶傑の継承者 後半戦,ナイトメア,39,,メルル,2157
絶傑の継承者 後半戦,ナイトメア,41,,karakuti,2156
絶傑の継承者 後半戦,ナイトメア,41,,ささ,2156
絶傑の継承者 後半戦,ナイトメア,41,,ここらら,2156
絶傑の継承者 後半戦,ナイトメア,44,,アーシェス中西,2155
絶傑の継承者 後半戦,ナイトメア,44,MRG,Spicies,2155
絶傑の継承者 後半戦,ナイトメア,44,,秒殺の皇帝,2155
絶傑の継承者 後半戦,ナイトメア,44,,浮雲,2155
絶傑の継承者 後半戦,ナイトメア,48,,uruna,2154
絶傑の継承者 後半戦,ナイトメア,48,,さもちー食べたい,2154
絶傑の継承者 後半戦,ナイトメア,50,,うわの空ヨソミ,2153
絶傑の継承者 後半戦,ナイトメア,50,,Asagi.de,2153
絶傑の継承者 後半戦,ナイトメア,52,CR,空白,2152
絶傑の継承者 後半戦,ナイトメア,52,,安堂,2152
絶傑の継承者 後半戦,ナイトメア,52,,ジリアックスDX3000,2152
絶傑の継承者 後半戦,ナイトメア,52,,ゴア・マガラ,2152
絶傑の継承者 後半戦,ナイトメア,56,,レプリカ,2151
絶傑の継承者 後半戦,ナイトメア,56,,きた,2151
絶傑の継承者 後半戦,ナイトメア,56,,やな,2151
絶傑の継承者 後半戦,ナイトメア,59,,DarknessMare,2150
絶傑の継承者 後半戦,ナイトメア,59,,らいお軍曹,2150
絶傑の継承者 後半戦,ナイトメア,59,,イルミ,2150
絶傑の継承者 後半戦,ナイトメア,59,,らい,2150
絶傑の継承者 後半戦,ナイトメア,59,,いのま,2150
絶傑の継承者 後半戦,ナイトメア,59,,osakana,2150
絶傑の継承者 後半戦,ナイトメア,65,,そう,2149
絶傑の継承者 後半戦,ナイトメア,65,,るーん,2149
絶傑の継承者 後半戦,ナイトメア,65,,エース,2149
絶傑の継承者 後半戦,ナイトメア,65,,mizmiz,2149
絶傑の継承者 後半戦,ナイトメア,65,,いろはに,2149
絶傑の継承者 後半戦,ナイトメア,70,,かしのき,2148
絶傑の継承者 後半戦,ナイトメア,70,,CLF よきさむ,2148
絶傑の継承者 後半戦,ナイトメア,70,,ヒマジンブレイカー,2148
絶傑の継承者 後半戦,ナイトメア,73,,Excelia,2147
絶傑の継承者 後半戦,ナイトメア,73,,よしののの,2147
絶傑の継承者 後半戦,ナイトメア,75,,泥沼の夜架,2146
絶傑の継承者 後半戦,ナイトメア,75,,蓮の花R,2146
絶傑の継承者 後半戦,ナイトメア,77,,まこと,2145
絶傑の継承者 後半戦,ナイトメア,78,,mitt4,2144
絶傑の継承者 後半戦,ナイトメア,78,,rabbit,2144
絶傑の継承者 後半戦,ナイトメア,80,VL,Terarina,2143
絶傑の継承者 後半戦,ナイトメア,80,CR,Atom,2143
絶傑の継承者 後半戦,ナイトメア,80,RID,折り紙,2143
絶傑の継承者 後半戦,ナイトメア,80,,水煮,2143
絶傑の継承者 後半戦,ナイトメア,80,,すじゃーた,2143
絶傑の継承者 後半戦,ナイトメア,80,,おだゆー,2143
絶傑の継承者 後半戦,ナイトメア,80,,謎擬Q,2143
絶傑の継承者 後半戦,ナイトメア,80,,久遠,2143
絶傑の継承者 後半戦,ナイトメア,88,,こう,2142
絶傑の継承者 後半戦,ナイトメア,88,,きりん,2142
絶傑の継承者 後半戦,ナイトメア,90,,あぶらみ,2141
絶傑の継承者 後半戦,ナイトメア,90,,さみだれ!,2141
絶傑の継承者 後半戦,ナイトメア,90,,F,2141
絶傑の継承者 後半戦,ナイトメア,90,,ばっふぁろん,2141
絶傑の継承者 後半戦,ナイトメア,94,,Lazurite,2140
絶傑の継承者 後半戦,ナイトメア,94,,しかまろ,2140
絶傑の継承者 後半戦,ナイトメア,96,,三刀流,2139
絶傑の継承者 後半戦,ナイトメア,97,合宿組,kt,2138
絶傑の継承者 後半戦,ナイトメア,97,,B・LUC,2138
絶傑の継承者 後半戦,ナイトメア,97,,たたきこみ,2138
絶傑の継承者 後半戦,ナイトメア,100,,みやk,2135
絶傑の継承者 後半戦,ナイトメア,100,,arinko210,2135
絶傑の継承者 後半戦,ビショップ,1,,MURA,2299
絶傑の継承者 後半戦,ビショップ,2,,あい,2252
絶傑の継承者 後半戦,ビショップ,3,,アカギ,2241
絶傑の継承者 後半戦,ビショップ,4,,at,2240
絶傑の継承者 後半戦,ビショップ,5,,hira,2238
絶傑の継承者 後半戦,ビショップ,6,RID,山田レクイエム,2229
絶傑の継承者 後半戦,ビショップ,7,,アービング,2223
絶傑の継承者 後半戦,ビショップ,8,,パルモン,2220
絶傑の継承者 後半戦,ビショップ,9,DFM,かなで,2213
絶傑の継承者 後半戦,ビショップ,9,,枝豆,2213
絶傑の継承者 後半戦,ビショップ,11,,SNOW,2212
絶傑の継承者 後半戦,ビショップ,12,,アルル,2211
絶傑の継承者 後半戦,ビショップ,13,,か,2207
絶傑の継承者 後半戦,ビショップ,14,,シゴレ,2206
絶傑の継承者 後半戦,ビショップ,15,CR,Winter,2205
絶傑の継承者 後半戦,ビショップ,15,,김상우,2205
絶傑の継承者 後半戦,ビショップ,17,,サッキー,2204
絶傑の継承者 後半戦,ビショップ,17,,BEANS_,2204
絶傑の継承者 後半戦,ビショップ,19,DFM,ミル,2202
絶傑の継承者 後半戦,ビショップ,19,,まっすー,2202
絶傑の継承者 後半戦,ビショップ,21,,shu-cat,2201
絶傑の継承者 後半戦,ビショップ,21,,よしだめ,2201
絶傑の継承者 後半戦,ビショップ,23,,ま。,2200
絶傑の継承者 後半戦,ビショップ,24,,surpass,2198
絶傑の継承者 後半戦,ビショップ,25,,37kt,2197
絶傑の継承者 後半戦,ビショップ,26,,スノーマン,2189
絶傑の継承者 後半戦,ビショップ,27,,はなか,2186
絶傑の継承者 後半戦,ビショップ,28,,漆黒,2185
絶傑の継承者 後半戦,ビショップ,28,,そ,2185
絶傑の継承者 後半戦,ビショップ,28,,うちのギルド来ませんか!,2185
絶傑の継承者 後半戦,ビショップ,31,,しいたけ,2184
絶傑の継承者 後半戦,ビショップ,32,,Eve.,2182
絶傑の継承者 後半戦,ビショップ,32,,乌冬绝杰,2182
絶傑の継承者 後半戦,ビショップ,34,,くまくま,2180
絶傑の継承者 後半戦,ビショップ,34,,与謝野晶子,2180
絶傑の継承者 後半戦,ビショップ,36,CR,Atom,2179
絶傑の継承者 後半戦,ビショップ,36,,椎名,2179
絶傑の継承者 後半戦,ビショップ,38,VL,Terarina,2178
絶傑の継承者 後半戦,ビショップ,38,RC,あぐのむ,2178
絶傑の継承者 後半戦,ビショップ,38,,Rio088,2178
絶傑の継承者 後半戦,ビショップ,38,,ウルトラウニーマン,2178
絶傑の継承者 後半戦,ビショップ,42,,Reia,2177
絶傑の継承者 後半戦,ビショップ,42,,佐藤達広,2177
絶傑の継承者 後半戦,ビショップ,44,,アーシェス中西,2175
絶傑の継承者 後半戦,ビショップ,45,,シェナ様さいこう!,2174
絶傑の継承者 後半戦,ビショップ,45,あいむ,UFV,2174
絶傑の継承者 後半戦,ビショップ,45,,よーぶん,2174
絶傑の継承者 後半戦,ビショップ,48,,rafay,2173
絶傑の継承者 後半戦,ビショップ,48,,e.,2173
絶傑の継承者 後半戦,ビショップ,48,,kase,2173
絶傑の継承者 後半戦,ビショップ,48,,ぬい,2173
絶傑の継承者 後半戦,ビショップ,48,,なな,2173
絶傑の継承者 後半戦,ビショップ,48,,Raan,2173
絶傑の継承者 後半戦,ビショップ,54,LVH,rikka,2172
絶傑の継承者 後半戦,ビショップ,54,,とげ,2172
絶傑の継承者 後半戦,ビショップ,54,,のん,2172
絶傑の継承者 後半戦,ビショップ,54,,blueberry,2172
絶傑の継承者 後半戦,ビショップ,54,,えーたろうVT,2172
絶傑の継承者 後半戦,ビショップ,54,,ねこやま,2172
絶傑の継承者 後半戦,ビショップ,54,,悲来乎,2172
絶傑の継承者 後半戦,ビショップ,54,,モスコ,2172
絶傑の継承者 後半戦,ビショップ,54,,まっつん,2172
絶傑の継承者 後半戦,ビショップ,63,,maonico47,2171
絶傑の継承者 後半戦,ビショップ,63,,さむ,2171
絶傑の継承者 後半戦,ビショップ,63,,ポポクロ,2171
絶傑の継承者 後半戦,ビショップ,66,,識,2170
絶傑の継承者 後半戦,ビショップ,66,,Cgod,2170
絶傑の継承者 後半戦,ビショップ,66,,たなか,2170
絶傑の継承者 後半戦,ビショップ,66,,莱奥的啦,2170
絶傑の継承者 後半戦,ビショップ,70,,タンス,2169
絶傑の継承者 後半戦,ビショップ,70,,tbk,2169
絶傑の継承者 後半戦,ビショップ,73,,むにむに,2168
絶傑の継承者 後半戦,ビショップ,73,,ニシカイガン,2168
絶傑の継承者 後半戦,ビショップ,73,,無銘,2168
絶傑の継承者 後半戦,ビショップ,76,,Medianoche,2167
絶傑の継承者 後半戦,ビショップ,76,LVH,Hirobosu,2167
絶傑の継承者 後半戦,ビショップ,76,,うおw,2167
絶傑の継承者 後半戦,ビショップ,76,,1048,2167
絶傑の継承者 後半戦,ビショップ,76,,はと,2167
絶傑の継承者 後半戦,ビショップ,81,,asano,2166
絶傑の継承者 後半戦,ビショップ,81,,きよ,2166
絶傑の継承者 後半戦,ビショップ,81,,枝垂れ,2166
絶傑の継承者 後半戦,ビショップ,81,,ぷゆめりあ,2166
絶傑の継承者 後半戦,ビショップ,81,,Nellie,2166
絶傑の継承者 後半戦,ビショップ,81,,うさぽぽ,2166
絶傑の継承者 後半戦,ビショップ,87,,りぃふ,2165
絶傑の継承者 後半戦,ビショップ,87,,そう,2165
絶傑の継承者 後半戦,ビショップ,87,,shuhei,2165
絶傑の継承者 後半戦,ビショップ,87,,Na,2165
絶傑の継承者 後半戦,ビショップ,87,,SMR,2165
絶傑の継承者 後半戦,ビショップ,87,,DosKoiXX,2165
絶傑の継承者 後半戦,ビショップ,93,,抹茶,2164
絶傑の継承者 後半戦,ビショップ,93,,Kai25,2164
絶傑の継承者 後半戦,ビショップ,95,,イル,2163
絶傑の継承者 後半戦,ビショップ,95,,へいこう,2163
絶傑の継承者 後半戦,ビショップ,97,,焼酎と桃,2162
絶傑の継承者 後半戦,ビショップ,97,,UKG,2162
絶傑の継承者 後半戦,ビショップ,99,,vsai,2161
絶傑の継承者 後半戦,ビショップ,100,,tommy,2159
絶傑の継承者 後半戦,ネメシス,1,,タヌキ所長,2191
絶傑の継承者 後半戦,ネメシス,1,,ace,2191
絶傑の継承者 後半戦,ネメシス,3,,T_T,2140
絶傑の継承者 後半戦,ネメシス,4,,信濃,2122
絶傑の継承者 後半戦,ネメシス,5,,らこ,2116
絶傑の継承者 後半戦,ネメシス,6,,PLAYER,2109
絶傑の継承者 後半戦,ネメシス,7,,か,2105
絶傑の継承者 後半戦,ネメシス,8,,やっほーん,2103
絶傑の継承者 後半戦,ネメシス,9,,こいきんぐ,2096
絶傑の継承者 後半戦,ネメシス,10,,amre,2081
絶傑の継承者 後半戦,ネメシス,11,,爆弾魔 タイガマイト,2072
絶傑の継承者 後半戦,ネメシス,12,,ゴレネコ,2061
絶傑の継承者 後半戦,ネメシス,13,,あらは,2059
絶傑の継承者 後半戦,ネメシス,14,,アイス,2058
絶傑の継承者 後半戦,ネメシス,15,,スタディー将棋,2054
絶傑の継承者 後半戦,ネメシス,16,,レイヴン@Vtuber,2053
絶傑の継承者 後半戦,ネメシス,17,,クロジェ,2051
絶傑の継承者 後半戦,ネメシス,18,,bera,2047
絶傑の継承者 後半戦,ネメシス,18,,D,2047
絶傑の継承者 後半戦,ネメシス,20,LVH,Era53,2045
絶傑の継承者 後半戦,ネメシス,21,,たっく,2044
絶傑の継承者 後半戦,ネメシス,22,,Targuil,2042
絶傑の継承者 後半戦,ネメシス,22,,サば,2042
絶傑の継承者 後半戦,ネメシス,24,,はも,2041
絶傑の継承者 後半戦,ネメシス,25,,K,2039
絶傑の継承者 後半戦,ネメシス,26,,ぶすたんくぅ,2038
絶傑の継承者 後半戦,ネメシス,27,,たいやき,2037
絶傑の継承者 後半戦,ネメシス,28,,虚無ちん,2036
絶傑の継承者 後半戦,ネメシス,29,,ジャスティス矢野,2034
絶傑の継承者 後半戦,ネメシス,30,,頭ユニオンマジック,2032
絶傑の継承者 後半戦,ネメシス,31,CR,空白,2031
絶傑の継承者 後半戦,ネメシス,31,合宿組,Bene,2031
絶傑の継承者 後半戦,ネメシス,31,,シンドローム,2031
絶傑の継承者 後半戦,ネメシス,34,,こう,2030
絶傑の継承者 後半戦,ネメシス,34,,aladdin,2030
絶傑の継承者 後半戦,ネメシス,34,,3rd,2030
絶傑の継承者 後半戦,ネメシス,37,,タニーポ,2029
絶傑の継承者 後半戦,ネメシス,37,,酢飯握り,2029
絶傑の継承者 後半戦,ネメシス,37,,むた,2029
絶傑の継承者 後半戦,ネメシス,37,,砂井裏鍵,2029
絶傑の継承者 後半戦,ネメシス,37,,うにぐり,2029
絶傑の継承者 後半戦,ネメシス,42,CR,Atom,2028
絶傑の継承者 後半戦,ネメシス,42,,抹茶,2028
絶傑の継承者 後半戦,ネメシス,42,,ハートベル,2028
絶傑の継承者 後半戦,ネメシス,42,,KAMINO,2028
絶傑の継承者 後半戦,ネメシス,42,,はんにゃ,2028
絶傑の継承者 後半戦,ネメシス,42,,horo,2028
絶傑の継承者 後半戦,ネメシス,48,,いわたん,2027
絶傑の継承者 後半戦,ネメシス,48,,池田会長,2027
絶傑の継承者 後半戦,ネメシス,50,VL,Terarina,2026
絶傑の継承者 後半戦,ネメシス,50,,テレコム,2026
絶傑の継承者 後半戦,ネメシス,50,,ゼニカル,2026
絶傑の継承者 後半戦,ネメシス,54,,キザミノリ,2024
絶傑の継承者 後半戦,ネメシス,54,,紫杏,2024
絶傑の継承者 後半戦,ネメシス,54,,たこにゃん,2024
絶傑の継承者 後半戦,ネメシス,54,,くろたまご,2024
絶傑の継承者 後半戦,ネメシス,58,,DarknessMare,2023
絶傑の継承者 後半戦,ネメシス,58,,ふりくん,2023
絶傑の継承者 後半戦,ネメシス,58,,ブロッコリー,2023
絶傑の継承者 後半戦,ネメシス,58,,ルムマ自傷,2023
絶傑の継承者 後半戦,ネメシス,58,,カセ,2023
絶傑の継承者 後半戦,ネメシス,63,,ys,2022
絶傑の継承者 後半戦,ネメシス,63,,Y,2022
絶傑の継承者 後半戦,ネメシス,63,,堂上,2022
絶傑の継承者 後半戦,ネメシス,66,,なる,2021
絶傑の継承者 後半戦,ネメシス,66,,tuttu,2021
絶傑の継承者 後半戦,ネメシス,66,,kovan,2021
絶傑の継承者 後半戦,ネメシス,66,,リーシェナを崇めろ,2021
絶傑の継承者 後半戦,ネメシス,70,,たまお,2020
絶傑の継承者 後半戦,ネメシス,70,,reizen,2020
絶傑の継承者 後半戦,ネメシス,70,,ディオム,2020
絶傑の継承者 後半戦,ネメシス,70,,玉狛のトリオン怪獣,2020
絶傑の継承者 後半戦,ネメシス,70,,おふじ,2020
絶傑の継承者 後半戦,ネメシス,70,,すふれ,2020
絶傑の継承者 後半戦,ネメシス,70,,ガスト,2020
絶傑の継承者 後半戦,ネメシス,77,,Medianoche,2019
絶傑の継承者 後半戦,ネメシス,77,,rai,2019
絶傑の継承者 後半戦,ネメシス,77,,sig,2019
絶傑の継承者 後半戦,ネメシス,77,,アオネコデザイン,2019
絶傑の継承者 後半戦,ネメシス,77,,nase,2019
絶傑の継承者 後半戦,ネメシス,82,,さ,2018
絶傑の継承者 後半戦,ネメシス,82,,フーラ,2018
絶傑の継承者 後半戦,ネメシス,82,,よしののの,2018
絶傑の継承者 後半戦,ネメシス,82,,match43@読書,2018
絶傑の継承者 後半戦,ネメシス,86,,りいな,2017
絶傑の継承者 後半戦,ネメシス,86,,しゅうまい,2017
絶傑の継承者 後半戦,ネメシス,88,,イル,2016
絶傑の継承者 後半戦,ネメシス,88,,そう,2016
絶傑の継承者 後半戦,ネメシス,88,,湊*ta1/,2016
絶傑の継承者 後半戦,ネメシス,88,,うんてぃねる,2016
絶傑の継承者 後半戦,ネメシス,92,,e.,2015
絶傑の継承者 後半戦,ネメシス,92,,まろ,2015
絶傑の継承者 後半戦,ネメシス,92,,きょろ,2015
絶傑の継承者 後半戦,ネメシス,92,,しょうこ,2015
絶傑の継承者 後半戦,ネメシス,96,RID,折り紙,2014
絶傑の継承者 後半戦,ネメシス,96,,notokura,2014
絶傑の継承者 後半戦,ネメシス,96,,い,2014
絶傑の継承者 後半戦,ネメシス,99,,hiro,2012
絶傑の継承者 後半戦,ネメシス,100,ZETA,ヘイム,2011
絶傑の継承者 後半戦,ネメシス,100,,ポロロッカ,2011
絶傑の継承者 後半戦,ネメシス,100,,すとれあ,2011
絶傑の継承者 前半戦,ウィッチ,1,,MURA,2312
絶傑の継承者 前半戦,ウィッチ,2,,漆黒,2296
絶傑の継承者 前半戦,ウィッチ,3,,アボ,2253
絶傑の継承者 前半戦,ウィッチ,4,,しあん,2251
絶傑の継承者 前半戦,ウィッチ,5,,みにとまと,2240
絶傑の継承者 前半戦,ウィッチ,6,DFM,ミル,2231
絶傑の継承者 前半戦,ウィッチ,7,,achi,2211
絶傑の継承者 前半戦,ウィッチ,8,,Xiaomeiker,2209
絶傑の継承者 前半戦,ウィッチ,8,,ナカタツ,2209
絶傑の継承者 前半戦,ウィッチ,10,,ももかん,2208
絶傑の継承者 前半戦,ウィッチ,12,,SAGA,2206
絶傑の継承者 前半戦,ウィッチ,12,,怜,2206
絶傑の継承者 前半戦,ウィッチ,14,RC,ぱらちゃん,2204
絶傑の継承者 前半戦,ウィッチ,15,,識,2200
絶傑の継承者 前半戦,ウィッチ,16,,ヨ,2181
絶傑の継承者 前半戦,ウィッチ,17,,Crestfallen,2179
絶傑の継承者 前半戦,ウィッチ,18,,akatsuki,2177
絶傑の継承者 前半戦,ウィッチ,19,,しいたけ,2172
絶傑の継承者 前半戦,ウィッチ,20,RID,折り紙,2171
絶傑の継承者 前半戦,ウィッチ,20,,chun,2171
絶傑の継承者 前半戦,ウィッチ,22,,Twin,2170
絶傑の継承者 前半戦,ウィッチ,23,,MAO,2169
絶傑の継承者 前半戦,ウィッチ,24,MRG,Toby,2168
絶傑の継承者 前半戦,ウィッチ,25,,サッキー,2167
絶傑の継承者 前半戦,ウィッチ,25,,えぼるゔ,2167
絶傑の継承者 前半戦,ウィッチ,27,,sea,2166
絶傑の継承者 前半戦,ウィッチ,27,,arum,2166
絶傑の継承者 前半戦,ウィッチ,27,,yuchi,2166
絶傑の継承者 前半戦,ウィッチ,27,,だいい,2166
絶傑の継承者 前半戦,ウィッチ,31,CR,Winter,2165
絶傑の継承者 前半戦,ウィッチ,31,,いるか,2165
絶傑の継承者 前半戦,ウィッチ,33,,007,2164
絶傑の継承者 前半戦,ウィッチ,33,,ZippyRacer,2164
絶傑の継承者 前半戦,ウィッチ,35,,Vqlknis,2163
絶傑の継承者 前半戦,ウィッチ,35,,Kid,2163
絶傑の継承者 前半戦,ウィッチ,35,,nekoma,2163
絶傑の継承者 前半戦,ウィッチ,35,,ぴったリーサル,2163
絶傑の継承者 前半戦,ウィッチ,39,,META,2162
絶傑の継承者 前半戦,ウィッチ,39,,るみぁ,2162
絶傑の継承者 前半戦,ウィッチ,39,,菓子パン,2162
絶傑の継承者 前半戦,ウィッチ,42,LVH,rikka,2161
絶傑の継承者 前半戦,ウィッチ,42,RC,拓海,2161
絶傑の継承者 前半戦,ウィッチ,42,,nao,2161
絶傑の継承者 前半戦,ウィッチ,42,,ここしろ,2161
絶傑の継承者 前半戦,ウィッチ,42,,はなか,2161
絶傑の継承者 前半戦,ウィッチ,42,,DIS Sharpedo,2161
絶傑の継承者 前半戦,ウィッチ,49,,kendama,2160
絶傑の継承者 前半戦,ウィッチ,49,,わやなか,2160
絶傑の継承者 前半戦,ウィッチ,49,,haru,2160
絶傑の継承者 前半戦,ウィッチ,49,,rafuita,2160
絶傑の継承者 前半戦,ウィッチ,53,,d*,2159
絶傑の継承者 前半戦,ウィッチ,53,,ramen,2159
絶傑の継承者 前半戦,ウィッチ,53,,numa,2159
絶傑の継承者 前半戦,ウィッチ,53,,アルノメア,2159
絶傑の継承者 前半戦,ウィッチ,53,,日替わり人形,2159
絶傑の継承者 前半戦,ウィッチ,53,,デルタ,2159
絶傑の継承者 前半戦,ウィッチ,53,,美玖,2159
絶傑の継承者 前半戦,ウィッチ,60,,むた,2158
絶傑の継承者 前半戦,ウィッチ,60,,アローラキュウコン,2158
絶傑の継承者 前半戦,ウィッチ,62,VL,Terarina,2157
絶傑の継承者 前半戦,ウィッチ,62,VL,まっつ,2157
絶傑の継承者 前半戦,ウィッチ,62,,むにむに,2157
絶傑の継承者 前半戦,ウィッチ,62,,あきす。,2157
絶傑の継承者 前半戦,ウィッチ,62,,L,2157
絶傑の継承者 前半戦,ウィッチ,62,,You,2157
絶傑の継承者 前半戦,ウィッチ,62,,ハンドレス早苗,2157
絶傑の継承者 前半戦,ウィッチ,62,,しゃるふ,2157
絶傑の継承者 前半戦,ウィッチ,70,,超銀河押忍騎士団ちゃんず,2156
絶傑の継承者 前半戦,ウィッチ,70,,がんばえぷいきゅあー,2156
絶傑の継承者 前半戦,ウィッチ,70,,Player,2156
絶傑の継承者 前半戦,ウィッチ,70,,武閃陰蝕,2156
絶傑の継承者 前半戦,ウィッチ,70,,芦毛の怪物,2156
絶傑の継承者 前半戦,ウィッチ,70,,kolento,2156
絶傑の継承者 前半戦,ウィッチ,70,,TKC_VxV,2156
絶傑の継承者 前半戦,ウィッチ,77,,Eve.,2155
絶傑の継承者 前半戦,ウィッチ,77,,じゃん,2155
絶傑の継承者 前半戦,ウィッチ,77,,ウィッチナーフする,2155
絶傑の継承者 前半戦,ウィッチ,77,,K・A,2155
絶傑の継承者 前半戦,ウィッチ,77,,うえむぅ,2155
絶傑の継承者 前半戦,ウィッチ,77,,女最高,2155
絶傑の継承者 前半戦,ウィッチ,83,,オチ/SVG,2154
絶傑の継承者 前半戦,ウィッチ,83,,星月めぐる,2154
絶傑の継承者 前半戦,ウィッチ,83,,すいーと,2154
絶傑の継承者 前半戦,ウィッチ,83,,Kirsitan,2154
絶傑の継承者 前半戦,ウィッチ,83,,gwj,2154
絶傑の継承者 前半戦,ウィッチ,83,,梓喵不打醬油のです~,2154
絶傑の継承者 前半戦,ウィッチ,83,,Cocoa,2154
絶傑の継承者 前半戦,ウィッチ,90,,fluphy,2153
絶傑の継承者 前半戦,ウィッチ,90,,s,2153
絶傑の継承者 前半戦,ウィッチ,90,,かいちゃ,2153
絶傑の継承者 前半戦,ウィッチ,90,,あんぷ,2153
絶傑の継承者 前半戦,ウィッチ,94,,岡,2152
絶傑の継承者 前半戦,ウィッチ,94,,プリンセス天和,2152
絶傑の継承者 前半戦,ウィッチ,96,,だっく,2151
絶傑の継承者 前半戦,ウィッチ,96,,るしあ@訴訟,2151
絶傑の継承者 前半戦,ウィッチ,96,,卍最強伝説卍,2151
絶傑の継承者 前半戦,ウィッチ,96,,Albedo,2151
絶傑の継承者 前半戦,ウィッチ,100,,兄様,2148
絶傑の継承者 前半戦,ナイトメア,1,ZETA,TBT,2310
絶傑の継承者 前半戦,ナイトメア,2,,よしだめ,2304
絶傑の継承者 前半戦,ナイトメア,3,,riri,2302
絶傑の継承者 前半戦,ナイトメア,4,,Hieroglyph,2251
絶傑の継承者 前半戦,ナイトメア,5,,あつ,2244
絶傑の継承者 前半戦,ナイトメア,6,,もぬけ,2227
絶傑の継承者 前半戦,ナイトメア,7,,NTT,2225
絶傑の継承者 前半戦,ナイトメア,8,,はる,2223
絶傑の継承者 前半戦,ナイトメア,9,,安堂,2222
絶傑の継承者 前半戦,ナイトメア,10,VL,Terarina,2218
絶傑の継承者 前半戦,ナイトメア,11,,TK,2205
絶傑の継承者 前半戦,ナイトメア,11,,コン,2205
絶傑の継承者 前半戦,ナイトメア,13,,てつ,2204
絶傑の継承者 前半戦,ナイトメア,14,,リンド,2203
絶傑の継承者 前半戦,ナイトメア,15,,かみやん,2202
絶傑の継承者 前半戦,ナイトメア,16,,ダリアン,2201
絶傑の継承者 前半戦,ナイトメア,17,,さわちゃん,2200
絶傑の継承者 前半戦,ナイトメア,18,,ヒロ,2184
絶傑の継承者 前半戦,ナイトメア,19,,ta,2179
絶傑の継承者 前半戦,ナイトメア,20,,ろいす,2177
絶傑の継承者 前半戦,ナイトメア,21,,F,2176
絶傑の継承者 前半戦,ナイトメア,21,,こむぎこ,2176
絶傑の継承者 前半戦,ナイトメア,21,,yakiniku,2176
絶傑の継承者 前半戦,ナイトメア,21,,kankan,2176
絶傑の継承者 前半戦,ナイトメア,21,,2xx5,2176
絶傑の継承者 前半戦,ナイトメア,26,,Riowh,2175
絶傑の継承者 前半戦,ナイトメア,26,,れい,2175
絶傑の継承者 前半戦,ナイトメア,26,,IQ300,2175
絶傑の継承者 前半戦,ナイトメア,29,,kokomoka,2174
絶傑の継承者 前半戦,ナイトメア,29,,ま,2174
絶傑の継承者 前半戦,ナイトメア,31,,maonico47,2173
絶傑の継承者 前半戦,ナイトメア,31,,鳶沢みさき,2173
絶傑の継承者 前半戦,ナイトメア,31,,kenshi,2173
絶傑の継承者 前半戦,ナイトメア,34,BFF,Esuna,2172
絶傑の継承者 前半戦,ナイトメア,34,,哀切,2172
絶傑の継承者 前半戦,ナイトメア,36,VL,まっつ,2171
絶傑の継承者 前半戦,ナイトメア,36,,otaku,2171
絶傑の継承者 前半戦,ナイトメア,36,,かしのき,2171
絶傑の継承者 前半戦,ナイトメア,36,,レプリカ,2171
絶傑の継承者 前半戦,ナイトメア,40,,そう,2170
絶傑の継承者 前半戦,ナイトメア,40,,じゃすん@Vちゅーばー,2170
絶傑の継承者 前半戦,ナイトメア,40,,いたみ(やまかぜ),2170
絶傑の継承者 前半戦,ナイトメア,40,,ねぎまっと,2170
絶傑の継承者 前半戦,ナイトメア,40,,紫杏,2170
絶傑の継承者 前半戦,ナイトメア,40,,カグツチ,2170
絶傑の継承者 前半戦,ナイトメア,46,,yoiseba,2169
絶傑の継承者 前半戦,ナイトメア,46,,ののの,2169
絶傑の継承者 前半戦,ナイトメア,46,,Noem,2169
絶傑の継承者 前半戦,ナイトメア,46,,caelum,2169
絶傑の継承者 前半戦,ナイトメア,46,,カミハル,2169
絶傑の継承者 前半戦,ナイトメア,46,,tight,2169
絶傑の継承者 前半戦,ナイトメア,46,,ゴールドショコラ,2169
絶傑の継承者 前半戦,ナイトメア,53,,なななな,2168
絶傑の継承者 前半戦,ナイトメア,53,,ゆーすけ,2168
絶傑の継承者 前半戦,ナイトメア,55,,あき,2167
絶傑の継承者 前半戦,ナイトメア,55,,ジンジャー,2167
絶傑の継承者 前半戦,ナイトメア,55,,もこおん,2167
絶傑の継承者 前半戦,ナイトメア,55,,soruron,2167
絶傑の継承者 前半戦,ナイトメア,55,,himategral,2167
絶傑の継承者 前半戦,ナイトメア,60,,秒殺の皇帝,2166
絶傑の継承者 前半戦,ナイトメア,60,,ふぃる,2166
絶傑の継承者 前半戦,ナイトメア,60,,すじゃーた,2166
絶傑の継承者 前半戦,ナイトメア,60,,akatsuki,2166
絶傑の継承者 前半戦,ナイトメア,60,,ポテイト,2166
絶傑の継承者 前半戦,ナイトメア,60,,ryocha,2166
絶傑の継承者 前半戦,ナイトメア,60,,りろ,2166
絶傑の継承者 前半戦,ナイトメア,67,,Pamela@エムリッ党,2165
絶傑の継承者 前半戦,ナイトメア,67,,Raka,2165
絶傑の継承者 前半戦,ナイトメア,67,,レレバ,2165
絶傑の継承者 前半戦,ナイトメア,67,,Garchomp,2165
絶傑の継承者 前半戦,ナイトメア,67,,BuryTheLight,2165
絶傑の継承者 前半戦,ナイトメア,67,,メロン,2165
絶傑の継承者 前半戦,ナイトメア,73,LVH,rikka,2164
絶傑の継承者 前半戦,ナイトメア,73,RID,山田レクイエム,2164
絶傑の継承者 前半戦,ナイトメア,73,LVH,だーよね,2164
絶傑の継承者 前半戦,ナイトメア,73,,アーシェス中西,2164
絶傑の継承者 前半戦,ナイトメア,73,,Mty,2164
絶傑の継承者 前半戦,ナイトメア,73,,リグゼ,2164
絶傑の継承者 前半戦,ナイトメア,73,,h,2164
絶傑の継承者 前半戦,ナイトメア,73,,カシオ,2164
絶傑の継承者 前半戦,ナイトメア,73,,ルナリア,2164
絶傑の継承者 前半戦,ナイトメア,73,,まこと,2164
絶傑の継承者 前半戦,ナイトメア,73,,yasu,2164
絶傑の継承者 前半戦,ナイトメア,73,,ダンD,2164
絶傑の継承者 前半戦,ナイトメア,85,,武閃陰蝕,2163
絶傑の継承者 前半戦,ナイトメア,85,,いちひ,2163
絶傑の継承者 前半戦,ナイトメア,85,,Nightmare,2163
絶傑の継承者 前半戦,ナイトメア,85,,ぺきん・だっく,2163
絶傑の継承者 前半戦,ナイトメア,85,,jgn,2163
絶傑の継承者 前半戦,ナイトメア,85,,さいど,2163
絶傑の継承者 前半戦,ナイトメア,91,,梨,2162
絶傑の継承者 前半戦,ナイトメア,91,,Boni,2162
絶傑の継承者 前半戦,ナイトメア,91,,絆,2162
絶傑の継承者 前半戦,ナイトメア,91,,リーフ,2162
絶傑の継承者 前半戦,ナイトメア,91,,ハニワ,2162
絶傑の継承者 前半戦,ナイトメア,91,,amiba,2162
絶傑の継承者 前半戦,ナイトメア,97,,rafay,2161
絶傑の継承者 前半戦,ナイトメア,97,,Yudra,2161
絶傑の継承者 前半戦,ナイトメア,99,CR,空白,2160
絶傑の継承者 前半戦,ナイトメア,99,,aqours0321,2160
絶傑の継承者 前半戦,ナイトメア,99,,ほづ,2160
絶傑の継承者 前半戦,ナイトメア,99,,わったー,2160
絶傑の継承者 前半戦,ビショップ,1,,ふぃる,2360
絶傑の継承者 前半戦,ビショップ,2,LVH,rikka,2349
絶傑の継承者 前半戦,ビショップ,3,,Teddy,2268
絶傑の継承者 前半戦,ビショップ,4,,スノーマン,2245
絶傑の継承者 前半戦,ビショップ,5,,たなけー,2244
絶傑の継承者 前半戦,ビショップ,6,RC,あぐのむ,2238
絶傑の継承者 前半戦,ビショップ,7,合宿組,気まぐれぱぴの@ttv,2231
絶傑の継承者 前半戦,ビショップ,8,,surpass,2229
絶傑の継承者 前半戦,ビショップ,9,,ビヨンド,2226
絶傑の継承者 前半戦,ビショップ,10,,グリーン,2224
絶傑の継承者 前半戦,ビショップ,11,,チヨ,2220
絶傑の継承者 前半戦,ビショップ,12,,苍猫,2218
絶傑の継承者 前半戦,ビショップ,13,,猪,2200
絶傑の継承者 前半戦,ビショップ,14,,のん,2197
絶傑の継承者 前半戦,ビショップ,15,,シエル,2190
絶傑の継承者 前半戦,ビショップ,16,,Vivy,2187
絶傑の継承者 前半戦,ビショップ,17,,Reia,2179
絶傑の継承者 前半戦,ビショップ,18,,ささみ,2176
絶傑の継承者 前半戦,ビショップ,19,,maonico47,2175
絶傑の継承者 前半戦,ビショップ,19,,タンス,2175
絶傑の継承者 前半戦,ビショップ,21,,noise,2172
絶傑の継承者 前半戦,ビショップ,22,,シェナ様さいこう!,2171
絶傑の継承者 前半戦,ビショップ,22,,J01,2171
絶傑の継承者 前半戦,ビショップ,22,,hanging chad,2171
絶傑の継承者 前半戦,ビショップ,25,MRG,Toby,2170
絶傑の継承者 前半戦,ビショップ,26,,asano,2168
絶傑の継承者 前半戦,ビショップ,26,,淡水,2168
絶傑の継承者 前半戦,ビショップ,26,,Cgod,2168
絶傑の継承者 前半戦,ビショップ,26,,まさ,2168
絶傑の継承者 前半戦,ビショップ,26,,ハモン,2168
絶傑の継承者 前半戦,ビショップ,31,,ポポポ,2167
絶傑の継承者 前半戦,ビショップ,31,,アービング,2167
絶傑の継承者 前半戦,ビショップ,31,,ののの,2167
絶傑の継承者 前半戦,ビショップ,31,,か,2167
絶傑の継承者 前半戦,ビショップ,31,,いりてむ,2167
絶傑の継承者 前半戦,ビショップ,31,,まお,2167
絶傑の継承者 前半戦,ビショップ,31,,ryafka,2167
絶傑の継承者 前半戦,ビショップ,38,,nico,2166
絶傑の継承者 前半戦,ビショップ,38,,るび,2166
絶傑の継承者 前半戦,ビショップ,38,,しょーや,2166
絶傑の継承者 前半戦,ビショップ,38,,莱奥的啦,2166
絶傑の継承者 前半戦,ビショップ,38,,焼酎と桃,2166
絶傑の継承者 前半戦,ビショップ,38,,vsai,2166
絶傑の継承者 前半戦,ビショップ,38,,Jivu,2166
絶傑の継承者 前半戦,ビショップ,45,VL,まっつ,2165
絶傑の継承者 前半戦,ビショップ,45,,とーたす,2165
絶傑の継承者 前半戦,ビショップ,47,,アーシェス中西,2164
絶傑の継承者 前半戦,ビショップ,47,,destiny,2164
絶傑の継承者 前半戦,ビショップ,47,,仁,2164
絶傑の継承者 前半戦,ビショップ,47,,ねこやま,2164
絶傑の継承者 前半戦,ビショップ,51,VL,Terarina,2163
絶傑の継承者 前半戦,ビショップ,51,,at,2163
絶傑の継承者 前半戦,ビショップ,51,合宿組,Beita,2163
絶傑の継承者 前半戦,ビショップ,54,,えくれあ,2162
絶傑の継承者 前半戦,ビショップ,54,,犬飼澄晴,2162
絶傑の継承者 前半戦,ビショップ,54,,Vanilla,2162
絶傑の継承者 前半戦,ビショップ,54,,理論値を求めて,2162
絶傑の継承者 前半戦,ビショップ,54,,魔王,2162
絶傑の継承者 前半戦,ビショップ,54,,うちのギルド来ませんか!,2162
絶傑の継承者 前半戦,ビショップ,54,,エレガント・コアラ,2162
絶傑の継承者 前半戦,ビショップ,61,CR,空白,2161
絶傑の継承者 前半戦,ビショップ,61,,naowa,2161
絶傑の継承者 前半戦,ビショップ,61,,湊*Dio,2161
絶傑の継承者 前半戦,ビショップ,64,,とみ,2160
絶傑の継承者 前半戦,ビショップ,64,,Rio088,2160
絶傑の継承者 前半戦,ビショップ,67,,シゴレ,2159
絶傑の継承者 前半戦,ビショップ,67,,たらこ,2159
絶傑の継承者 前半戦,ビショップ,69,,超銀河押忍騎士団ちゃんず,2158
絶傑の継承者 前半戦,ビショップ,69,,Riowh,2158
絶傑の継承者 前半戦,ビショップ,69,,another,2158
絶傑の継承者 前半戦,ビショップ,69,,枝豆,2158
絶傑の継承者 前半戦,ビショップ,73,,otaku,2157
絶傑の継承者 前半戦,ビショップ,73,,シロクマ24時,2157
絶傑の継承者 前半戦,ビショップ,73,,たなか,2157
絶傑の継承者 前半戦,ビショップ,73,,CG,2157
絶傑の継承者 前半戦,ビショップ,73,,セルヌンティウス,2157
絶傑の継承者 前半戦,ビショップ,73,,ggfgdsfg,2157
絶傑の継承者 前半戦,ビショップ,73,,パセ太郎,2157
絶傑の継承者 前半戦,ビショップ,73,,硬邦邦成哥哥帮帮我,2157
絶傑の継承者 前半戦,ビショップ,81,LVH,だーよね,2156
絶傑の継承者 前半戦,ビショップ,81,,えーたろうVT,2156
絶傑の継承者 前半戦,ビショップ,81,,ゆーすけ,2156
絶傑の継承者 前半戦,ビショップ,84,,小波波,2155
絶傑の継承者 前半戦,ビショップ,84,,けいやで,2155
絶傑の継承者 前半戦,ビショップ,84,,hira,2155
絶傑の継承者 前半戦,ビショップ,84,,s,2155
絶傑の継承者 前半戦,ビショップ,84,,しろNOIRE,2155
絶傑の継承者 前半戦,ビショップ,84,,Nellie,2155
絶傑の継承者 前半戦,ビショップ,84,,天天,2155
絶傑の継承者 前半戦,ビショップ,84,,すんすん,2155
絶傑の継承者 前半戦,ビショップ,84,,yaichi,2155
絶傑の継承者 前半戦,ビショップ,93,LVH,Hirobosu,2154
絶傑の継承者 前半戦,ビショップ,93,,udon,2154
絶傑の継承者 前半戦,ビショップ,93,,うみなしぎふこ,2154
絶傑の継承者 前半戦,ビショップ,96,,山,2153
絶傑の継承者 前半戦,ビショップ,96,,えってぃ,2153
絶傑の継承者 前半戦,ビショップ,96,,Metherlence,2153
絶傑の継承者 前半戦,ビショップ,96,,equatorial,2153
絶傑の継承者 前半戦,ビショップ,96,,A.L.A.N,2153
絶傑の継承者 前半戦,ビショップ,96,,そーや,2153
神殺し・アナテマ 前半戦,ナイトメア,1,ZETA,CQCQ,2279
神殺し・アナテマ 前半戦,ナイトメア,2,,後藤ひとり,2232
神殺し・アナテマ 前半戦,ナイトメア,3,,オマールエビ,2218
神殺し・アナテマ 前半戦,ナイトメア,4,,葉月,2210
神殺し・アナテマ 前半戦,ナイトメア,5,,秒殺の皇帝,2202
神殺し・アナテマ 前半戦,ナイトメア,6,CR,Atom,2201
神殺し・アナテマ 前半戦,ナイトメア,7,,Medianoche,2200
神殺し・アナテマ 前半戦,ナイトメア,8,,コクっち,2175
神殺し・アナテマ 前半戦,ナイトメア,9,合宿組,kt,2173
神殺し・アナテマ 前半戦,ナイトメア,10,,37kt,2170
神殺し・アナテマ 前半戦,ナイトメア,11,,つぶ,2166
神殺し・アナテマ 前半戦,ナイトメア,12,,SHR,2165
神殺し・アナテマ 前半戦,ナイトメア,13,,Essia,2162
神殺し・アナテマ 前半戦,ナイトメア,13,,ろた,2162
神殺し・アナテマ 前半戦,ナイトメア,15,,wwwaaa,2161
神殺し・アナテマ 前半戦,ナイトメア,16,,多忙なイスラーフィール,2160
神殺し・アナテマ 前半戦,ナイトメア,17,ZETA,ねぎま,2159
神殺し・アナテマ 前半戦,ナイトメア,17,,どらちゃま,2159
神殺し・アナテマ 前半戦,ナイトメア,17,,元気モリモリパワーマン,2159
神殺し・アナテマ 前半戦,ナイトメア,20,MRG,glory,2158
神殺し・アナテマ 前半戦,ナイトメア,20,,jiean/深紅蘭,2158
神殺し・アナテマ 前半戦,ナイトメア,22,,さみだれ!,2157
神殺し・アナテマ 前半戦,ナイトメア,22,,k90,2157
神殺し・アナテマ 前半戦,ナイトメア,22,,さもちー食べたい,2157
神殺し・アナテマ 前半戦,ナイトメア,25,,elma,2156
神殺し・アナテマ 前半戦,ナイトメア,25,,はまじむさし,2156
神殺し・アナテマ 前半戦,ナイトメア,25,,天戯弥勒,2156
神殺し・アナテマ 前半戦,ナイトメア,25,,無糖,2156
神殺し・アナテマ 前半戦,ナイトメア,29,,識,2155
神殺し・アナテマ 前半戦,ナイトメア,29,,rafay,2155
神殺し・アナテマ 前半戦,ナイトメア,29,,じゃん,2155
神殺し・アナテマ 前半戦,ナイトメア,29,,生命と大地と轟破の決断,2155
神殺し・アナテマ 前半戦,ナイトメア,29,,マルティナ,2155
神殺し・アナテマ 前半戦,ナイトメア,29,,キジ科のカジキ,2155
神殺し・アナテマ 前半戦,ナイトメア,29,,愚者の独白,2155
神殺し・アナテマ 前半戦,ナイトメア,36,,ラトス,2154
神殺し・アナテマ 前半戦,ナイトメア,36,DFM,ミル,2154
神殺し・アナテマ 前半戦,ナイトメア,36,,女神,2154
神殺し・アナテマ 前半戦,ナイトメア,36,,Aura,2154
神殺し・アナテマ 前半戦,ナイトメア,36,,じゅうざ,2154
神殺し・アナテマ 前半戦,ナイトメア,41,,ta,2153
神殺し・アナテマ 前半戦,ナイトメア,41,,GULF,2153
神殺し・アナテマ 前半戦,ナイトメア,41,,ZETASudetaki,2153
神殺し・アナテマ 前半戦,ナイトメア,44,,maonico47,2152
神殺し・アナテマ 前半戦,ナイトメア,44,,お茶,2152
神殺し・アナテマ 前半戦,ナイトメア,44,,あきす。,2152
神殺し・アナテマ 前半戦,ナイトメア,44,,梨,2152
神殺し・アナテマ 前半戦,ナイトメア,44,,matsup,2152
神殺し・アナテマ 前半戦,ナイトメア,44,,にさあ,2152
神殺し・アナテマ 前半戦,ナイトメア,50,DFM,ユーリ,2151
神殺し・アナテマ 前半戦,ナイトメア,50,,udon,2151
神殺し・アナテマ 前半戦,ナイトメア,50,,100パック欲しい,2151
神殺し・アナテマ 前半戦,ナイトメア,50,,なんな,2151
神殺し・アナテマ 前半戦,ナイトメア,50,,ドスキヌタ,2151
神殺し・アナテマ 前半戦,ナイトメア,50,,さけどん,2151
神殺し・アナテマ 前半戦,ナイトメア,50,,bera,2151
神殺し・アナテマ 前半戦,ナイトメア,50,,原唯人,2151
神殺し・アナテマ 前半戦,ナイトメア,58,,抹茶,2150
神殺し・アナテマ 前半戦,ナイトメア,58,RC,拓海,2150
神殺し・アナテマ 前半戦,ナイトメア,58,,らみ,2150
神殺し・アナテマ 前半戦,ナイトメア,58,,横田,2150
神殺し・アナテマ 前半戦,ナイトメア,58,,こばと,2150
神殺し・アナテマ 前半戦,ナイトメア,58,,萩,2150
神殺し・アナテマ 前半戦,ナイトメア,58,,大正義テキモング,2150
神殺し・アナテマ 前半戦,ナイトメア,58,,兎,2150
神殺し・アナテマ 前半戦,ナイトメア,58,,AZ,2150
神殺し・アナテマ 前半戦,ナイトメア,67,CR,ふえた,2149
神殺し・アナテマ 前半戦,ナイトメア,67,,じゃすん@Vちゅーばー,2149
神殺し・アナテマ 前半戦,ナイトメア,67,RC,あぐのむ,2149
神殺し・アナテマ 前半戦,ナイトメア,67,,ふぃる,2149
神殺し・アナテマ 前半戦,ナイトメア,67,,Mendel,2149
神殺し・アナテマ 前半戦,ナイトメア,67,,kendama,2149
神殺し・アナテマ 前半戦,ナイトメア,67,,anocore,2149
神殺し・アナテマ 前半戦,ナイトメア,67,,草薙素子,2149
神殺し・アナテマ 前半戦,ナイトメア,67,,plus,2149
神殺し・アナテマ 前半戦,ナイトメア,76,,ヒロ,2148
神殺し・アナテマ 前半戦,ナイトメア,76,,絶対服従魔人,2148
神殺し・アナテマ 前半戦,ナイトメア,76,,ゴッケン,2148
神殺し・アナテマ 前半戦,ナイトメア,76,,usk_suckin9,2148
神殺し・アナテマ 前半戦,ナイトメア,80,,サッキー,2147
神殺し・アナテマ 前半戦,ナイトメア,80,,ラムネ,2147
神殺し・アナテマ 前半戦,ナイトメア,80,,ぽせいどんいち,2147
神殺し・アナテマ 前半戦,ナイトメア,83,,かき,2146
神殺し・アナテマ 前半戦,ナイトメア,83,,迂闊,2146
神殺し・アナテマ 前半戦,ナイトメア,83,,わじん,2146
神殺し・アナテマ 前半戦,ナイトメア,83,,たいよー,2146
神殺し・アナテマ 前半戦,ナイトメア,83,,ゆきまる/wus,2146
神殺し・アナテマ 前半戦,ナイトメア,88,CR,Winter,2145
神殺し・アナテマ 前半戦,ナイトメア,88,LVH,Hirobosu,2145
神殺し・アナテマ 前半戦,ナイトメア,88,MRG,マイト,2145
神殺し・アナテマ 前半戦,ナイトメア,88,,絵軸,2145
神殺し・アナテマ 前半戦,ナイトメア,88,,成瀬鮪,2145
神殺し・アナテマ 前半戦,ナイトメア,93,,rezi,2144
神殺し・アナテマ 前半戦,ナイトメア,93,RID,さくさくぱんだ,2144
神殺し・アナテマ 前半戦,ナイトメア,93,,ゆうきくん,2144
神殺し・アナテマ 前半戦,ナイトメア,93,,「genchizuma」,2144
神殺し・アナテマ 前半戦,ナイトメア,97,MRG,Spicies,2143
神殺し・アナテマ 前半戦,ナイトメア,97,,KFP,2143
神殺し・アナテマ 前半戦,ナイトメア,97,,ナイトメア専,2143
神殺し・アナテマ 前半戦,ナイトメア,100,,UMA,2142
神殺し・アナテマ 前半戦,ナイトメア,100,,sirose,2142
アポカリプス・パクト 後半戦,エルフ,1,,かるま,2310
アポカリプス・パクト 後半戦,エルフ,2,,WoC-Cid,2286
アポカリプス・パクト 後半戦,エルフ,3,,紅葉おろし,2217
アポカリプス・パクト 後半戦,エルフ,4,,WA,2211
アポカリプス・パクト 後半戦,エルフ,5,,タニーポ,2203
アポカリプス・パクト 後半戦,エルフ,6,,BEANS_,2198
アポカリプス・パクト 後半戦,エルフ,7,,Yua,2182
アポカリプス・パクト 後半戦,エルフ,8,,深埼史安芸,2167
アポカリプス・パクト 後半戦,エルフ,9,,あろきゅう,2159
アポカリプス・パクト 後半戦,エルフ,10,,ダヤン,2155
アポカリプス・パクト 後半戦,エルフ,11,,識,2149
アポカリプス・パクト 後半戦,エルフ,12,,3104,2147
アポカリプス・パクト 後半戦,エルフ,13,,sirouto,2144
アポカリプス・パクト 後半戦,エルフ,14,,さく,2137
アポカリプス・パクト 後半戦,エルフ,15,,鬼たそちゃん,2136
アポカリプス・パクト 後半戦,エルフ,15,,フリーレン,2136
アポカリプス・パクト 後半戦,エルフ,15,,JAPAN,2136
アポカリプス・パクト 後半戦,エルフ,18,,ペ,2134
アポカリプス・パクト 後半戦,エルフ,18,,こだわりらぶ,2134
アポカリプス・パクト 後半戦,エルフ,20,ZETA,ヘイム,2131
アポカリプス・パクト 後半戦,エルフ,20,,明太子,2131
アポカリプス・パクト 後半戦,エルフ,22,VL,monakawan,2130
アポカリプス・パクト 後半戦,エルフ,22,,Eve.,2130
アポカリプス・パクト 後半戦,エルフ,22,,Aias,2130
アポカリプス・パクト 後半戦,エルフ,22,,ウィン,2130
アポカリプス・パクト 後半戦,エルフ,22,,m,2130
アポカリプス・パクト 後半戦,エルフ,22,,このよ,2130
アポカリプス・パクト 後半戦,エルフ,22,,たくあん,2130
アポカリプス・パクト 後半戦,エルフ,29,,usamin,2129
アポカリプス・パクト 後半戦,エルフ,30,,Amano,2128
アポカリプス・パクト 後半戦,エルフ,30,,Kid,2128
アポカリプス・パクト 後半戦,エルフ,30,,SV_swim,2128
アポカリプス・パクト 後半戦,エルフ,33,MRG,glory,2127
アポカリプス・パクト 後半戦,エルフ,33,LVH,rikka,2127
アポカリプス・パクト 後半戦,エルフ,33,,surpass,2127
アポカリプス・パクト 後半戦,エルフ,33,,Liaresu,2127
アポカリプス・パクト 後半戦,エルフ,33,,ohmus,2127
アポカリプス・パクト 後半戦,エルフ,33,,保登 心愛,2127
アポカリプス・パクト 後半戦,エルフ,33,,ぶち,2127
アポカリプス・パクト 後半戦,エルフ,40,MRG,Spicies,2126
アポカリプス・パクト 後半戦,エルフ,40,,Hippowdon,2126
アポカリプス・パクト 後半戦,エルフ,40,,tutu,2126
アポカリプス・パクト 後半戦,エルフ,40,,な,2126
アポカリプス・パクト 後半戦,エルフ,40,,C28M73Y18K14,2126
アポカリプス・パクト 後半戦,エルフ,40,,ふりくん,2126
アポカリプス・パクト 後半戦,エルフ,40,,石油王,2126
アポカリプス・パクト 後半戦,エルフ,40,,ワザップジョルノ@裁判中,2126
アポカリプス・パクト 後半戦,エルフ,48,,ぐんしゅう,2125
アポカリプス・パクト 後半戦,エルフ,48,,ナナハラ,2125
アポカリプス・パクト 後半戦,エルフ,48,,riku_nb,2125
アポカリプス・パクト 後半戦,エルフ,48,,atsu00k2,2125
アポカリプス・パクト 後半戦,エルフ,48,,これくらいで,2125
アポカリプス・パクト 後半戦,エルフ,53,,町田ちま,2124
アポカリプス・パクト 後半戦,エルフ,53,,Buront,2124
アポカリプス・パクト 後半戦,エルフ,55,,こむぎこ,2123
アポカリプス・パクト 後半戦,エルフ,55,,焼き鳥食べたい,2123
アポカリプス・パクト 後半戦,エルフ,55,,リズ,2123
アポカリプス・パクト 後半戦,エルフ,55,,お昼から,2123
アポカリプス・パクト 後半戦,エルフ,55,,ぜいる　つべ,2123
アポカリプス・パクト 後半戦,エルフ,55,,くうだい,2123
アポカリプス・パクト 後半戦,エルフ,55,,のう,2123
アポカリプス・パクト 後半戦,エルフ,55,,ゆ,2123
アポカリプス・パクト 後半戦,エルフ,63,,Alway,2122
アポカリプス・パクト 後半戦,エルフ,63,,らふぃ,2122
アポカリプス・パクト 後半戦,エルフ,63,,コイツ超かぐや姫にいなか,2122
アポカリプス・パクト 後半戦,エルフ,63,,てぃほ,2122
アポカリプス・パクト 後半戦,エルフ,63,,ApAyach,2122
アポカリプス・パクト 後半戦,エルフ,63,,ayu,2122
アポカリプス・パクト 後半戦,エルフ,63,,あとらす,2122
アポカリプス・パクト 後半戦,エルフ,70,,三人,2121
アポカリプス・パクト 後半戦,エルフ,70,,주해,2121
アポカリプス・パクト 後半戦,エルフ,70,,らいお軍曹,2121
アポカリプス・パクト 後半戦,エルフ,70,,^_^,2121
アポカリプス・パクト 後半戦,エルフ,70,,koudaiマン,2121
アポカリプス・パクト 後半戦,エルフ,75,RID,Chappy_ttv,2120
アポカリプス・パクト 後半戦,エルフ,75,VL,まっつ,2120
アポカリプス・パクト 後半戦,エルフ,75,,わたあめ,2120
アポカリプス・パクト 後半戦,エルフ,75,,しょうた,2120
アポカリプス・パクト 後半戦,エルフ,75,,ちゃんゆ,2120
アポカリプス・パクト 後半戦,エルフ,75,,yagivo,2120
アポカリプス・パクト 後半戦,エルフ,75,,葛の葉,2120
アポカリプス・パクト 後半戦,エルフ,75,,Cyanamide,2120
アポカリプス・パクト 後半戦,エルフ,75,,ねくすと,2120
アポカリプス・パクト 後半戦,エルフ,75,,ミカン,2120
アポカリプス・パクト 後半戦,エルフ,75,,でってぃう,2120
アポカリプス・パクト 後半戦,エルフ,86,,100パック欲しい,2119
アポカリプス・パクト 後半戦,エルフ,86,,SIA,2119
アポカリプス・パクト 後半戦,エルフ,86,,しふぉ,2119
アポカリプス・パクト 後半戦,エルフ,86,,さほてん,2119
アポカリプス・パクト 後半戦,エルフ,90,合宿組,めいす,2118
アポカリプス・パクト 後半戦,エルフ,90,,しいな,2118
アポカリプス・パクト 後半戦,エルフ,90,,しゃるしえる,2118
アポカリプス・パクト 後半戦,エルフ,90,,フランスいも,2118
アポカリプス・パクト 後半戦,エルフ,90,,青ノ栞歌,2118
アポカリプス・パクト 後半戦,エルフ,95,,ともさん,2117
アポカリプス・パクト 後半戦,エルフ,95,,海,2117
アポカリプス・パクト 後半戦,エルフ,97,,とび,2116
アポカリプス・パクト 後半戦,エルフ,97,,タル大砲の谷,2116
アポカリプス・パクト 後半戦,エルフ,99,,asano,2115
アポカリプス・パクト 後半戦,エルフ,99,,えすぷらのひと,2115
アポカリプス・パクト 後半戦,ドラゴン,1,,ミランダC.E.O,2269
アポカリプス・パクト 後半戦,ドラゴン,2,,ローウェンバルクスピア,2219
アポカリプス・パクト 後半戦,ドラゴン,3,,タニーポ,2211
アポカリプス・パクト 後半戦,ドラゴン,4,,ばっどぶやまる,2207
アポカリプス・パクト 後半戦,ドラゴン,5,,鬼火スイクン,2181
アポカリプス・パクト 後半戦,ドラゴン,6,,むにむに,2175
アポカリプス・パクト 後半戦,ドラゴン,7,,あさぴー,2172
アポカリプス・パクト 後半戦,ドラゴン,8,,ゆりちゃん,2138
アポカリプス・パクト 後半戦,ドラゴン,9,,4ever,2131
アポカリプス・パクト 後半戦,ドラゴン,10,,柏餅ゆっくり,2113
アポカリプス・パクト 後半戦,ドラゴン,11,,Tanishi,2112
アポカリプス・パクト 後半戦,ドラゴン,11,,blasTiA,2112
アポカリプス・パクト 後半戦,ドラゴン,13,,お茶,2107
アポカリプス・パクト 後半戦,ドラゴン,14,,シゴレ,2106
アポカリプス・パクト 後半戦,ドラゴン,14,,KLM,2106
アポカリプス・パクト 後半戦,ドラゴン,16,,Noem,2105
アポカリプス・パクト 後半戦,ドラゴン,16,,アルベス!アルベス!,2105
アポカリプス・パクト 後半戦,ドラゴン,18,,うさごんザウルス,2104
アポカリプス・パクト 後半戦,ドラゴン,19,MRG,glory,2103
アポカリプス・パクト 後半戦,ドラゴン,19,,fairy piano,2103
アポカリプス・パクト 後半戦,ドラゴン,21,,オワツキ,2098
アポカリプス・パクト 後半戦,ドラゴン,22,,漆黒,2090
アポカリプス・パクト 後半戦,ドラゴン,22,,チーズボーイ,2090
アポカリプス・パクト 後半戦,ドラゴン,24,,あえん,2088
アポカリプス・パクト 後半戦,ドラゴン,25,,凶真,2087
アポカリプス・パクト 後半戦,ドラゴン,25,,らるか,2087
アポカリプス・パクト 後半戦,ドラゴン,27,VL,まっつ,2086
アポカリプス・パクト 後半戦,ドラゴン,27,,maonico47,2086
アポカリプス・パクト 後半戦,ドラゴン,27,,頼む…話を聞いてくれ…!,2086
アポカリプス・パクト 後半戦,ドラゴン,30,,にゃんにゃん,2085
アポカリプス・パクト 後半戦,ドラゴン,30,,ひくつ,2085
アポカリプス・パクト 後半戦,ドラゴン,30,,狼嵜光,2085
アポカリプス・パクト 後半戦,ドラゴン,33,,なんな,2084
アポカリプス・パクト 後半戦,ドラゴン,33,,にゃん,2084
アポカリプス・パクト 後半戦,ドラゴン,33,,Kuncussion,2084
アポカリプス・パクト 後半戦,ドラゴン,33,,ウィン,2084
アポカリプス・パクト 後半戦,ドラゴン,33,,梅雨前線,2084
アポカリプス・パクト 後半戦,ドラゴン,33,,プックス,2084
アポカリプス・パクト 後半戦,ドラゴン,39,,くうくうくう,2083
アポカリプス・パクト 後半戦,ドラゴン,39,,bonjyyy,2083
アポカリプス・パクト 後半戦,ドラゴン,39,,留年大学生,2083
アポカリプス・パクト 後半戦,ドラゴン,42,,Mizo.,2082
アポカリプス・パクト 後半戦,ドラゴン,42,,tutu,2082
アポカリプス・パクト 後半戦,ドラゴン,42,,notokura,2082
アポカリプス・パクト 後半戦,ドラゴン,42,,DDこーすけNN,2082
アポカリプス・パクト 後半戦,ドラゴン,46,,ヌケニン,2081
アポカリプス・パクト 後半戦,ドラゴン,46,,shuhei,2081
アポカリプス・パクト 後半戦,ドラゴン,46,,招待コードzGnzsUn,2081
アポカリプス・パクト 後半戦,ドラゴン,46,,タ暮れドラゴン,2081
アポカリプス・パクト 後半戦,ドラゴン,46,,*Seraphi,2081
アポカリプス・パクト 後半戦,ドラゴン,46,,まなりーた,2081
アポカリプス・パクト 後半戦,ドラゴン,52,,白虎暁,2080
アポカリプス・パクト 後半戦,ドラゴン,53,,tyao,2079
アポカリプス・パクト 後半戦,ドラゴン,53,,Puppu,2079
アポカリプス・パクト 後半戦,ドラゴン,55,,あのん,2078
アポカリプス・パクト 後半戦,ドラゴン,55,,m,2078
アポカリプス・パクト 後半戦,ドラゴン,55,,Hagechii,2078
アポカリプス・パクト 後半戦,ドラゴン,55,,パンタカ,2078
アポカリプス・パクト 後半戦,ドラゴン,59,,Harmonic,2077
アポカリプス・パクト 後半戦,ドラゴン,59,,ぴょん,2077
アポカリプス・パクト 後半戦,ドラゴン,59,,れもんぢる,2077
アポカリプス・パクト 後半戦,ドラゴン,59,,マイケル釈尊,2077
アポカリプス・パクト 後半戦,ドラゴン,63,,サッキー,2076
アポカリプス・パクト 後半戦,ドラゴン,63,,タキ,2076
アポカリプス・パクト 後半戦,ドラゴン,63,,by2y,2076
アポカリプス・パクト 後半戦,ドラゴン,63,,ひゅ,2076
アポカリプス・パクト 後半戦,ドラゴン,63,,ユズリハ,2076
アポカリプス・パクト 後半戦,ドラゴン,68,,きらり,2075
アポカリプス・パクト 後半戦,ドラゴン,68,,みみみみみ,2075
アポカリプス・パクト 後半戦,ドラゴン,68,,てるすも,2075
アポカリプス・パクト 後半戦,ドラゴン,68,,mosukai,2075
アポカリプス・パクト 後半戦,ドラゴン,68,,Quni,2075
アポカリプス・パクト 後半戦,ドラゴン,68,,寝てる,2075
アポカリプス・パクト 後半戦,ドラゴン,74,,はにわ,2074
アポカリプス・パクト 後半戦,ドラゴン,74,,神田悠河(本物),2074
アポカリプス・パクト 後半戦,ドラゴン,76,,しょう/syo,2073
アポカリプス・パクト 後半戦,ドラゴン,76,,ちくだ,2073
アポカリプス・パクト 後半戦,ドラゴン,76,,しりこだま,2073
アポカリプス・パクト 後半戦,ドラゴン,76,,naro,2073
アポカリプス・パクト 後半戦,ドラゴン,80,,洗顔大豆,2072
アポカリプス・パクト 後半戦,ドラゴン,80,,安藤,2072
アポカリプス・パクト 後半戦,ドラゴン,80,,ViolaStory,2072
アポカリプス・パクト 後半戦,ドラゴン,83,,弱い自分は現実逃避,2071
アポカリプス・パクト 後半戦,ドラゴン,83,,鉄太郎11,2071
アポカリプス・パクト 後半戦,ドラゴン,83,,CROWN,2071
アポカリプス・パクト 後半戦,ドラゴン,83,,スイカイーター,2071
アポカリプス・パクト 後半戦,ドラゴン,87,,SIA,2070
アポカリプス・パクト 後半戦,ドラゴン,87,,おいなりさん,2070
アポカリプス・パクト 後半戦,ドラゴン,87,,ひろ@えんつよ最強軍団,2070
アポカリプス・パクト 後半戦,ドラゴン,87,,うてな,2070
アポカリプス・パクト 後半戦,ドラゴン,87,,tomy,2070
アポカリプス・パクト 後半戦,ドラゴン,87,,Lost,2070
アポカリプス・パクト 後半戦,ドラゴン,93,,へい民,2069
アポカリプス・パクト 後半戦,ドラゴン,93,,チャンキ,2069
アポカリプス・パクト 後半戦,ドラゴン,93,,走るルッコラ,2069
アポカリプス・パクト 後半戦,ドラゴン,93,,はなか,2069
アポカリプス・パクト 後半戦,ドラゴン,97,,ぶんに98k,2068
アポカリプス・パクト 後半戦,ドラゴン,97,,トレーズ,2068
アポカリプス・パクト 後半戦,ドラゴン,97,,Juna,2068
アポカリプス・パクト 後半戦,ドラゴン,97,,ニュラー,2068
アポカリプス・パクト 後半戦,ビショップ,1,,ウマブリ帝ウマブリオン,2309
アポカリプス・パクト 後半戦,ビショップ,2,,タニーポ,2218
アポカリプス・パクト 後半戦,ビショップ,4,,TK SadFeeder,2216
アポカリプス・パクト 後半戦,ビショップ,5,,シゴレ,2212
アポカリプス・パクト 後半戦,ビショップ,6,,お湯,2209
アポカリプス・パクト 後半戦,ビショップ,7,,多忙なイスラーフィール,2207
アポカリプス・パクト 後半戦,ビショップ,8,,マンボウ,2206
アポカリプス・パクト 後半戦,ビショップ,9,,タユンスカポン,2203
アポカリプス・パクト 後半戦,ビショップ,10,,チヨ,2190
アポカリプス・パクト 後半戦,ビショップ,11,,あぽろ,2189
アポカリプス・パクト 後半戦,ビショップ,12,,LespaChrs,2183
アポカリプス・パクト 後半戦,ビショップ,13,,ろいす,2179
アポカリプス・パクト 後半戦,ビショップ,13,,クマシロ,2179
アポカリプス・パクト 後半戦,ビショップ,15,,安堂,2178
アポカリプス・パクト 後半戦,ビショップ,15,,しいたけ,2178
アポカリプス・パクト 後半戦,ビショップ,17,,rafay,2177
アポカリプス・パクト 後半戦,ビショップ,17,,山,2177
アポカリプス・パクト 後半戦,ビショップ,17,,れん,2177
アポカリプス・パクト 後半戦,ビショップ,17,,りあちゃく,2177
アポカリプス・パクト 後半戦,ビショップ,17,,薄汚いクルタ族,2177
アポカリプス・パクト 後半戦,ビショップ,22,ZETA,ねぎま,2176
アポカリプス・パクト 後半戦,ビショップ,22,,あしあと,2176
アポカリプス・パクト 後半戦,ビショップ,22,,さわちゃん,2176
アポカリプス・パクト 後半戦,ビショップ,25,,枝豆,2175
アポカリプス・パクト 後半戦,ビショップ,25,RID,さくさくぱんだ,2175
アポカリプス・パクト 後半戦,ビショップ,25,,サクラカゼ,2175
アポカリプス・パクト 後半戦,ビショップ,25,,おんすけ,2175
アポカリプス・パクト 後半戦,ビショップ,29,,サッキー,2174
アポカリプス・パクト 後半戦,ビショップ,29,,墓穴の指名者,2174
アポカリプス・パクト 後半戦,ビショップ,29,,Ankruru,2174
アポカリプス・パクト 後半戦,ビショップ,32,,洗顔大豆,2173
アポカリプス・パクト 後半戦,ビショップ,32,,まつゆー,2173
アポカリプス・パクト 後半戦,ビショップ,32,,メル,2173
アポカリプス・パクト 後半戦,ビショップ,32,,メモリアル,2173
アポカリプス・パクト 後半戦,ビショップ,36,,さみだれ!,2172
アポカリプス・パクト 後半戦,ビショップ,36,,きなり。,2172
アポカリプス・パクト 後半戦,ビショップ,36,合宿組,ナツ,2172
アポカリプス・パクト 後半戦,ビショップ,36,,たけし,2172
アポカリプス・パクト 後半戦,ビショップ,36,,TIK,2172
アポカリプス・パクト 後半戦,ビショップ,36,,くまくま,2172
アポカリプス・パクト 後半戦,ビショップ,36,,ナナハラ,2172
アポカリプス・パクト 後半戦,ビショップ,36,,リムピ・サザンカ,2172
アポカリプス・パクト 後半戦,ビショップ,44,ZETA,ヘイム,2171
アポカリプス・パクト 後半戦,ビショップ,44,,抹茶,2171
アポカリプス・パクト 後半戦,ビショップ,44,,novaten,2171
アポカリプス・パクト 後半戦,ビショップ,44,,石ヶ原さとみ,2171
アポカリプス・パクト 後半戦,ビショップ,44,,ユニ,2171
アポカリプス・パクト 後半戦,ビショップ,49,,漆黒,2170
アポカリプス・パクト 後半戦,ビショップ,49,,saki,2170
アポカリプス・パクト 後半戦,ビショップ,49,,メイドインチャイナ,2170
アポカリプス・パクト 後半戦,ビショップ,49,,ハキハキ,2170
アポカリプス・パクト 後半戦,ビショップ,49,,fookbook,2170
アポカリプス・パクト 後半戦,ビショップ,49,,nekoko,2170
アポカリプス・パクト 後半戦,ビショップ,55,,すいーと,2169
アポカリプス・パクト 後半戦,ビショップ,55,,へム太郎,2169
アポカリプス・パクト 後半戦,ビショップ,55,,朝凪海,2169
アポカリプス・パクト 後半戦,ビショップ,55,,灯火,2169
アポカリプス・パクト 後半戦,ビショップ,59,,猫,2168
アポカリプス・パクト 後半戦,ビショップ,59,,らいお軍曹,2168
アポカリプス・パクト 後半戦,ビショップ,59,,アービング,2168
アポカリプス・パクト 後半戦,ビショップ,59,,いくお,2168
アポカリプス・パクト 後半戦,ビショップ,59,,たす,2168
アポカリプス・パクト 後半戦,ビショップ,59,,solasola,2168
アポカリプス・パクト 後半戦,ビショップ,59,,秘密主義MAX,2168
アポカリプス・パクト 後半戦,ビショップ,66,MRG,glory,2167
アポカリプス・パクト 後半戦,ビショップ,66,,BEANS_,2167
アポカリプス・パクト 後半戦,ビショップ,66,,不知火,2167
アポカリプス・パクト 後半戦,ビショップ,66,,みくる,2167
アポカリプス・パクト 後半戦,ビショップ,66,COL,マサル,2167
アポカリプス・パクト 後半戦,ビショップ,71,LVH,Era53,2166
アポカリプス・パクト 後半戦,ビショップ,71,,金子大紀,2166
アポカリプス・パクト 後半戦,ビショップ,71,,Ch4ppie-1st,2166
アポカリプス・パクト 後半戦,ビショップ,71,,ChuChuBaby,2166
アポカリプス・パクト 後半戦,ビショップ,75,VL,monakawan,2165
アポカリプス・パクト 後半戦,ビショップ,75,,marss,2165
アポカリプス・パクト 後半戦,ビショップ,75,,しょう/syo,2165
アポカリプス・パクト 後半戦,ビショップ,75,,かぶと,2165
アポカリプス・パクト 後半戦,ビショップ,75,,ぐんしゅう,2165
アポカリプス・パクト 後半戦,ビショップ,75,,らむらむ,2165
アポカリプス・パクト 後半戦,ビショップ,75,,SHO,2165
アポカリプス・パクト 後半戦,ビショップ,75,,melon,2165
アポカリプス・パクト 後半戦,ビショップ,75,,PS o,2165
アポカリプス・パクト 後半戦,ビショップ,84,,toppo,2164
アポカリプス・パクト 後半戦,ビショップ,84,,理由は怖いから,2164
アポカリプス・パクト 後半戦,ビショップ,86,VL,まっつ,2163
アポカリプス・パクト 後半戦,ビショップ,86,,KFP,2163
アポカリプス・パクト 後半戦,ビショップ,86,,岡,2163
アポカリプス・パクト 後半戦,ビショップ,86,,レモネーゼ,2163
アポカリプス・パクト 後半戦,ビショップ,86,,あいむ,2163
アポカリプス・パクト 後半戦,ビショップ,86,,うおw,2163
アポカリプス・パクト 後半戦,ビショップ,86,,ace,2163
アポカリプス・パクト 後半戦,ビショップ,86,,日本語は全て女性声優から,2163
アポカリプス・パクト 後半戦,ビショップ,86,,SYOTAくん,2163
アポカリプス・パクト 後半戦,ビショップ,95,,パンドラ,2162
アポカリプス・パクト 後半戦,ビショップ,95,,ジリアックスDX3000,2162
アポカリプス・パクト 後半戦,ビショップ,95,,Azpi,2162
アポカリプス・パクト 後半戦,ビショップ,95,,桃の缶詰,2162
アポカリプス・パクト 後半戦,ビショップ,95,,たちゃん,2162
アポカリプス・パクト 後半戦,ビショップ,95,,わたじゅん,2162
アポカリプス・パクト 後半戦,ネメシス,1,,ぬひ,2326
アポカリプス・パクト 後半戦,ネメシス,2,,Aias,2322
アポカリプス・パクト 後半戦,ネメシス,3,LVH,rikka,2302
アポカリプス・パクト 後半戦,ネメシス,4,,Amano,2301
アポカリプス・パクト 後半戦,ネメシス,5,,そう,2273
アポカリプス・パクト 後半戦,ネメシス,6,,芝,2266
アポカリプス・パクト 後半戦,ネメシス,7,,曖昧me mine,2254
アポカリプス・パクト 後半戦,ネメシス,8,,ナハトちゃん,2248
アポカリプス・パクト 後半戦,ネメシス,9,,H4sp1,2232
アポカリプス・パクト 後半戦,ネメシス,10,,レン,2222
アポカリプス・パクト 後半戦,ネメシス,11,,イル,2216
アポカリプス・パクト 後半戦,ネメシス,12,,migiwa,2215
アポカリプス・パクト 後半戦,ネメシス,13,,Ysk,2213
アポカリプス・パクト 後半戦,ネメシス,14,,杉,2211
アポカリプス・パクト 後半戦,ネメシス,15,,Omertosa,2210
アポカリプス・パクト 後半戦,ネメシス,16,,nattya,2209
アポカリプス・パクト 後半戦,ネメシス,17,,ヤミシドダハ,2208
アポカリプス・パクト 後半戦,ネメシス,17,,しと,2208
アポカリプス・パクト 後半戦,ネメシス,19,,Yua,2205
アポカリプス・パクト 後半戦,ネメシス,20,,がんばえぷいきゅあー,2203
アポカリプス・パクト 後半戦,ネメシス,20,,ゆき,2203
アポカリプス・パクト 後半戦,ネメシス,22,,あくあ,2202
アポカリプス・パクト 後半戦,ネメシス,23,,Nico,2201
アポカリプス・パクト 後半戦,ネメシス,24,,TK SadFeeder,2200
アポカリプス・パクト 後半戦,ネメシス,24,,Furen/EvK,2200
アポカリプス・パクト 後半戦,ネメシス,26,,noku,2193
アポカリプス・パクト 後半戦,ネメシス,27,ZETA,ヘイム,2191
アポカリプス・パクト 後半戦,ネメシス,27,,コン,2191
アポカリプス・パクト 後半戦,ネメシス,29,MRG,glory,2190
アポカリプス・パクト 後半戦,ネメシス,29,VL,monakawan,2190
アポカリプス・パクト 後半戦,ネメシス,29,CR,ふえた,2190
アポカリプス・パクト 後半戦,ネメシス,29,,むた,2190
アポカリプス・パクト 後半戦,ネメシス,29,,サクラカゼ,2190
アポカリプス・パクト 後半戦,ネメシス,34,,酢飯握り,2189
アポカリプス・パクト 後半戦,ネメシス,34,,はる,2189
アポカリプス・パクト 後半戦,ネメシス,34,,윈다,2189
アポカリプス・パクト 後半戦,ネメシス,34,,のら猫。,2189
アポカリプス・パクト 後半戦,ネメシス,34,,Conductor,2189
アポカリプス・パクト 後半戦,ネメシス,39,,とむら,2188
アポカリプス・パクト 後半戦,ネメシス,39,,ばるむんく,2188
アポカリプス・パクト 後半戦,ネメシス,39,,安藤,2188
アポカリプス・パクト 後半戦,ネメシス,39,,スコール,2188
アポカリプス・パクト 後半戦,ネメシス,43,,浅井,2187
アポカリプス・パクト 後半戦,ネメシス,43,,しげりん,2187
アポカリプス・パクト 後半戦,ネメシス,43,,なー,2187
アポカリプス・パクト 後半戦,ネメシス,46,,けいやで,2186
アポカリプス・パクト 後半戦,ネメシス,46,RC,つきあかめん,2186
アポカリプス・パクト 後半戦,ネメシス,46,,icy,2186
アポカリプス・パクト 後半戦,ネメシス,46,,クマシロ,2186
アポカリプス・パクト 後半戦,ネメシス,46,,InBakery,2186
アポカリプス・パクト 後半戦,ネメシス,46,,吉野ニコ,2186
アポカリプス・パクト 後半戦,ネメシス,46,,AyA,2186
アポカリプス・パクト 後半戦,ネメシス,53,,洗顔大豆,2185
アポカリプス・パクト 後半戦,ネメシス,53,,blackstar,2185
アポカリプス・パクト 後半戦,ネメシス,53,,player,2185
アポカリプス・パクト 後半戦,ネメシス,53,,シャ留,2185
アポカリプス・パクト 後半戦,ネメシス,53,,あきうらら,2185
アポカリプス・パクト 後半戦,ネメシス,58,,リグゼ,2184
アポカリプス・パクト 後半戦,ネメシス,58,,億果実,2184
アポカリプス・パクト 後半戦,ネメシス,58,,KINO,2184
アポカリプス・パクト 後半戦,ネメシス,58,,リノセウス、すこなんだw,2184
アポカリプス・パクト 後半戦,ネメシス,62,,ぱて,2183
アポカリプス・パクト 後半戦,ネメシス,62,,コオリッポ,2183
アポカリプス・パクト 後半戦,ネメシス,62,,セロ,2183
アポカリプス・パクト 後半戦,ネメシス,65,,rafay,2182
アポカリプス・パクト 後半戦,ネメシス,65,,せな,2182
アポカリプス・パクト 後半戦,ネメシス,65,,untani,2182
アポカリプス・パクト 後半戦,ネメシス,65,,しろたん,2182
アポカリプス・パクト 後半戦,ネメシス,65,,Tsubaki,2182
アポカリプス・パクト 後半戦,ネメシス,65,,くわぬ,2182
アポカリプス・パクト 後半戦,ネメシス,65,,fgb,2182
アポカリプス・パクト 後半戦,ネメシス,65,,超高校級のまくら,2182
アポカリプス・パクト 後半戦,ネメシス,74,,安堂,2181
アポカリプス・パクト 後半戦,ネメシス,74,,かかかな,2181
アポカリプス・パクト 後半戦,ネメシス,74,,vsai/REV,2181
アポカリプス・パクト 後半戦,ネメシス,74,,엘프나인,2181
アポカリプス・パクト 後半戦,ネメシス,74,,mishimaki,2181
アポカリプス・パクト 後半戦,ネメシス,74,,Nanana,2181
アポカリプス・パクト 後半戦,ネメシス,80,,AI,2180
アポカリプス・パクト 後半戦,ネメシス,80,,あっちゃん,2180
アポカリプス・パクト 後半戦,ネメシス,82,RID,折り紙,2179
アポカリプス・パクト 後半戦,ネメシス,82,,はも,2179
アポカリプス・パクト 後半戦,ネメシス,82,,さゆ,2179
アポカリプス・パクト 後半戦,ネメシス,82,,Vanitas,2179
アポカリプス・パクト 後半戦,ネメシス,86,,sota,2178
アポカリプス・パクト 後半戦,ネメシス,86,,AX-00,2178
アポカリプス・パクト 後半戦,ネメシス,86,,caim,2178
アポカリプス・パクト 後半戦,ネメシス,86,,mj,2178
アポカリプス・パクト 後半戦,ネメシス,90,,パンドラ,2177
アポカリプス・パクト 後半戦,ネメシス,90,,UMA,2177
アポカリプス・パクト 後半戦,ネメシス,90,,まさるし,2177
アポカリプス・パクト 後半戦,ネメシス,93,,Amane,2176
アポカリプス・パクト 後半戦,ネメシス,94,,asano,2175
アポカリプス・パクト 後半戦,ネメシス,94,,kouga79432,2175
アポカリプス・パクト 後半戦,ネメシス,94,,あっと,2175
アポカリプス・パクト 後半戦,ネメシス,94,,fanrys,2175
アポカリプス・パクト 後半戦,ネメシス,98,合宿組,Re=L,2173
アポカリプス・パクト 後半戦,ネメシス,98,MRG,Spicies,2173
アポカリプス・パクト 後半戦,ネメシス,100,,サッキー,2172
アポカリプス・パクト 後半戦,ネメシス,100,,Nini,2172
アポカリプス・パクト 前半戦,エルフ,1,,Donmel,2301
アポカリプス・パクト 前半戦,エルフ,2,,ももかん,2292
アポカリプス・パクト 前半戦,エルフ,3,,紅葉おろし,2264
アポカリプス・パクト 前半戦,エルフ,4,,LuckyTrigger,2231
アポカリプス・パクト 前半戦,エルフ,5,,町田ちま,2226
アポカリプス・パクト 前半戦,エルフ,6,,another,2224
アポカリプス・パクト 前半戦,エルフ,7,,熱血太郎,2222
アポカリプス・パクト 前半戦,エルフ,8,,えるむ,2219
アポカリプス・パクト 前半戦,エルフ,9,,かるま,2218
アポカリプス・パクト 前半戦,エルフ,10,,しょうた,2214
アポカリプス・パクト 前半戦,エルフ,11,,リンド,2210
アポカリプス・パクト 前半戦,エルフ,12,,Noem,2207
アポカリプス・パクト 前半戦,エルフ,13,,tutu,2204
アポカリプス・パクト 前半戦,エルフ,14,,surpass,2203
アポカリプス・パクト 前半戦,エルフ,15,,ぱぱいや,2200
アポカリプス・パクト 前半戦,エルフ,16,,しいな,2176
アポカリプス・パクト 前半戦,エルフ,17,,金子大紀,2175
アポカリプス・パクト 前半戦,エルフ,17,,ごろもん,2175
アポカリプス・パクト 前半戦,エルフ,19,,天を貫く王龍,2174
アポカリプス・パクト 前半戦,エルフ,19,,ところてん,2174
アポカリプス・パクト 前半戦,エルフ,21,,KIRIN,2173
アポカリプス・パクト 前半戦,エルフ,22,LVH,だーよね,2172
アポカリプス・パクト 前半戦,エルフ,22,,skt,2172
アポカリプス・パクト 前半戦,エルフ,24,,ポポポ,2171
アポカリプス・パクト 前半戦,エルフ,24,,らみ,2171
アポカリプス・パクト 前半戦,エルフ,24,,コロッケs,2171
アポカリプス・パクト 前半戦,エルフ,24,,NaoRimu,2171
アポカリプス・パクト 前半戦,エルフ,28,,ダヤン応援猫,2170
アポカリプス・パクト 前半戦,エルフ,28,,123,2170
アポカリプス・パクト 前半戦,エルフ,30,,識,2169
アポカリプス・パクト 前半戦,エルフ,30,,elma,2169
アポカリプス・パクト 前半戦,エルフ,30,,Hippowdon,2169
アポカリプス・パクト 前半戦,エルフ,30,,sere,2169
アポカリプス・パクト 前半戦,エルフ,30,,れんちん,2169
アポカリプス・パクト 前半戦,エルフ,30,,ねず,2169
アポカリプス・パクト 前半戦,エルフ,36,,rafay,2168
アポカリプス・パクト 前半戦,エルフ,36,,kendama,2168
アポカリプス・パクト 前半戦,エルフ,36,,ぷっちょ,2168
アポカリプス・パクト 前半戦,エルフ,36,,し,2168
アポカリプス・パクト 前半戦,エルフ,36,,Squash,2168
アポカリプス・パクト 前半戦,エルフ,41,,三人,2167
アポカリプス・パクト 前半戦,エルフ,41,,SqLA,2167
アポカリプス・パクト 前半戦,エルフ,41,合宿組,sakura2529,2167
アポカリプス・パクト 前半戦,エルフ,41,,ななくさ,2167
アポカリプス・パクト 前半戦,エルフ,41,,アジ・ダハーカ,2167
アポカリプス・パクト 前半戦,エルフ,46,MRG,glory,2166
アポカリプス・パクト 前半戦,エルフ,46,,のよ,2166
アポカリプス・パクト 前半戦,エルフ,46,,のん,2166
アポカリプス・パクト 前半戦,エルフ,49,,Medianoche,2165
アポカリプス・パクト 前半戦,エルフ,49,,Goppy,2165
アポカリプス・パクト 前半戦,エルフ,49,,れき,2165
アポカリプス・パクト 前半戦,エルフ,52,RID,折り紙,2164
アポカリプス・パクト 前半戦,エルフ,52,,く,2164
アポカリプス・パクト 前半戦,エルフ,52,,Kirsitan,2164
アポカリプス・パクト 前半戦,エルフ,52,,くまくま,2164
アポカリプス・パクト 前半戦,エルフ,52,,トマト,2164
アポカリプス・パクト 前半戦,エルフ,52,,あやつじ,2164
アポカリプス・パクト 前半戦,エルフ,52,,紫苑,2164
アポカリプス・パクト 前半戦,エルフ,59,,ぬめくり,2163
アポカリプス・パクト 前半戦,エルフ,59,,n,2163
アポカリプス・パクト 前半戦,エルフ,59,,Libert,2163
アポカリプス・パクト 前半戦,エルフ,59,,とーか,2163
アポカリプス・パクト 前半戦,エルフ,59,,Arcturus,2163
アポカリプス・パクト 前半戦,エルフ,64,CR,Atom,2162
アポカリプス・パクト 前半戦,エルフ,64,CR,ふぇぐ,2162
アポカリプス・パクト 前半戦,エルフ,64,,テール,2162
アポカリプス・パクト 前半戦,エルフ,64,,村山大将パラスムス,2162
アポカリプス・パクト 前半戦,エルフ,64,,たつのこ,2162
アポカリプス・パクト 前半戦,エルフ,69,RID,Chappy_ttv,2161
アポカリプス・パクト 前半戦,エルフ,69,,Eve.,2161
アポカリプス・パクト 前半戦,エルフ,69,,はし,2161
アポカリプス・パクト 前半戦,エルフ,69,,SumRain,2161
アポカリプス・パクト 前半戦,エルフ,69,,最強の証明,2161
アポカリプス・パクト 前半戦,エルフ,74,,Amano,2160
アポカリプス・パクト 前半戦,エルフ,74,ZETA,TBT,2160
アポカリプス・パクト 前半戦,エルフ,74,,KFP,2160
アポカリプス・パクト 前半戦,エルフ,74,,兎月しるく,2160
アポカリプス・パクト 前半戦,エルフ,74,,ゴリラ,2160
アポカリプス・パクト 前半戦,エルフ,74,,墓穴の指名者,2160
アポカリプス・パクト 前半戦,エルフ,74,,シドニー,2160
アポカリプス・パクト 前半戦,エルフ,74,,ライト27,2160
アポカリプス・パクト 前半戦,エルフ,74,,イブ,2160
アポカリプス・パクト 前半戦,エルフ,74,,新しい玩具・オメガオテプ,2160
アポカリプス・パクト 前半戦,エルフ,84,,とび,2159
アポカリプス・パクト 前半戦,エルフ,84,,TK,2159
アポカリプス・パクト 前半戦,エルフ,84,,枝豆,2159
アポカリプス・パクト 前半戦,エルフ,84,,よちよちシオン,2159
アポカリプス・パクト 前半戦,エルフ,88,CR,空白,2158
アポカリプス・パクト 前半戦,エルフ,88,,オマールエビ,2158
アポカリプス・パクト 前半戦,エルフ,88,DFM,ミル,2158
アポカリプス・パクト 前半戦,エルフ,88,,3104,2158
アポカリプス・パクト 前半戦,エルフ,88,,きて,2158
アポカリプス・パクト 前半戦,エルフ,88,,ルギスヨダキス,2158
アポカリプス・パクト 前半戦,エルフ,88,,eureka,2158
アポカリプス・パクト 前半戦,エルフ,95,,ともさん,2157
アポカリプス・パクト 前半戦,エルフ,95,,トレーズ,2157
アポカリプス・パクト 前半戦,エルフ,95,,mito,2157
アポカリプス・パクト 前半戦,エルフ,95,,fgoxiezai,2157
アポカリプス・パクト 前半戦,エルフ,99,,イル,2156
アポカリプス・パクト 前半戦,エルフ,99,,わたあめ,2156
アポカリプス・パクト 前半戦,エルフ,99,,ジョン,2156
アポカリプス・パクト 前半戦,エルフ,99,,さく,2156
アポカリプス・パクト 前半戦,エルフ,99,,rest,2156
アポカリプス・パクト 前半戦,エルフ,99,,しょーたん,2156
アポカリプス・パクト 前半戦,ウィッチ,1,ZETA,CQCQ,2308
アポカリプス・パクト 前半戦,ウィッチ,2,,シゴレ,2285
アポカリプス・パクト 前半戦,ウィッチ,3,,べにしだ,2249
アポカリプス・パクト 前半戦,ウィッチ,4,,sea,2230
アポカリプス・パクト 前半戦,ウィッチ,5,RID,さくさくぱんだ,2222
アポカリプス・パクト 前半戦,ウィッチ,6,,udon,2217
アポカリプス・パクト 前半戦,ウィッチ,6,,うえむぅ,2217
アポカリプス・パクト 前半戦,ウィッチ,8,,maonico47,2215
アポカリプス・パクト 前半戦,ウィッチ,9,,リンド,2211
アポカリプス・パクト 前半戦,ウィッチ,10,,しかのすけ,2204
アポカリプス・パクト 前半戦,ウィッチ,11,,かわい,2203
アポカリプス・パクト 前半戦,ウィッチ,12,,ファリア,2201
アポカリプス・パクト 前半戦,ウィッチ,13,,umt,2200
アポカリプス・パクト 前半戦,ウィッチ,14,,surpass,2194
アポカリプス・パクト 前半戦,ウィッチ,15,,バームクーヘン,2186
アポカリプス・パクト 前半戦,ウィッチ,16,LVH,rikka,2182
アポカリプス・パクト 前半戦,ウィッチ,16,DFM,ユーリ,2182
アポカリプス・パクト 前半戦,ウィッチ,18,DFM,かなで,2180
アポカリプス・パクト 前半戦,ウィッチ,19,,ヘンチ・クランのゴロツキ,2170
アポカリプス・パクト 前半戦,ウィッチ,20,,さけどん,2164
アポカリプス・パクト 前半戦,ウィッチ,21,,くろちん,2163
アポカリプス・パクト 前半戦,ウィッチ,22,CR,Atom,2159
アポカリプス・パクト 前半戦,ウィッチ,23,RID,山田レクイエム,2156
アポカリプス・パクト 前半戦,ウィッチ,24,,かさ,2155
アポカリプス・パクト 前半戦,ウィッチ,25,,安堂,2152
アポカリプス・パクト 前半戦,ウィッチ,26,,おさかな,2148
アポカリプス・パクト 前半戦,ウィッチ,27,,さくりす,2147
アポカリプス・パクト 前半戦,ウィッチ,28,,オルフェ,2146
アポカリプス・パクト 前半戦,ウィッチ,28,,【飛界師】次元魔,2146
アポカリプス・パクト 前半戦,ウィッチ,30,,くまモン,2145
アポカリプス・パクト 前半戦,ウィッチ,31,,ラフるりー,2144
アポカリプス・パクト 前半戦,ウィッチ,32,,Yua,2143
アポカリプス・パクト 前半戦,ウィッチ,33,,女神,2142
アポカリプス・パクト 前半戦,ウィッチ,33,,テルー,2142
アポカリプス・パクト 前半戦,ウィッチ,33,,Furen,2142
アポカリプス・パクト 前半戦,ウィッチ,36,MRG,glory,2139
アポカリプス・パクト 前半戦,ウィッチ,36,,yakiniku,2139
アポカリプス・パクト 前半戦,ウィッチ,36,,びおれ,2139
アポカリプス・パクト 前半戦,ウィッチ,39,,Eve.,2138
アポカリプス・パクト 前半戦,ウィッチ,40,ZETA,ヘイム,2136
アポカリプス・パクト 前半戦,ウィッチ,40,RC,拓海,2136
アポカリプス・パクト 前半戦,ウィッチ,42,RID,折り紙,2134
アポカリプス・パクト 前半戦,ウィッチ,42,,スノーマン,2134
アポカリプス・パクト 前半戦,ウィッチ,42,,TK,2134
アポカリプス・パクト 前半戦,ウィッチ,42,,d*,2134
アポカリプス・パクト 前半戦,ウィッチ,42,,もろずみ,2134
アポカリプス・パクト 前半戦,ウィッチ,42,,At,2134
アポカリプス・パクト 前半戦,ウィッチ,48,DFM,ミル,2132
アポカリプス・パクト 前半戦,ウィッチ,49,,テリヤキ,2131
アポカリプス・パクト 前半戦,ウィッチ,49,,クリスタ,2131
アポカリプス・パクト 前半戦,ウィッチ,49,,ドングリ,2131
アポカリプス・パクト 前半戦,ウィッチ,52,,サッキー,2130
アポカリプス・パクト 前半戦,ウィッチ,52,,fluphy,2130
アポカリプス・パクト 前半戦,ウィッチ,52,,†漆黒の剣聖†,2130
アポカリプス・パクト 前半戦,ウィッチ,52,,雪之丞,2130
アポカリプス・パクト 前半戦,ウィッチ,52,,おかゆ,2130
アポカリプス・パクト 前半戦,ウィッチ,52,,MXS,2130
アポカリプス・パクト 前半戦,ウィッチ,52,,珠洲島有栖,2130
アポカリプス・パクト 前半戦,ウィッチ,59,,wwwaaa,2129
アポカリプス・パクト 前半戦,ウィッチ,59,,Kirsitan,2129
アポカリプス・パクト 前半戦,ウィッチ,59,,愛生,2129
アポカリプス・パクト 前半戦,ウィッチ,59,,えあ,2129
アポカリプス・パクト 前半戦,ウィッチ,63,,阿圖伊,2127
アポカリプス・パクト 前半戦,ウィッチ,63,,elma,2127
アポカリプス・パクト 前半戦,ウィッチ,63,,霜雪,2127
アポカリプス・パクト 前半戦,ウィッチ,63,,ky03,2127
アポカリプス・パクト 前半戦,ウィッチ,63,,クライス・ヴェルト,2127
アポカリプス・パクト 前半戦,ウィッチ,63,,Xei,2127
アポカリプス・パクト 前半戦,ウィッチ,69,LVH,だーよね,2126
アポカリプス・パクト 前半戦,ウィッチ,69,,Figole,2126
アポカリプス・パクト 前半戦,ウィッチ,69,,らふぃ,2126
アポカリプス・パクト 前半戦,ウィッチ,69,,かねごん,2126
アポカリプス・パクト 前半戦,ウィッチ,69,,秦谷美鈴,2126
アポカリプス・パクト 前半戦,ウィッチ,69,,サンフジ,2126
アポカリプス・パクト 前半戦,ウィッチ,75,,とび,2125
アポカリプス・パクト 前半戦,ウィッチ,75,,こう,2125
アポカリプス・パクト 前半戦,ウィッチ,75,,のよ,2125
アポカリプス・パクト 前半戦,ウィッチ,75,,marss,2125
アポカリプス・パクト 前半戦,ウィッチ,75,MRG,もっちゃま,2125
アポカリプス・パクト 前半戦,ウィッチ,75,,みやもとかずま,2125
アポカリプス・パクト 前半戦,ウィッチ,75,,黒野翔@MacOS希望,2125
アポカリプス・パクト 前半戦,ウィッチ,75,,aki,2125
アポカリプス・パクト 前半戦,ウィッチ,83,,イル,2124
アポカリプス・パクト 前半戦,ウィッチ,83,,夜凪景,2124
アポカリプス・パクト 前半戦,ウィッチ,83,,しげ,2124
アポカリプス・パクト 前半戦,ウィッチ,86,,ゆぴどん,2123
アポカリプス・パクト 前半戦,ウィッチ,87,,toppo,2122
アポカリプス・パクト 前半戦,ウィッチ,87,,壺男,2122
アポカリプス・パクト 前半戦,ウィッチ,87,,2233,2122
アポカリプス・パクト 前半戦,ウィッチ,87,,ham8b,2122
アポカリプス・パクト 前半戦,ウィッチ,87,,ふじわら,2122
アポカリプス・パクト 前半戦,ウィッチ,87,,誘炎,2122
アポカリプス・パクト 前半戦,ウィッチ,93,,Medianoche,2121
アポカリプス・パクト 前半戦,ウィッチ,93,,漆黒,2121
アポカリプス・パクト 前半戦,ウィッチ,93,,Essia,2121
アポカリプス・パクト 前半戦,ウィッチ,93,,あるみ,2121
アポカリプス・パクト 前半戦,ウィッチ,97,,skt,2119
アポカリプス・パクト 前半戦,ウィッチ,98,,pokkur,2118
アポカリプス・パクト 前半戦,ウィッチ,99,,そう,2117
アポカリプス・パクト 前半戦,ウィッチ,99,MRG,Toby,2117
アポカリプス・パクト 前半戦,ウィッチ,99,,ポポポ,2117
アポカリプス・パクト 前半戦,ウィッチ,99,,しゅう,2117
アポカリプス・パクト 前半戦,ドラゴン,1,,しし氏,2304
アポカリプス・パクト 前半戦,ドラゴン,2,,鬼火スイクン,2225
アポカリプス・パクト 前半戦,ドラゴン,3,,ビヨンド,2209
アポカリプス・パクト 前半戦,ドラゴン,4,,あぶらみ,2204
アポカリプス・パクト 前半戦,ドラゴン,5,,blasTiA,2203
アポカリプス・パクト 前半戦,ドラゴン,6,,おちゃ,2201
アポカリプス・パクト 前半戦,ドラゴン,7,,Feroce,2159
アポカリプス・パクト 前半戦,ドラゴン,8,,にゃん,2156
アポカリプス・パクト 前半戦,ドラゴン,9,,yamepi,2154
アポカリプス・パクト 前半戦,ドラゴン,10,,むつ,2119
アポカリプス・パクト 前半戦,ドラゴン,11,MRG,glory,2114
アポカリプス・パクト 前半戦,ドラゴン,12,LVH,rikka,2112
アポカリプス・パクト 前半戦,ドラゴン,12,,ムラビト,2112
アポカリプス・パクト 前半戦,ドラゴン,14,,あさぴー,2111
アポカリプス・パクト 前半戦,ドラゴン,15,,タユンスカポン,2109
アポカリプス・パクト 前半戦,ドラゴン,15,,tutu,2109
アポカリプス・パクト 前半戦,ドラゴン,17,,タニーポ,2108
アポカリプス・パクト 前半戦,ドラゴン,18,,タヌキ所長,2107
アポカリプス・パクト 前半戦,ドラゴン,19,,Mty,2102
アポカリプス・パクト 前半戦,ドラゴン,19,,Setoka,2102
アポカリプス・パクト 前半戦,ドラゴン,21,ZETA,ヘイム,2101
アポカリプス・パクト 前半戦,ドラゴン,21,,Noem,2101
アポカリプス・パクト 前半戦,ドラゴン,21,,かいっく,2101
アポカリプス・パクト 前半戦,ドラゴン,24,,by2y,2100
アポカリプス・パクト 前半戦,ドラゴン,24,,fairy piano,2100
アポカリプス・パクト 前半戦,ドラゴン,26,,ぎょろ,2092
アポカリプス・パクト 前半戦,ドラゴン,27,,頼む…話を聞いてくれ…！,2091
アポカリプス・パクト 前半戦,ドラゴン,27,,全能が、遠い…,2091
アポカリプス・パクト 前半戦,ドラゴン,29,,Musci_*_,2087
アポカリプス・パクト 前半戦,ドラゴン,30,RID,Chappy_ttv,2083
アポカリプス・パクト 前半戦,ドラゴン,31,,阿圖伊,2082
アポカリプス・パクト 前半戦,ドラゴン,32,LVH,だーよね,2081
アポカリプス・パクト 前半戦,ドラゴン,33,,紅葉おろし,2080
アポカリプス・パクト 前半戦,ドラゴン,34,,wwwaaa,2076
アポカリプス・パクト 前半戦,ドラゴン,34,,やけおー,2076
アポカリプス・パクト 前半戦,ドラゴン,34,,走るルッコラ,2076
アポカリプス・パクト 前半戦,ドラゴン,37,,弱い自分は現実逃避,2075
アポカリプス・パクト 前半戦,ドラゴン,37,,小波波,2075
アポカリプス・パクト 前半戦,ドラゴン,37,,Toshi,2075
アポカリプス・パクト 前半戦,ドラゴン,37,,Yukino*,2075
アポカリプス・パクト 前半戦,ドラゴン,41,,Mizo.,2074
アポカリプス・パクト 前半戦,ドラゴン,41,,midori,2074
アポカリプス・パクト 前半戦,ドラゴン,43,,Tanishi,2072
アポカリプス・パクト 前半戦,ドラゴン,43,,ジリアックスDX3000,2072
アポカリプス・パクト 前半戦,ドラゴン,45,,へい民,2071
アポカリプス・パクト 前半戦,ドラゴン,45,,ららら,2071
アポカリプス・パクト 前半戦,ドラゴン,47,CR,空白,2070
アポカリプス・パクト 前半戦,ドラゴン,47,,やまたろうすZ,2070
アポカリプス・パクト 前半戦,ドラゴン,47,,ユウ,2070
アポカリプス・パクト 前半戦,ドラゴン,47,,ゆいあう/LuH,2070
アポカリプス・パクト 前半戦,ドラゴン,47,,ぽんぽんぺいん,2070
アポカリプス・パクト 前半戦,ドラゴン,47,,是肥鸡不是凤酱,2070
アポカリプス・パクト 前半戦,ドラゴン,53,,きらり,2069
アポカリプス・パクト 前半戦,ドラゴン,53,,ジョン,2069
アポカリプス・パクト 前半戦,ドラゴン,53,,ヨミ,2069
アポカリプス・パクト 前半戦,ドラゴン,53,,ユズリハ,2069
アポカリプス・パクト 前半戦,ドラゴン,57,,maonico47,2068
アポカリプス・パクト 前半戦,ドラゴン,58,,味噌日,2067
アポカリプス・パクト 前半戦,ドラゴン,58,,ゆぴどん,2067
アポカリプス・パクト 前半戦,ドラゴン,58,,コサイン瀧,2067
アポカリプス・パクト 前半戦,ドラゴン,61,,漆黒,2066
アポカリプス・パクト 前半戦,ドラゴン,61,,funa,2066
アポカリプス・パクト 前半戦,ドラゴン,61,,おぺんぺん,2066
アポカリプス・パクト 前半戦,ドラゴン,64,,お茶,2065
アポカリプス・パクト 前半戦,ドラゴン,64,,えくれ,2065
アポカリプス・パクト 前半戦,ドラゴン,64,RID,Stylish_deko,2065
アポカリプス・パクト 前半戦,ドラゴン,64,,まーむ,2065
アポカリプス・パクト 前半戦,ドラゴン,68,,むにむに,2064
アポカリプス・パクト 前半戦,ドラゴン,68,CR,ふぇぐ,2064
アポカリプス・パクト 前半戦,ドラゴン,68,DFA,トミー,2064
アポカリプス・パクト 前半戦,ドラゴン,68,,みねらる,2064
アポカリプス・パクト 前半戦,ドラゴン,68,,カズオ?ファンボーイ,2064
アポカリプス・パクト 前半戦,ドラゴン,68,,寺ここマン@遠つよしばく,2064
アポカリプス・パクト 前半戦,ドラゴン,68,,Nasu,2064
アポカリプス・パクト 前半戦,ドラゴン,75,,TK,2063
アポカリプス・パクト 前半戦,ドラゴン,75,,テール,2063
アポカリプス・パクト 前半戦,ドラゴン,75,,ひとカゲ,2063
アポカリプス・パクト 前半戦,ドラゴン,75,,げんせつ,2063
アポカリプス・パクト 前半戦,ドラゴン,79,,もぐちゅー,2062
アポカリプス・パクト 前半戦,ドラゴン,79,,スタンバイツーアンカー,2062
アポカリプス・パクト 前半戦,ドラゴン,79,,佐々気,2062
アポカリプス・パクト 前半戦,ドラゴン,79,,タナトス,2062
アポカリプス・パクト 前半戦,ドラゴン,79,,ミランダC.E.O,2062
アポカリプス・パクト 前半戦,ドラゴン,79,,くりりん,2062
アポカリプス・パクト 前半戦,ドラゴン,79,,三角初華(本物),2062
アポカリプス・パクト 前半戦,ドラゴン,86,,くえ,2061
アポカリプス・パクト 前半戦,ドラゴン,86,MRG,Spicies,2061
アポカリプス・パクト 前半戦,ドラゴン,86,,はいせ,2061
アポカリプス・パクト 前半戦,ドラゴン,86,,たくちまる,2061
アポカリプス・パクト 前半戦,ドラゴン,90,RID,折り紙,2060
アポカリプス・パクト 前半戦,ドラゴン,90,,トート,2060
アポカリプス・パクト 前半戦,ドラゴン,92,,イル,2059
アポカリプス・パクト 前半戦,ドラゴン,92,DFM,ミル,2059
アポカリプス・パクト 前半戦,ドラゴン,92,,KLM,2059
アポカリプス・パクト 前半戦,ドラゴン,92,,7スター,2059
アポカリプス・パクト 前半戦,ドラゴン,92,,れき,2059
アポカリプス・パクト 前半戦,ドラゴン,92,,ぎゃお,2059
アポカリプス・パクト 前半戦,ドラゴン,92,,krg1ce,2059
アポカリプス・パクト 前半戦,ドラゴン,99,CR,Atom,2058
アポカリプス・パクト 前半戦,ドラゴン,99,,ぶんに98k,2058
アポカリプス・パクト 前半戦,ドラゴン,99,,ちくだ,2058
アポカリプス・パクト 前半戦,ナイトメア,1,,さゆ,2339
アポカリプス・パクト 前半戦,ナイトメア,2,,守若冬史郎,2323
アポカリプス・パクト 前半戦,ナイトメア,3,,秒殺の皇帝,2285
アポカリプス・パクト 前半戦,ナイトメア,4,LVH,Hirobosu,2277
アポカリプス・パクト 前半戦,ナイトメア,4,,めいぷる,2277
アポカリプス・パクト 前半戦,ナイトメア,6,,COM*,2240
アポカリプス・パクト 前半戦,ナイトメア,7,,さみだれ!,2229
アポカリプス・パクト 前半戦,ナイトメア,8,,Riria,2227
アポカリプス・パクト 前半戦,ナイトメア,9,,ばっどぶやまる,2213
アポカリプス・パクト 前半戦,ナイトメア,10,,ふつーなやつ,2212
アポカリプス・パクト 前半戦,ナイトメア,11,,ののの,2208
アポカリプス・パクト 前半戦,ナイトメア,11,,EUNECTES,2208
アポカリプス・パクト 前半戦,ナイトメア,13,,PLAYER,2206
アポカリプス・パクト 前半戦,ナイトメア,13,,kokomoka,2206
アポカリプス・パクト 前半戦,ナイトメア,15,,シゴレ,2205
アポカリプス・パクト 前半戦,ナイトメア,16,,Na,2202
アポカリプス・パクト 前半戦,ナイトメア,17,,DB Nautilasu,2201
アポカリプス・パクト 前半戦,ナイトメア,18,,ヒロ,2191
アポカリプス・パクト 前半戦,ナイトメア,19,,もぬけ,2187
アポカリプス・パクト 前半戦,ナイトメア,20,合宿組,Beita,2182
アポカリプス・パクト 前半戦,ナイトメア,21,,億果実,2174
アポカリプス・パクト 前半戦,ナイトメア,22,,WA,2169
アポカリプス・パクト 前半戦,ナイトメア,23,,kamatti,2164
アポカリプス・パクト 前半戦,ナイトメア,24,,ピンク,2163
アポカリプス・パクト 前半戦,ナイトメア,25,,みやもとかずま,2162
アポカリプス・パクト 前半戦,ナイトメア,26,,へいこう,2159
アポカリプス・パクト 前半戦,ナイトメア,27,,クレセント,2157
アポカリプス・パクト 前半戦,ナイトメア,28,,Mty,2156
アポカリプス・パクト 前半戦,ナイトメア,28,,せんぷうき,2156
アポカリプス・パクト 前半戦,ナイトメア,28,,水煮,2156
アポカリプス・パクト 前半戦,ナイトメア,31,,たかまき,2155
アポカリプス・パクト 前半戦,ナイトメア,31,,腕,2155
アポカリプス・パクト 前半戦,ナイトメア,33,,ムスカカッカ,2154
アポカリプス・パクト 前半戦,ナイトメア,34,,ringa,2153
アポカリプス・パクト 前半戦,ナイトメア,35,ZETA,ヘイム,2152
アポカリプス・パクト 前半戦,ナイトメア,36,,追真シャドバ顔,2150
アポカリプス・パクト 前半戦,ナイトメア,37,,nico,2149
アポカリプス・パクト 前半戦,ナイトメア,38,MRG,glory,2148
アポカリプス・パクト 前半戦,ナイトメア,38,,オマールエビ,2148
アポカリプス・パクト 前半戦,ナイトメア,38,MRG,マイト,2148
アポカリプス・パクト 前半戦,ナイトメア,38,,ばるむんく,2148
アポカリプス・パクト 前半戦,ナイトメア,42,,Essia,2147
アポカリプス・パクト 前半戦,ナイトメア,42,,ち。,2147
アポカリプス・パクト 前半戦,ナイトメア,44,LVH,だーよね,2146
アポカリプス・パクト 前半戦,ナイトメア,44,,女神,2146
アポカリプス・パクト 前半戦,ナイトメア,44,,†漆黒の剣聖†,2146
アポカリプス・パクト 前半戦,ナイトメア,44,,calc,2146
アポカリプス・パクト 前半戦,ナイトメア,44,,ヤーン,2146
アポカリプス・パクト 前半戦,ナイトメア,44,,doku,2146
アポカリプス・パクト 前半戦,ナイトメア,50,LVH,rikka,2145
アポカリプス・パクト 前半戦,ナイトメア,50,CR,空白,2145
アポカリプス・パクト 前半戦,ナイトメア,50,ZETA,TBT,2145
アポカリプス・パクト 前半戦,ナイトメア,50,,rrr,2145
アポカリプス・パクト 前半戦,ナイトメア,50,,りと。,2145
アポカリプス・パクト 前半戦,ナイトメア,55,,リトマス,2144
アポカリプス・パクト 前半戦,ナイトメア,56,,とげ,2143
アポカリプス・パクト 前半戦,ナイトメア,56,,あんかけ,2143
アポカリプス・パクト 前半戦,ナイトメア,56,,zekito_Baka,2143
アポカリプス・パクト 前半戦,ナイトメア,56,,さくら,2143
アポカリプス・パクト 前半戦,ナイトメア,60,,Eve.,2142
アポカリプス・パクト 前半戦,ナイトメア,60,,umt,2142
アポカリプス・パクト 前半戦,ナイトメア,60,,パンドラ,2142
アポカリプス・パクト 前半戦,ナイトメア,60,,ららら,2142
アポカリプス・パクト 前半戦,ナイトメア,60,RC,あぐのむ,2142
アポカリプス・パクト 前半戦,ナイトメア,60,,あんだ 月見で一敗,2142
アポカリプス・パクト 前半戦,ナイトメア,66,,TK,2141
アポカリプス・パクト 前半戦,ナイトメア,66,,もぐちゅー,2141
アポカリプス・パクト 前半戦,ナイトメア,66,,りょうきんぐ,2141
アポカリプス・パクト 前半戦,ナイトメア,66,,BC,2141
アポカリプス・パクト 前半戦,ナイトメア,66,,W,2141
アポカリプス・パクト 前半戦,ナイトメア,71,RID,Chappy_ttv,2140
アポカリプス・パクト 前半戦,ナイトメア,71,RID,折り紙,2140
アポカリプス・パクト 前半戦,ナイトメア,71,,ラムネ,2140
アポカリプス・パクト 前半戦,ナイトメア,74,,らみ,2139
アポカリプス・パクト 前半戦,ナイトメア,75,DFM,ミル,2138
アポカリプス・パクト 前半戦,ナイトメア,75,,リュネット,2138
アポカリプス・パクト 前半戦,ナイトメア,77,合宿組,Re=L,2137
アポカリプス・パクト 前半戦,ナイトメア,77,,め・。・あ,2137
アポカリプス・パクト 前半戦,ナイトメア,77,,kanta,2137
アポカリプス・パクト 前半戦,ナイトメア,80,,イル,2136
アポカリプス・パクト 前半戦,ナイトメア,80,,e.,2136
アポカリプス・パクト 前半戦,ナイトメア,80,,こう,2136
アポカリプス・パクト 前半戦,ナイトメア,80,,えくれあ,2136
アポカリプス・パクト 前半戦,ナイトメア,80,,ぐるる,2136
アポカリプス・パクト 前半戦,ナイトメア,80,,YKG_にゃみコ,2136
アポカリプス・パクト 前半戦,ナイトメア,86,,〆SORA〆,2135
アポカリプス・パクト 前半戦,ナイトメア,86,,デスチワワ,2135
アポカリプス・パクト 前半戦,ナイトメア,86,,tommy,2135
アポカリプス・パクト 前半戦,ナイトメア,89,,漆黒,2134
アポカリプス・パクト 前半戦,ナイトメア,89,,potofu,2134
アポカリプス・パクト 前半戦,ナイトメア,91,CR,Atom,2133
アポカリプス・パクト 前半戦,ナイトメア,91,RID,山田レクイエム,2133
アポカリプス・パクト 前半戦,ナイトメア,93,,Medianoche,2132
アポカリプス・パクト 前半戦,ナイトメア,93,,yoiseba,2132
アポカリプス・パクト 前半戦,ナイトメア,93,,まちゃみら,2132
アポカリプス・パクト 前半戦,ナイトメア,96,VL,まっつ,2131
アポカリプス・パクト 前半戦,ナイトメア,96,RC,拓海,2131
アポカリプス・パクト 前半戦,ナイトメア,96,,secca,2131
アポカリプス・パクト 前半戦,ナイトメア,96,,ジリアックスDX3000,2131
アポカリプス・パクト 前半戦,ナイトメア,96,,ゆぴどん,2131
アポカリプス・パクト 前半戦,ナイトメア,96,,yu,2131
アポカリプス・パクト 前半戦,ナイトメア,96,,わたなべーこん,2131
アポカリプス・パクト 前半戦,ビショップ,1,,かぶと,2329
アポカリプス・パクト 前半戦,ビショップ,2,,Ch4ppie-1st,2194
アポカリプス・パクト 前半戦,ビショップ,3,VL,monakawan,2141
アポカリプス・パクト 前半戦,ビショップ,4,,れもんたると,2126
アポカリプス・パクト 前半戦,ビショップ,5,,まっすー,2121
アポカリプス・パクト 前半戦,ビショップ,7,,raikou24,2107
アポカリプス・パクト 前半戦,ビショップ,8,MRG,Toby,2104
アポカリプス・パクト 前半戦,ビショップ,9,,ももかん,2100
アポカリプス・パクト 前半戦,ビショップ,9,,山,2100
アポカリプス・パクト 前半戦,ビショップ,9,,saki,2100
アポカリプス・パクト 前半戦,ビショップ,12,,漆黒,2095
アポカリプス・パクト 前半戦,ビショップ,13,,くりいむ,2090
アポカリプス・パクト 前半戦,ビショップ,14,,うみなしぎふこ,2079
アポカリプス・パクト 前半戦,ビショップ,15,,Teddy,2072
アポカリプス・パクト 前半戦,ビショップ,16,,tt,2070
アポカリプス・パクト 前半戦,ビショップ,17,MRG,glory,2055
アポカリプス・パクト 前半戦,ビショップ,18,,sweko-na,2051
アポカリプス・パクト 前半戦,ビショップ,19,LVH,Era53,2039
アポカリプス・パクト 前半戦,ビショップ,20,,つ,2037
アポカリプス・パクト 前半戦,ビショップ,21,,Abell,2032
アポカリプス・パクト 前半戦,ビショップ,22,,たなけー,2031
アポカリプス・パクト 前半戦,ビショップ,23,,魔王,2029
アポカリプス・パクト 前半戦,ビショップ,24,,いろは,2027
アポカリプス・パクト 前半戦,ビショップ,25,,ぐんし,2024
アポカリプス・パクト 前半戦,ビショップ,25,,ケン,2024
アポカリプス・パクト 前半戦,ビショップ,27,,ピエール,2023
アポカリプス・パクト 前半戦,ビショップ,27,,霧雨,2023
アポカリプス・パクト 前半戦,ビショップ,29,CR,Atom,2022
アポカリプス・パクト 前半戦,ビショップ,29,CR,空白,2022
アポカリプス・パクト 前半戦,ビショップ,29,DFM,ミル,2022
アポカリプス・パクト 前半戦,ビショップ,32,,しいたけ,2021
アポカリプス・パクト 前半戦,ビショップ,32,,いりてむ,2021
アポカリプス・パクト 前半戦,ビショップ,32,,啊哩噜呀,2021
アポカリプス・パクト 前半戦,ビショップ,32,,Misiro,2021
アポカリプス・パクト 前半戦,ビショップ,32,,マーボー,2021
アポカリプス・パクト 前半戦,ビショップ,37,,ratora,2020
アポカリプス・パクト 前半戦,ビショップ,37,,銀,2020
アポカリプス・パクト 前半戦,ビショップ,39,,よんとう,2019
アポカリプス・パクト 前半戦,ビショップ,39,,Stupidldiot,2019
アポカリプス・パクト 前半戦,ビショップ,39,,マンボウ,2019
アポカリプス・パクト 前半戦,ビショップ,42,,ナメクジ君,2018
アポカリプス・パクト 前半戦,ビショップ,42,,cha,2018
アポカリプス・パクト 前半戦,ビショップ,42,,歳納ちゃそ,2018
アポカリプス・パクト 前半戦,ビショップ,42,,暇人,2018
アポカリプス・パクト 前半戦,ビショップ,46,,くえ,2017
アポカリプス・パクト 前半戦,ビショップ,46,,らむらむ,2017
アポカリプス・パクト 前半戦,ビショップ,46,,calc,2017
アポカリプス・パクト 前半戦,ビショップ,46,,たけし。,2017
アポカリプス・パクト 前半戦,ビショップ,50,,ミルクロちゃん,2016
アポカリプス・パクト 前半戦,ビショップ,50,,俺だけ運悪すぎだろ,2016
アポカリプス・パクト 前半戦,ビショップ,50,,itaka,2016
アポカリプス・パクト 前半戦,ビショップ,53,,ヘパ,2015
アポカリプス・パクト 前半戦,ビショップ,53,,ゴマ,2015
アポカリプス・パクト 前半戦,ビショップ,53,,らっきー,2015
アポカリプス・パクト 前半戦,ビショップ,53,,琥珀,2015
アポカリプス・パクト 前半戦,ビショップ,53,,Minato251,2015
アポカリプス・パクト 前半戦,ビショップ,53,,ありす,2015
アポカリプス・パクト 前半戦,ビショップ,59,,rare,2014
アポカリプス・パクト 前半戦,ビショップ,59,,あの人のお寿司,2014
アポカリプス・パクト 前半戦,ビショップ,59,,せっきー,2014
アポカリプス・パクト 前半戦,ビショップ,59,,きすけ@ライバルズの亡霊,2014
アポカリプス・パクト 前半戦,ビショップ,59,,草饅頭,2014
アポカリプス・パクト 前半戦,ビショップ,64,,佐藤達広,2013
アポカリプス・パクト 前半戦,ビショップ,64,,甘美な無法,2013
アポカリプス・パクト 前半戦,ビショップ,64,,まろ,2013
アポカリプス・パクト 前半戦,ビショップ,64,,榊,2013
アポカリプス・パクト 前半戦,ビショップ,69,,sere,2012
アポカリプス・パクト 前半戦,ビショップ,69,,九時,2012
アポカリプス・パクト 前半戦,ビショップ,69,,Anemone,2012
アポカリプス・パクト 前半戦,ビショップ,69,,ビシエド,2012
アポカリプス・パクト 前半戦,ビショップ,69,,ちょこo,2012
アポカリプス・パクト 前半戦,ビショップ,69,,たぬき,2012
アポカリプス・パクト 前半戦,ビショップ,75,LVH,だーよね,2011
アポカリプス・パクト 前半戦,ビショップ,75,,きなり。,2011
アポカリプス・パクト 前半戦,ビショップ,75,,なたかあ,2011
アポカリプス・パクト 前半戦,ビショップ,78,あいむ,UFV,2010
アポカリプス・パクト 前半戦,ビショップ,78,,きむしゅん,2010
アポカリプス・パクト 前半戦,ビショップ,78,,千里山,2010
アポカリプス・パクト 前半戦,ビショップ,81,,シゴレ,2009
アポカリプス・パクト 前半戦,ビショップ,81,,Medianoche,2009
アポカリプス・パクト 前半戦,ビショップ,81,,karu4,2009
アポカリプス・パクト 前半戦,ビショップ,81,,ウーウーマスカット,2009
アポカリプス・パクト 前半戦,ビショップ,85,ZETA,ヘイム,2008
アポカリプス・パクト 前半戦,ビショップ,85,,とみ,2008
アポカリプス・パクト 前半戦,ビショップ,85,,shuhei,2008
アポカリプス・パクト 前半戦,ビショップ,85,,るらら,2008
アポカリプス・パクト 前半戦,ビショップ,85,,novaten,2008
アポカリプス・パクト 前半戦,ビショップ,85,,转动命运的轮盘,2008
アポカリプス・パクト 前半戦,ビショップ,85,,ロバ,2008
アポカリプス・パクト 前半戦,ビショップ,92,LVH,rikka,2007
アポカリプス・パクト 前半戦,ビショップ,92,,女神,2007
アポカリプス・パクト 前半戦,ビショップ,94,合宿組,Re=L,2006
アポカリプス・パクト 前半戦,ビショップ,94,,多忙なイスラーフィール,2006
アポカリプス・パクト 前半戦,ビショップ,94,,another,2006
アポカリプス・パクト 前半戦,ビショップ,94,,海,2006
アポカリプス・パクト 前半戦,ビショップ,94,,コンロ,2006
アポカリプス・パクト 前半戦,ビショップ,99,,こう,2005
アポカリプス・パクト 前半戦,ビショップ,99,,noku,2005
アポカリプス・パクト 前半戦,ビショップ,99,,テール,2005
アポカリプス・パクト 前半戦,ビショップ,99,,HAJI,2005
アポカリプス・パクト 前半戦,ネメシス,1,,まるもり,2316
アポカリプス・パクト 前半戦,ネメシス,2,,ぬひ,2283
アポカリプス・パクト 前半戦,ネメシス,3,,二階堂ヒロ,2148
アポカリプス・パクト 前半戦,ネメシス,4,,突撃艦長MK-ll,2109
アポカリプス・パクト 前半戦,ネメシス,5,,霞Misty,2107
アポカリプス・パクト 前半戦,ネメシス,6,,阿圖伊,2102
アポカリプス・パクト 前半戦,ネメシス,7,,ワンハンド,2059
アポカリプス・パクト 前半戦,ネメシス,8,,リツセウス,2057
アポカリプス・パクト 前半戦,ネメシス,9,,Nico,2055
アポカリプス・パクト 前半戦,ネメシス,9,,Pce,2055
アポカリプス・パクト 前半戦,ネメシス,11,MRG,glory,2052
アポカリプス・パクト 前半戦,ネメシス,12,,横乳サイコダウナー科学者,2042
アポカリプス・パクト 前半戦,ネメシス,13,,はも,2032
アポカリプス・パクト 前半戦,ネメシス,14,,シルヴィ,2031
アポカリプス・パクト 前半戦,ネメシス,15,,メガワニノコ,2029
アポカリプス・パクト 前半戦,ネメシス,16,,酢飯握り,2027
アポカリプス・パクト 前半戦,ネメシス,17,,曖味me mine,2025
アポカリプス・パクト 前半戦,ネメシス,18,,終末のオティヌス,2023
アポカリプス・パクト 前半戦,ネメシス,18,,Vii,2023
アポカリプス・パクト 前半戦,ネメシス,20,,シゴレ,2022
アポカリプス・パクト 前半戦,ネメシス,20,,ベルベル,2022
アポカリプス・パクト 前半戦,ネメシス,22,,ヤミシドダハ,2021
アポカリプス・パクト 前半戦,ネメシス,23,,ゆうすけ,2020
アポカリプス・パクト 前半戦,ネメシス,23,,Minoa,2020
アポカリプス・パクト 前半戦,ネメシス,25,,月雪ミヤコ,2018
アポカリプス・パクト 前半戦,ネメシス,25,,ろた,2018
アポカリプス・パクト 前半戦,ネメシス,27,,ヒロ,2017
アポカリプス・パクト 前半戦,ネメシス,27,,シエン,2017
アポカリプス・パクト 前半戦,ネメシス,27,合宿組,晴地うてん,2017
アポカリプス・パクト 前半戦,ネメシス,30,CR,空白,2016
アポカリプス・パクト 前半戦,ネメシス,30,,Figole,2016
アポカリプス・パクト 前半戦,ネメシス,30,,untani,2016
アポカリプス・パクト 前半戦,ネメシス,30,,唐揚げ定食,2016
アポカリプス・パクト 前半戦,ネメシス,34,,飞行雪绒,2015
アポカリプス・パクト 前半戦,ネメシス,34,,ぶすたんくぅ,2015
アポカリプス・パクト 前半戦,ネメシス,36,,ぐみ,2014
アポカリプス・パクト 前半戦,ネメシス,36,,にょーん,2014
アポカリプス・パクト 前半戦,ネメシス,36,,リョクチャ,2014
アポカリプス・パクト 前半戦,ネメシス,39,,チュンドラ,2013
アポカリプス・パクト 前半戦,ネメシス,40,,イル,2012
アポカリプス・パクト 前半戦,ネメシス,40,,Medianoche,2012
アポカリプス・パクト 前半戦,ネメシス,40,,cha,2012
アポカリプス・パクト 前半戦,ネメシス,40,,知,2012
アポカリプス・パクト 前半戦,ネメシス,40,,Freya,2012
アポカリプス・パクト 前半戦,ネメシス,45,,桜羽エマ,2011
アポカリプス・パクト 前半戦,ネメシス,45,,かめくん,2011
アポカリプス・パクト 前半戦,ネメシス,45,,しげりん,2011
アポカリプス・パクト 前半戦,ネメシス,45,,ogattyan,2011
アポカリプス・パクト 前半戦,ネメシス,45,,ペンギン,2011
アポカリプス・パクト 前半戦,ネメシス,50,,e.,2010
アポカリプス・パクト 前半戦,ネメシス,50,,ゴリゴリ,2010
アポカリプス・パクト 前半戦,ネメシス,50,,あずきの継承者,2010
アポカリプス・パクト 前半戦,ネメシス,53,,はる,2009
アポカリプス・パクト 前半戦,ネメシス,53,,sere,2009
アポカリプス・パクト 前半戦,ネメシス,53,,けいちやそ,2009
アポカリプス・パクト 前半戦,ネメシス,56,CR,Atom,2008
アポカリプス・パクト 前半戦,ネメシス,56,,ゴマ,2008
アポカリプス・パクト 前半戦,ネメシス,56,,Romlilly,2008
アポカリプス・パクト 前半戦,ネメシス,56,,shisui,2008
アポカリプス・パクト 前半戦,ネメシス,56,,yosio,2008
アポカリプス・パクト 前半戦,ネメシス,56,,やたちょ,2008
アポカリプス・パクト 前半戦,ネメシス,56,,ノドリゲス田中,2008
アポカリプス・パクト 前半戦,ネメシス,56,,slllllime,2008
アポカリプス・パクト 前半戦,ネメシス,56,,Morisato_K1,2008
アポカリプス・パクト 前半戦,ネメシス,65,RID,折り紙,2006
アポカリプス・パクト 前半戦,ネメシス,65,,コオリッポ,2006
アポカリプス・パクト 前半戦,ネメシス,65,,あくあ,2006
アポカリプス・パクト 前半戦,ネメシス,65,,らこ,2006
アポカリプス・パクト 前半戦,ネメシス,65,,Tomy,2006
アポカリプス・パクト 前半戦,ネメシス,70,DFM,ミル,2005
アポカリプス・パクト 前半戦,ネメシス,71,LVH,rikka,2004
アポカリプス・パクト 前半戦,ネメシス,71,,芝,2004
アポカリプス・パクト 前半戦,ネメシス,71,,あつ,2004
アポカリプス・パクト 前半戦,ネメシス,71,,頭カウンターマジック,2004
アポカリプス・パクト 前半戦,ネメシス,75,,漆黒,2003
アポカリプス・パクト 前半戦,ネメシス,75,VL,monakawan,2003
アポカリプス・パクト 前半戦,ネメシス,75,,もぐちゅー,2003
アポカリプス・パクト 前半戦,ネメシス,75,,KIRIN,2003
アポカリプス・パクト 前半戦,ネメシス,75,,ペンタん,2003
アポカリプス・パクト 前半戦,ネメシス,75,,かみじー,2003
アポカリプス・パクト 前半戦,ネメシス,75,,焦げたお場,2003
アポカリプス・パクト 前半戦,ネメシス,75,,KOOTA,2003
アポカリプス・パクト 前半戦,ネメシス,75,,ちいかわポケット徹底攻略,2003
アポカリプス・パクト 前半戦,ネメシス,84,ZETA,ヘイム,2002
アポカリプス・パクト 前半戦,ネメシス,84,,nico,2002
アポカリプス・パクト 前半戦,ネメシス,84,,seiru,2002
アポカリプス・パクト 前半戦,ネメシス,84,,たっく,2002
アポカリプス・パクト 前半戦,ネメシス,84,,なたかあ,2002
アポカリプス・パクト 前半戦,ネメシス,84,,湊*ta1/,2002
アポカリプス・パクト 前半戦,ネメシス,84,,ハンター,2002
アポカリプス・パクト 前半戦,ネメシス,84,,魚饅頭,2002
アポカリプス・パクト 前半戦,ネメシス,84,,カブトガニカフェ,2002
アポカリプス・パクト 前半戦,ネメシス,93,LVH,だーよね,2001
アポカリプス・パクト 前半戦,ネメシス,93,,TK,2001
アポカリプス・パクト 前半戦,ネメシス,93,,Amane,2001
アポカリプス・パクト 前半戦,ネメシス,93,,破滅の果てに汝が罰あり,2001
アポカリプス・パクト 前半戦,ネメシス,93,,k2nd,2001
アポカリプス・パクト 前半戦,ネメシス,93,,soupspa,2001
アポカリプス・パクト 前半戦,ネメシス,99,合宿組,Re=L,2000
アポカリプス・パクト 前半戦,ネメシス,99,,わぁや,2000
アポカリプス・パクト 前半戦,ネメシス,99,,xuefei,2000
アポカリプス・パクト 前半戦,ネメシス,99,,こ゜,2000
花酔遊戯 前半戦,ロイヤル,1,,코코나단,2310
花酔遊戯 前半戦,ロイヤル,2,MRG,マイト,2250
花酔遊戯 前半戦,ロイヤル,3,,ロマネコ,2223
花酔遊戯 前半戦,ロイヤル,4,,あき,2220
花酔遊戯 前半戦,ロイヤル,5,,るび,2215
花酔遊戯 前半戦,ロイヤル,6,,destiny,2210
花酔遊戯 前半戦,ロイヤル,7,,〆SORA〆,2203
花酔遊戯 前半戦,ロイヤル,8,,ぱて,2200
花酔遊戯 前半戦,ロイヤル,9,,せな,2196
花酔遊戯 前半戦,ロイヤル,10,,しろしろ,2178
花酔遊戯 前半戦,ロイヤル,11,ZETA,CQCQ,2174
花酔遊戯 前半戦,ロイヤル,12,,たなけー,2169
花酔遊戯 前半戦,ロイヤル,13,,がみ,2161
花酔遊戯 前半戦,ロイヤル,14,,おゆぽん,2158
花酔遊戯 前半戦,ロイヤル,15,,ichi,2155
花酔遊戯 前半戦,ロイヤル,15,,らやはやはやは,2155
花酔遊戯 前半戦,ロイヤル,17,,かりね,2154
花酔遊戯 前半戦,ロイヤル,18,,加蓮,2153
花酔遊戯 前半戦,ロイヤル,19,,燃料を司る郊外のネ申,2150
花酔遊戯 前半戦,ロイヤル,20,,蒼井ゆうま,2149
花酔遊戯 前半戦,ロイヤル,21,,ポカ,2148
花酔遊戯 前半戦,ロイヤル,22,,てぃほ,2145
花酔遊戯 前半戦,ロイヤル,23,,kamui914,2144
花酔遊戯 前半戦,ロイヤル,24,,クヲン,2141
花酔遊戯 前半戦,ロイヤル,24,,sleepun,2141
花酔遊戯 前半戦,ロイヤル,24,,ヒ,2141
花酔遊戯 前半戦,ロイヤル,27,,アーシェス中西,2140
花酔遊戯 前半戦,ロイヤル,27,,こもじ,2140
花酔遊戯 前半戦,ロイヤル,27,,Pris-Magic!,2140
花酔遊戯 前半戦,ロイヤル,30,RC,ぱらちゃん,2139
花酔遊戯 前半戦,ロイヤル,30,,紅白,2139
花酔遊戯 前半戦,ロイヤル,30,,あくた,2139
花酔遊戯 前半戦,ロイヤル,33,LVH,rikka,2138
花酔遊戯 前半戦,ロイヤル,33,,午月天人,2138
花酔遊戯 前半戦,ロイヤル,33,,ke,2138
花酔遊戯 前半戦,ロイヤル,33,,ガイアフォース,2138
花酔遊戯 前半戦,ロイヤル,37,CR,Atom,2137
花酔遊戯 前半戦,ロイヤル,38,MRG,glory,2136
花酔遊戯 前半戦,ロイヤル,38,,elma,2136
花酔遊戯 前半戦,ロイヤル,38,,zen,2136
花酔遊戯 前半戦,ロイヤル,38,,†漆黒の剣聖†,2136
花酔遊戯 前半戦,ロイヤル,38,,肌男,2136
花酔遊戯 前半戦,ロイヤル,43,,多忙なイスラーフィール,2135
花酔遊戯 前半戦,ロイヤル,43,,おっとりクリーム,2135
花酔遊戯 前半戦,ロイヤル,45,,えくれあ,2133
花酔遊戯 前半戦,ロイヤル,45,,積立兄さん,2133
花酔遊戯 前半戦,ロイヤル,47,,サッキー,2132
花酔遊戯 前半戦,ロイヤル,47,,Eve.,2132
花酔遊戯 前半戦,ロイヤル,47,,みみみ,2132
花酔遊戯 前半戦,ロイヤル,47,,KFP,2132
花酔遊戯 前半戦,ロイヤル,47,,よーぶん,2132
花酔遊戯 前半戦,ロイヤル,47,,SSR,2132
花酔遊戯 前半戦,ロイヤル,47,,彩瀬逢桜,2132
花酔遊戯 前半戦,ロイヤル,54,,よんとう,2131
花酔遊戯 前半戦,ロイヤル,54,,たまお,2131
花酔遊戯 前半戦,ロイヤル,54,,ぼー,2131
花酔遊戯 前半戦,ロイヤル,54,,カズオ?ファンボーイ,2131
花酔遊戯 前半戦,ロイヤル,54,,星碎,2131
花酔遊戯 前半戦,ロイヤル,54,,onpaaa,2131
花酔遊戯 前半戦,ロイヤル,60,RID,Chappy_ttv,2130
花酔遊戯 前半戦,ロイヤル,60,,ろいす,2130
花酔遊戯 前半戦,ロイヤル,60,,wwwaaa,2130
花酔遊戯 前半戦,ロイヤル,60,,by2y,2130
花酔遊戯 前半戦,ロイヤル,60,,ヘパ,2130
花酔遊戯 前半戦,ロイヤル,60,,R,2130
花酔遊戯 前半戦,ロイヤル,60,,しあん,2130
花酔遊戯 前半戦,ロイヤル,60,,さだまる,2130
花酔遊戯 前半戦,ロイヤル,60,,no,2130
花酔遊戯 前半戦,ロイヤル,60,,KNG,2130
花酔遊戯 前半戦,ロイヤル,70,DFM,かなで,2129
花酔遊戯 前半戦,ロイヤル,70,,抹茶,2129
花酔遊戯 前半戦,ロイヤル,70,,ドスキヌタ,2129
花酔遊戯 前半戦,ロイヤル,70,,サロモン,2129
花酔遊戯 前半戦,ロイヤル,70,,とろろん,2129
花酔遊戯 前半戦,ロイヤル,70,,とある,2129
花酔遊戯 前半戦,ロイヤル,70,,Ank,2129
花酔遊戯 前半戦,ロイヤル,77,,ベネトナシュ,2128
花酔遊戯 前半戦,ロイヤル,77,,S1nflqsh,2128
花酔遊戯 前半戦,ロイヤル,77,,リノセウス、すこなんだw,2128
花酔遊戯 前半戦,ロイヤル,77,,勇者ヒンメルならそうした,2128
花酔遊戯 前半戦,ロイヤル,77,,Nqnofficial,2128
花酔遊戯 前半戦,ロイヤル,77,,ほ,2128
花酔遊戯 前半戦,ロイヤル,77,,Rui,2128
花酔遊戯 前半戦,ロイヤル,84,,Amano,2127
花酔遊戯 前半戦,ロイヤル,84,,あるふぁ,2127
花酔遊戯 前半戦,ロイヤル,86,,モロッコヨーグル,2126
花酔遊戯 前半戦,ロイヤル,86,,めたを,2126
花酔遊戯 前半戦,ロイヤル,88,,メガいっつ,2125
花酔遊戯 前半戦,ロイヤル,88,,デスチワワ,2125
花酔遊戯 前半戦,ロイヤル,88,,季,2125
花酔遊戯 前半戦,ロイヤル,91,LVH,Era53,2124
花酔遊戯 前半戦,ロイヤル,91,,るらら,2124
花酔遊戯 前半戦,ロイヤル,91,,Hack,2124
花酔遊戯 前半戦,ロイヤル,91,,わしのカじゃ,2124
花酔遊戯 前半戦,ロイヤル,95,,モナカ,2123
花酔遊戯 前半戦,ロイヤル,95,,ほむ,2123
花酔遊戯 前半戦,ロイヤル,95,,ドラジの母の味はごつ盛り,2123
花酔遊戯 前半戦,ロイヤル,95,,たたりめ,2123
花酔遊戯 前半戦,ロイヤル,95,,デス・カブトムシ,2123
花酔遊戯 前半戦,ロイヤル,100,,chun,2122
花酔遊戯 前半戦,ロイヤル,100,,q,2122
花酔遊戯 前半戦,ウィッチ,1,,あい,2235
花酔遊戯 前半戦,ウィッチ,2,,Song,2226
花酔遊戯 前半戦,ウィッチ,3,,シレン(ツナ),2177
花酔遊戯 前半戦,ウィッチ,4,,シゴレ,2165
花酔遊戯 前半戦,ウィッチ,5,,seiru,2154
花酔遊戯 前半戦,ウィッチ,6,,TK Arusu,2153
花酔遊戯 前半戦,ウィッチ,7,,フラクタル,2152
花酔遊戯 前半戦,ウィッチ,8,ΣDesire,斑鳩ルカ,2148
花酔遊戯 前半戦,ウィッチ,9,,シン,2136
花酔遊戯 前半戦,ウィッチ,10,,z,2128
花酔遊戯 前半戦,ウィッチ,11,,shima,2127
花酔遊戯 前半戦,ウィッチ,12,,yu,2112
花酔遊戯 前半戦,ウィッチ,13,,kareha,2108
花酔遊戯 前半戦,ウィッチ,14,,るび,2106
花酔遊戯 前半戦,ウィッチ,15,,識,2104
花酔遊戯 前半戦,ウィッチ,15,,AS04,2104
花酔遊戯 前半戦,ウィッチ,17,,只会猪大排,2102
花酔遊戯 前半戦,ウィッチ,18,,naike,2095
花酔遊戯 前半戦,ウィッチ,19,,るみな,2094
花酔遊戯 前半戦,ウィッチ,20,,surpass,2093
花酔遊戯 前半戦,ウィッチ,21,,ジア,2091
花酔遊戯 前半戦,ウィッチ,22,,よざりん,2090
花酔遊戯 前半戦,ウィッチ,22,,tassheep,2090
花酔遊戯 前半戦,ウィッチ,24,,numa,2087
花酔遊戯 前半戦,ウィッチ,25,,nattya,2086
花酔遊戯 前半戦,ウィッチ,26,,かさ,2084
花酔遊戯 前半戦,ウィッチ,26,,わやなか,2084
花酔遊戯 前半戦,ウィッチ,26,,ミネラル,2084
花酔遊戯 前半戦,ウィッチ,26,,Nao,2084
花酔遊戯 前半戦,ウィッチ,30,MRG,glory,2083
花酔遊戯 前半戦,ウィッチ,30,,moxmizi,2083
花酔遊戯 前半戦,ウィッチ,30,,あんじゅ,2083
花酔遊戯 前半戦,ウィッチ,30,,albus,2083
花酔遊戯 前半戦,ウィッチ,34,,d*,2082
花酔遊戯 前半戦,ウィッチ,34,,イヴ,2082
花酔遊戯 前半戦,ウィッチ,34,,赤狸,2082
花酔遊戯 前半戦,ウィッチ,34,,EMT　Dayy,2082
花酔遊戯 前半戦,ウィッチ,38,,Pris-Magic!,2081
花酔遊戯 前半戦,ウィッチ,38,,さ,2081
花酔遊戯 前半戦,ウィッチ,38,,あた,2081
花酔遊戯 前半戦,ウィッチ,38,,静降想,2081
花酔遊戯 前半戦,ウィッチ,42,,zen,2080
花酔遊戯 前半戦,ウィッチ,42,,テリヤキ,2080
花酔遊戯 前半戦,ウィッチ,42,,あの人のお寿司,2080
花酔遊戯 前半戦,ウィッチ,42,,オルフェ,2080
花酔遊戯 前半戦,ウィッチ,42,,なな,2080
花酔遊戯 前半戦,ウィッチ,47,CR,Atom,2079
花酔遊戯 前半戦,ウィッチ,47,,shuhei,2079
花酔遊戯 前半戦,ウィッチ,47,,星月めぐる,2079
花酔遊戯 前半戦,ウィッチ,47,,どかーん,2079
花酔遊戯 前半戦,ウィッチ,47,,タージマハル,2079
花酔遊戯 前半戦,ウィッチ,47,,ゆゆゆ,2079
花酔遊戯 前半戦,ウィッチ,53,,潜在表明,2078
花酔遊戯 前半戦,ウィッチ,53,,E,2078
花酔遊戯 前半戦,ウィッチ,53,,茶黒,2078
花酔遊戯 前半戦,ウィッチ,53,,zaga,2078
花酔遊戯 前半戦,ウィッチ,53,,ババルウ,2078
花酔遊戯 前半戦,ウィッチ,53,,エアーマン@Vtuber,2078
花酔遊戯 前半戦,ウィッチ,59,LVH,rikka,2077
花酔遊戯 前半戦,ウィッチ,59,,なすのゆ,2077
花酔遊戯 前半戦,ウィッチ,59,,添える,2077
花酔遊戯 前半戦,ウィッチ,59,,瑠璃,2077
花酔遊戯 前半戦,ウィッチ,63,,Miro,2076
花酔遊戯 前半戦,ウィッチ,64,,Figole,2075
花酔遊戯 前半戦,ウィッチ,64,,がんばえぷいきゅあー,2075
花酔遊戯 前半戦,ウィッチ,64,,36,2075
花酔遊戯 前半戦,ウィッチ,64,,hp,2075
花酔遊戯 前半戦,ウィッチ,64,,春,2075
花酔遊戯 前半戦,ウィッチ,64,,黒塗の絶傑・クルルァ,2075
花酔遊戯 前半戦,ウィッチ,64,,スケケン,2075
花酔遊戯 前半戦,ウィッチ,71,RC,ぱらちゃん,2074
花酔遊戯 前半戦,ウィッチ,71,,キラキラハヤト,2074
花酔遊戯 前半戦,ウィッチ,71,,ky03,2074
花酔遊戯 前半戦,ウィッチ,71,,こねこね,2074
花酔遊戯 前半戦,ウィッチ,75,,むーん,2073
花酔遊戯 前半戦,ウィッチ,75,,はる,2073
花酔遊戯 前半戦,ウィッチ,75,,Morceaux,2073
花酔遊戯 前半戦,ウィッチ,78,,ぱて,2072
花酔遊戯 前半戦,ウィッチ,78,,ばっふぁろん,2072
花酔遊戯 前半戦,ウィッチ,78,,のでり,2072
花酔遊戯 前半戦,ウィッチ,78,,summer,2072
花酔遊戯 前半戦,ウィッチ,82,,rafay,2071
花酔遊戯 前半戦,ウィッチ,82,,MURA,2071
花酔遊戯 前半戦,ウィッチ,82,,よんとう,2071
花酔遊戯 前半戦,ウィッチ,82,,T,2071
花酔遊戯 前半戦,ウィッチ,82,,ema,2071
花酔遊戯 前半戦,ウィッチ,87,LVH,Era53,2070
花酔遊戯 前半戦,ウィッチ,87,,Liaresu,2070
花酔遊戯 前半戦,ウィッチ,87,,secca,2070
花酔遊戯 前半戦,ウィッチ,87,,あっとね,2070
花酔遊戯 前半戦,ウィッチ,87,,愛麗絲・瑪格特羅伊德,2070
花酔遊戯 前半戦,ウィッチ,92,,りぃふ,2069
花酔遊戯 前半戦,ウィッチ,92,,ポポポ,2069
花酔遊戯 前半戦,ウィッチ,92,,おっきー,2069
花酔遊戯 前半戦,ウィッチ,92,,激鬱新卒社会人,2069
花酔遊戯 前半戦,ウィッチ,96,DFM,かなで,2068
花酔遊戯 前半戦,ウィッチ,96,,とむら,2068
花酔遊戯 前半戦,ウィッチ,96,,ここしろ,2068
花酔遊戯 前半戦,ウィッチ,96,,kokomoka,2068
花酔遊戯 前半戦,ウィッチ,96,,rest,2068
花酔遊戯 前半戦,ウィッチ,96,,シエン,2068
花酔遊戯 前半戦,ドラゴン,1,,ヌケニン,2320
花酔遊戯 前半戦,ドラゴン,2,,絶対服従魔人,2232
花酔遊戯 前半戦,ドラゴン,3,,ぴょ,2217
花酔遊戯 前半戦,ドラゴン,4,合宿組,kt,2216
花酔遊戯 前半戦,ドラゴン,5,,味噌日,2208
花酔遊戯 前半戦,ドラゴン,6,,あるきがみ,2203
花酔遊戯 前半戦,ドラゴン,7,,鬼火スイクン,2190
花酔遊戯 前半戦,ドラゴン,8,,きらり,2189
花酔遊戯 前半戦,ドラゴン,9,CR,Atom,2177
花酔遊戯 前半戦,ドラゴン,9,,運田圭佑,2177
花酔遊戯 前半戦,ドラゴン,11,,another,2172
花酔遊戯 前半戦,ドラゴン,12,,るび,2171
花酔遊戯 前半戦,ドラゴン,13,,yamepi,2163
花酔遊戯 前半戦,ドラゴン,14,,あさぴー,2151
花酔遊戯 前半戦,ドラゴン,15,,まさと,2143
花酔遊戯 前半戦,ドラゴン,16,,よいこ,2142
花酔遊戯 前半戦,ドラゴン,17,,MURA,2132
花酔遊戯 前半戦,ドラゴン,17,,simeji,2132
花酔遊戯 前半戦,ドラゴン,19,,めす,2127
花酔遊戯 前半戦,ドラゴン,20,DFM,かなで,2125
花酔遊戯 前半戦,ドラゴン,20,,か,2125
花酔遊戯 前半戦,ドラゴン,22,,kuritamago,2119
花酔遊戯 前半戦,ドラゴン,23,,りざ,2117
花酔遊戯 前半戦,ドラゴン,24,,大丸Boy,2116
花酔遊戯 前半戦,ドラゴン,25,,Player,2114
花酔遊戯 前半戦,ドラゴン,26,,kareha,2113
花酔遊戯 前半戦,ドラゴン,26,,Afuro,2113
花酔遊戯 前半戦,ドラゴン,28,,シロクマ24時,2112
花酔遊戯 前半戦,ドラゴン,29,,あごりん,2111
花酔遊戯 前半戦,ドラゴン,30,,Tanishi,2110
花酔遊戯 前半戦,ドラゴン,30,,ほむほむら,2110
花酔遊戯 前半戦,ドラゴン,30,,喵皇,2110
花酔遊戯 前半戦,ドラゴン,33,,shu-cat,2109
花酔遊戯 前半戦,ドラゴン,33,,L.L.,2109
花酔遊戯 前半戦,ドラゴン,35,,霜雪,2108
花酔遊戯 前半戦,ドラゴン,36,,ビヨンド,2106
花酔遊戯 前半戦,ドラゴン,36,,シュウ,2106
花酔遊戯 前半戦,ドラゴン,38,,by2y,2105
花酔遊戯 前半戦,ドラゴン,38,,ぽん(通寝用),2105
花酔遊戯 前半戦,ドラゴン,38,,ツカ,2105
花酔遊戯 前半戦,ドラゴン,42,,rafay,2104
花酔遊戯 前半戦,ドラゴン,42,,せつなじお,2104
花酔遊戯 前半戦,ドラゴン,42,,wistal,2104
花酔遊戯 前半戦,ドラゴン,45,,Aoto,2103
花酔遊戯 前半戦,ドラゴン,46,LVH,rikka,2102
花酔遊戯 前半戦,ドラゴン,46,,KLM,2102
花酔遊戯 前半戦,ドラゴン,46,,チャンキ,2102
花酔遊戯 前半戦,ドラゴン,49,あいむ,UFV,2101
花酔遊戯 前半戦,ドラゴン,49,,にゃん,2101
花酔遊戯 前半戦,ドラゴン,49,,nao,2101
花酔遊戯 前半戦,ドラゴン,49,,*せらふぃ,2101
花酔遊戯 前半戦,ドラゴン,49,,Lacus(サマー),2101
花酔遊戯 前半戦,ドラゴン,49,,レインだよ?,2101
花酔遊戯 前半戦,ドラゴン,55,RID,折り紙,2100
花酔遊戯 前半戦,ドラゴン,55,,4ever,2100
花酔遊戯 前半戦,ドラゴン,55,,はじめん,2100
花酔遊戯 前半戦,ドラゴン,55,,Rucky,2100
花酔遊戯 前半戦,ドラゴン,59,RC,ぱらちゃん,2099
花酔遊戯 前半戦,ドラゴン,60,,キルスレス,2097
花酔遊戯 前半戦,ドラゴン,60,,葛西ランプドラゴン,2097
花酔遊戯 前半戦,ドラゴン,62,,弱い自分は現実逃避,2096
花酔遊戯 前半戦,ドラゴン,62,,はにわ,2096
花酔遊戯 前半戦,ドラゴン,64,,むにむに,2094
花酔遊戯 前半戦,ドラゴン,65,,サッキー,2093
花酔遊戯 前半戦,ドラゴン,65,,otaku,2093
花酔遊戯 前半戦,ドラゴン,65,,かしのき,2093
花酔遊戯 前半戦,ドラゴン,68,,にゃんにゃん,2091
花酔遊戯 前半戦,ドラゴン,68,,サロモン,2091
花酔遊戯 前半戦,ドラゴン,70,,せな,2090
花酔遊戯 前半戦,ドラゴン,70,,ローウェンバルクスピア,2090
花酔遊戯 前半戦,ドラゴン,70,,カズキ,2090
花酔遊戯 前半戦,ドラゴン,70,,shinon,2090
花酔遊戯 前半戦,ドラゴン,74,,やけおー,2089
花酔遊戯 前半戦,ドラゴン,75,,午月天人,2088
花酔遊戯 前半戦,ドラゴン,75,,Nomai,2088
花酔遊戯 前半戦,ドラゴン,77,RID,Chappy_ttv,2087
花酔遊戯 前半戦,ドラゴン,77,,へい民,2087
花酔遊戯 前半戦,ドラゴン,77,,きのもと,2087
花酔遊戯 前半戦,ドラゴン,80,,イル,2086
花酔遊戯 前半戦,ドラゴン,80,,シェナ様さいこう!,2086
花酔遊戯 前半戦,ドラゴン,80,,空宮,2086
花酔遊戯 前半戦,ドラゴン,80,,shio,2086
花酔遊戯 前半戦,ドラゴン,84,,うまごん,2085
花酔遊戯 前半戦,ドラゴン,84,,すき焼き,2085
花酔遊戯 前半戦,ドラゴン,84,,dfi,2085
花酔遊戯 前半戦,ドラゴン,87,,たみにゃす,2084
花酔遊戯 前半戦,ドラゴン,87,,mono,2084
花酔遊戯 前半戦,ドラゴン,89,MRG,glory,2081
花酔遊戯 前半戦,ドラゴン,89,,キラキラハヤト,2081
花酔遊戯 前半戦,ドラゴン,89,,モチモチsasa身,2081
花酔遊戯 前半戦,ドラゴン,89,,길가행,2081
花酔遊戯 前半戦,ドラゴン,93,,終日,2080
花酔遊戯 前半戦,ドラゴン,93,,スライム,2080
花酔遊戯 前半戦,ドラゴン,93,,三水机,2080
花酔遊戯 前半戦,ドラゴン,93,,まあ坊,2080
花酔遊戯 前半戦,ドラゴン,97,,くえ,2079
花酔遊戯 前半戦,ドラゴン,97,,ohmus,2079
花酔遊戯 前半戦,ドラゴン,97,,本須和,2079
花酔遊戯 前半戦,ナイトメア,1,,ブレイク・トライネン,2256
花酔遊戯 前半戦,ナイトメア,2,,じゃすん@Vちゅーばー,2205
花酔遊戯 前半戦,ナイトメア,3,,ぬめくり,2160
花酔遊戯 前半戦,ナイトメア,4,,おばけさま,2157
花酔遊戯 前半戦,ナイトメア,5,,Pamela@エムリッ党,2140
花酔遊戯 前半戦,ナイトメア,6,,黒須あろま,2073
花酔遊戯 前半戦,ナイトメア,7,,森羅炎象,2057
花酔遊戯 前半戦,ナイトメア,8,,あい,2043
花酔遊戯 前半戦,ナイトメア,9,,るーん,2033
花酔遊戯 前半戦,ナイトメア,10,,ヒソカ,2030
花酔遊戯 前半戦,ナイトメア,11,,セニオリス,2014
花酔遊戯 前半戦,ナイトメア,12,LVH,rikka,2013
花酔遊戯 前半戦,ナイトメア,12,,モンジロウ,2013
花酔遊戯 前半戦,ナイトメア,14,,ta,2012
花酔遊戯 前半戦,ナイトメア,14,,れーしき,2012
花酔遊戯 前半戦,ナイトメア,16,,ゆら,2011
花酔遊戯 前半戦,ナイトメア,17,,のだりー,2010
花酔遊戯 前半戦,ナイトメア,18,,イル,2009
花酔遊戯 前半戦,ナイトメア,18,,ちょこみんと,2009
花酔遊戯 前半戦,ナイトメア,20,CR,Atom,2008
花酔遊戯 前半戦,ナイトメア,20,,秒殺の皇帝,2008
花酔遊戯 前半戦,ナイトメア,20,,Ai,2008
花酔遊戯 前半戦,ナイトメア,23,,シゴレ,2007
花酔遊戯 前半戦,ナイトメア,24,,運だけしかいねえや,2006
花酔遊戯 前半戦,ナイトメア,25,,アーシェス中西,2004
花酔遊戯 前半戦,ナイトメア,25,,AS04,2004
花酔遊戯 前半戦,ナイトメア,25,,天戯弥勒,2004
花酔遊戯 前半戦,ナイトメア,25,,kamatti,2004
花酔遊戯 前半戦,ナイトメア,25,,cha,2004
花酔遊戯 前半戦,ナイトメア,25,,紫雲清夏,2004
花酔遊戯 前半戦,ナイトメア,31,,せんぷうき,2003
花酔遊戯 前半戦,ナイトメア,32,,ポポポ,2002
花酔遊戯 前半戦,ナイトメア,32,,ヒロ,2002
花酔遊戯 前半戦,ナイトメア,32,,迂闊,2002
花酔遊戯 前半戦,ナイトメア,32,,toppo,2002
花酔遊戯 前半戦,ナイトメア,32,,トレーズ,2002
花酔遊戯 前半戦,ナイトメア,32,,Ran,2002
花酔遊戯 前半戦,ナイトメア,32,,たっちみー,2002
花酔遊戯 前半戦,ナイトメア,32,,ryu,2002
花酔遊戯 前半戦,ナイトメア,40,,周防有希,2001
花酔遊戯 前半戦,ナイトメア,40,,Mikahoko,2001
花酔遊戯 前半戦,ナイトメア,40,,ゆ (1),2001
花酔遊戯 前半戦,ナイトメア,40,,素敵なステーキ,2001
花酔遊戯 前半戦,ナイトメア,44,,あつ,2000
花酔遊戯 前半戦,ナイトメア,44,,花咲アリス,2000
花酔遊戯 前半戦,ナイトメア,46,RC,ぱらちゃん,1999
花酔遊戯 前半戦,ナイトメア,46,,soramin,1999
花酔遊戯 前半戦,ナイトメア,46,,clover,1999
花酔遊戯 前半戦,ナイトメア,46,,shir0kuma,1999
花酔遊戯 前半戦,ナイトメア,50,,りぃふ,1998
花酔遊戯 前半戦,ナイトメア,50,,ky03,1998
花酔遊戯 前半戦,ナイトメア,50,,炒飯,1998
花酔遊戯 前半戦,ナイトメア,50,,ドロシーの元カレ,1998
花酔遊戯 前半戦,ナイトメア,50,,tonemone,1998
花酔遊戯 前半戦,ナイトメア,55,,よんとう,1997
花酔遊戯 前半戦,ナイトメア,55,,Mizo.,1997
花酔遊戯 前半戦,ナイトメア,55,,かねごん,1997
花酔遊戯 前半戦,ナイトメア,55,,Shinba,1997
花酔遊戯 前半戦,ナイトメア,55,,サトシ,1997
花酔遊戯 前半戦,ナイトメア,60,,ジンジャー,1996
花酔遊戯 前半戦,ナイトメア,60,,メレオロン・レミオロメン,1996
花酔遊戯 前半戦,ナイトメア,60,,おいら。まろふし。,1996
花酔遊戯 前半戦,ナイトメア,63,,白き天底,1995
花酔遊戯 前半戦,ナイトメア,63,,エモッ!エモエモベール,1995
花酔遊戯 前半戦,ナイトメア,63,,jick,1995
花酔遊戯 前半戦,ナイトメア,66,,お茶,1994
花酔遊戯 前半戦,ナイトメア,66,,Zeppelin,1994
花酔遊戯 前半戦,ナイトメア,66,,★,1994
花酔遊戯 前半戦,ナイトメア,69,,さみだれ!,1993
花酔遊戯 前半戦,ナイトメア,69,,なす,1993
花酔遊戯 前半戦,ナイトメア,69,,j,1993
花酔遊戯 前半戦,ナイトメア,69,,Zorn925,1993
花酔遊戯 前半戦,ナイトメア,73,DFM,かなで,1992
花酔遊戯 前半戦,ナイトメア,73,,SIA,1992
花酔遊戯 前半戦,ナイトメア,73,,caelum,1992
花酔遊戯 前半戦,ナイトメア,76,RID,折り紙,1991
花酔遊戯 前半戦,ナイトメア,76,,サッキー,1991
花酔遊戯 前半戦,ナイトメア,76,,otaku,1991
花酔遊戯 前半戦,ナイトメア,76,,えご,1991
花酔遊戯 前半戦,ナイトメア,80,,くえ,1990
花酔遊戯 前半戦,ナイトメア,80,,ni,1990
花酔遊戯 前半戦,ナイトメア,80,,しょしんしゃ,1990
花酔遊戯 前半戦,ナイトメア,80,,天の彼方,1990
花酔遊戯 前半戦,ナイトメア,80,,いちかわん。,1990
花酔遊戯 前半戦,ナイトメア,80,,おもち,1990
花酔遊戯 前半戦,ナイトメア,80,,Be,1990
花酔遊戯 前半戦,ナイトメア,87,,みみみ,1989
花酔遊戯 前半戦,ナイトメア,87,,ジリアックスDX3000,1989
花酔遊戯 前半戦,ナイトメア,87,,歳納ちゃそ,1989
花酔遊戯 前半戦,ナイトメア,87,,ディオム,1989
花酔遊戯 前半戦,ナイトメア,87,,na,1989
花酔遊戯 前半戦,ナイトメア,92,MRG,glory,1988
花酔遊戯 前半戦,ナイトメア,92,,キラキラハヤト,1988
花酔遊戯 前半戦,ナイトメア,92,,secca,1988
花酔遊戯 前半戦,ナイトメア,92,,蒼,1988
花酔遊戯 前半戦,ナイトメア,96,,ラトス,1987
花酔遊戯 前半戦,ナイトメア,96,,梨,1987
花酔遊戯 前半戦,ナイトメア,96,,奴,1987
花酔遊戯 前半戦,ナイトメア,99,LVH,Era53,1986
花酔遊戯 前半戦,ナイトメア,99,,D,1986
蒼空の六竜 後半戦,エルフ,1,,デカリボン先輩,2309
蒼空の六竜 後半戦,エルフ,3,,Ryuzu,2256
蒼空の六竜 後半戦,エルフ,4,,紅葉おろし,2226
蒼空の六竜 後半戦,エルフ,5,,熱血太郎,2221
蒼空の六竜 後半戦,エルフ,6,,かるま,2210
蒼空の六竜 後半戦,エルフ,6,,roron,2210
蒼空の六竜 後半戦,エルフ,6,,kase,2210
蒼空の六竜 後半戦,エルフ,9,,えるむ,2205
蒼空の六竜 後半戦,エルフ,10,,ライト27,2200
蒼空の六竜 後半戦,エルフ,11,LVH,rikka,2168
蒼空の六竜 後半戦,エルフ,12,,sissela,2159
蒼空の六竜 後半戦,エルフ,13,,aururmetu,2133
蒼空の六竜 後半戦,エルフ,14,,さむ,2125
蒼空の六竜 後半戦,エルフ,15,,raikou24,2124
蒼空の六竜 後半戦,エルフ,16,RID,Chappy_ttv,2113
蒼空の六竜 後半戦,エルフ,17,,kawai,2111
蒼空の六竜 後半戦,エルフ,18,,jpp,2109
蒼空の六竜 後半戦,エルフ,19,,surpass,2108
蒼空の六竜 後半戦,エルフ,20,,MAO,2100
蒼空の六竜 後半戦,エルフ,21,,おちゃ,2094
蒼空の六竜 後半戦,エルフ,22,,にゃんこクエスト,2063
蒼空の六竜 後半戦,エルフ,23,,エヴァ,2058
蒼空の六竜 後半戦,エルフ,23,,あめめま,2058
蒼空の六竜 後半戦,エルフ,25,,むぎの,2057
蒼空の六竜 後半戦,エルフ,26,,超銀河押忍騎士団ちゃんず,2053
蒼空の六竜 後半戦,エルフ,27,,ぱて,2051
蒼空の六竜 後半戦,エルフ,28,,くえ,2049
蒼空の六竜 後半戦,エルフ,29,,三人,2044
蒼空の六竜 後半戦,エルフ,30,,Medianoche,2037
蒼空の六竜 後半戦,エルフ,31,,AI,2035
蒼空の六竜 後半戦,エルフ,32,,わたあめ,2034
蒼空の六竜 後半戦,エルフ,32,,うすくない,2034
蒼空の六竜 後半戦,エルフ,34,,せんぷうき,2031
蒼空の六竜 後半戦,エルフ,35,,のちゃら,2030
蒼空の六竜 後半戦,エルフ,36,,りぃふ,2029
蒼空の六竜 後半戦,エルフ,37,,妖内内,2027
蒼空の六竜 後半戦,エルフ,38,,えくれあ,2026
蒼空の六竜 後半戦,エルフ,39,,とと,2025
蒼空の六竜 後半戦,エルフ,39,,ピザまん,2025
蒼空の六竜 後半戦,エルフ,39,,Springfield,2025
蒼空の六竜 後半戦,エルフ,42,,ツヌノ,2024
蒼空の六竜 後半戦,エルフ,43,,FS3232,2023
蒼空の六竜 後半戦,エルフ,43,,ぽん,2023
蒼空の六竜 後半戦,エルフ,43,,広末ナイトメア涼子,2023
蒼空の六竜 後半戦,エルフ,46,,とび,2022
蒼空の六竜 後半戦,エルフ,46,MRG,Toby,2022
蒼空の六竜 後半戦,エルフ,46,RC,ぱらちゃん,2022
蒼空の六竜 後半戦,エルフ,49,,丸々だいじん,2021
蒼空の六竜 後半戦,エルフ,49,,はまみ,2021
蒼空の六竜 後半戦,エルフ,51,,コクっち,2020
蒼空の六竜 後半戦,エルフ,51,,らいお軍曹,2020
蒼空の六竜 後半戦,エルフ,51,,geotaxis,2020
蒼空の六竜 後半戦,エルフ,51,,異形すこすこ侍,2020
蒼空の六竜 後半戦,エルフ,55,,ばっどぶやまる,2019
蒼空の六竜 後半戦,エルフ,55,,睡眠中,2019
蒼空の六竜 後半戦,エルフ,55,,Koenig,2019
蒼空の六竜 後半戦,エルフ,55,,我活了五百年的ダヤン观众,2019
蒼空の六竜 後半戦,エルフ,59,,Donmel,2018
蒼空の六竜 後半戦,エルフ,59,,でね,2018
蒼空の六竜 後半戦,エルフ,59,,昇華,2018
蒼空の六竜 後半戦,エルフ,59,,狂える獅子 邪教,2018
蒼空の六竜 後半戦,エルフ,63,,コバえもん,2017
蒼空の六竜 後半戦,エルフ,63,,雷恩,2017
蒼空の六竜 後半戦,エルフ,65,,不死的史莱姆,2016
蒼空の六竜 後半戦,エルフ,66,RID,山田レクイエム,2015
蒼空の六竜 後半戦,エルフ,66,,えってぃ,2015
蒼空の六竜 後半戦,エルフ,68,,ダヤン,2014
蒼空の六竜 後半戦,エルフ,68,,Toppo,2014
蒼空の六竜 後半戦,エルフ,70,合宿組,Re=L,2013
蒼空の六竜 後半戦,エルフ,70,,岡八,2013
蒼空の六竜 後半戦,エルフ,72,,上振れ,2012
蒼空の六竜 後半戦,エルフ,72,,Spectre,2012
蒼空の六竜 後半戦,エルフ,72,,よこ,2012
蒼空の六竜 後半戦,エルフ,75,,asano,2011
蒼空の六竜 後半戦,エルフ,75,,桜羽エマ,2011
蒼空の六竜 後半戦,エルフ,75,,羽がムチムチ 妖精郷,2011
蒼空の六竜 後半戦,エルフ,78,,3104,2010
蒼空の六竜 後半戦,エルフ,79,,ネクロス鏑木,2009
蒼空の六竜 後半戦,エルフ,79,,ポロネーズ,2009
蒼空の六竜 後半戦,エルフ,79,,竈門タンジェロ,2009
蒼空の六竜 後半戦,エルフ,79,,ああああ,2009
蒼空の六竜 後半戦,エルフ,79,,かーざ,2009
蒼空の六竜 後半戦,エルフ,84,RID,折り紙,2008
蒼空の六竜 後半戦,エルフ,84,,兎月しるく,2008
蒼空の六竜 後半戦,エルフ,84,,モグイナ@youtube,2008
蒼空の六竜 後半戦,エルフ,84,,PiPluP,2008
蒼空の六竜 後半戦,エルフ,84,,カラカラ,2008
蒼空の六竜 後半戦,エルフ,84,,ジェイそそそ,2008
蒼空の六竜 後半戦,エルフ,84,,Refia,2008
蒼空の六竜 後半戦,エルフ,91,,주해,2007
蒼空の六竜 後半戦,エルフ,92,,ばつ丸,2006
蒼空の六竜 後半戦,エルフ,92,,Suzushiro,2006
蒼空の六竜 後半戦,エルフ,92,,半沢チャーハン,2006
蒼空の六竜 後半戦,エルフ,95,,租り丸っぴ,2005
蒼空の六竜 後半戦,エルフ,95,,シャムナクアの眷属,2005
蒼空の六竜 後半戦,エルフ,97,MRG,glory,2004
蒼空の六竜 後半戦,エルフ,98,,ダヤン視聴者,2003
蒼空の六竜 後半戦,エルフ,98,,汐にゃん,2003
蒼空の六竜 後半戦,エルフ,100,,いるっち,2002
蒼空の六竜 後半戦,エルフ,100,,Taya,2002
蒼空の六竜 後半戦,ロイヤル,1,ZETA,CQCQ,2324
蒼空の六竜 後半戦,ロイヤル,2,MRG,マイト,2307
蒼空の六竜 後半戦,ロイヤル,3,,あき,2280
蒼空の六竜 後半戦,ロイヤル,4,,燃料を司る郊外のネ申,2206
蒼空の六竜 後半戦,ロイヤル,5,,白井黒子,2204
蒼空の六竜 後半戦,ロイヤル,6,,オルオーンケアしません,2202
蒼空の六竜 後半戦,ロイヤル,7,,arum,2201
蒼空の六竜 後半戦,ロイヤル,8,DFM,MingiGod,2199
蒼空の六竜 後半戦,ロイヤル,9,,kamui914,2195
蒼空の六竜 後半戦,ロイヤル,10,,destiny,2186
蒼空の六竜 後半戦,ロイヤル,11,,zen,2184
蒼空の六竜 後半戦,ロイヤル,11,,Alier,2184
蒼空の六竜 後半戦,ロイヤル,13,DFM,ユーリ,2181
蒼空の六竜 後半戦,ロイヤル,14,,ウルトラウニーマン,2179
蒼空の六竜 後半戦,ロイヤル,15,,らやはやはやは,2177
蒼空の六竜 後半戦,ロイヤル,16,,みみみ,2172
蒼空の六竜 後半戦,ロイヤル,16,,sai,2172
蒼空の六竜 後半戦,ロイヤル,18,,YuYu,2169
蒼空の六竜 後半戦,ロイヤル,19,,ティラノザウルス,2168
蒼空の六竜 後半戦,ロイヤル,20,,きぃ,2165
蒼空の六竜 後半戦,ロイヤル,21,,スパイ,2163
蒼空の六竜 後半戦,ロイヤル,22,,by2y,2161
蒼空の六竜 後半戦,ロイヤル,22,,ほむ,2161
蒼空の六竜 後半戦,ロイヤル,24,,コン,2160
蒼空の六竜 後半戦,ロイヤル,24,,shiru,2160
蒼空の六竜 後半戦,ロイヤル,26,,抹茶,2158
蒼空の六竜 後半戦,ロイヤル,27,,ちいかや,2157
蒼空の六竜 後半戦,ロイヤル,27,,ちゃんゆ,2157
蒼空の六竜 後半戦,ロイヤル,27,,Cc,2157
蒼空の六竜 後半戦,ロイヤル,30,,せんぷうき,2156
蒼空の六竜 後半戦,ロイヤル,30,,いわたん,2156
蒼空の六竜 後半戦,ロイヤル,30,,〆SORA〆,2156
蒼空の六竜 後半戦,ロイヤル,30,,Merrybadend,2156
蒼空の六竜 後半戦,ロイヤル,34,RID,山田レクイエム,2155
蒼空の六竜 後半戦,ロイヤル,34,,やんし。,2155
蒼空の六竜 後半戦,ロイヤル,34,,クラン,2155
蒼空の六竜 後半戦,ロイヤル,34,,R (1),2155
蒼空の六竜 後半戦,ロイヤル,38,,レモネーゼ,2154
蒼空の六竜 後半戦,ロイヤル,38,,ベベ,2154
蒼空の六竜 後半戦,ロイヤル,38,,はるまき,2154
蒼空の六竜 後半戦,ロイヤル,38,,Kamijames,2154
蒼空の六竜 後半戦,ロイヤル,42,,Zephyr,2153
蒼空の六竜 後半戦,ロイヤル,43,RID,Chappy_ttv,2151
蒼空の六竜 後半戦,ロイヤル,43,,むにむに,2151
蒼空の六竜 後半戦,ロイヤル,43,,ばっどぶやまる,2151
蒼空の六竜 後半戦,ロイヤル,46,,けー,2150
蒼空の六竜 後半戦,ロイヤル,46,,矢野,2150
蒼空の六竜 後半戦,ロイヤル,46,,リオーネ,2150
蒼空の六竜 後半戦,ロイヤル,46,,藍原,2150
蒼空の六竜 後半戦,ロイヤル,51,,Leon,2149
蒼空の六竜 後半戦,ロイヤル,52,,チャンキ,2148
蒼空の六竜 後半戦,ロイヤル,52,ivi,かぼさん,2148
蒼空の六竜 後半戦,ロイヤル,52,,魚民,2148
蒼空の六竜 後半戦,ロイヤル,52,,R (2),2148
蒼空の六竜 後半戦,ロイヤル,56,LVH,rikka,2147
蒼空の六竜 後半戦,ロイヤル,56,RC,あぐのむ,2147
蒼空の六竜 後半戦,ロイヤル,56,,ろいろい,2147
蒼空の六竜 後半戦,ロイヤル,56,,AnG/よる,2147
蒼空の六竜 後半戦,ロイヤル,56,,はちやま,2147
蒼空の六竜 後半戦,ロイヤル,61,LVH,だーよね,2146
蒼空の六竜 後半戦,ロイヤル,61,,アーシェス中西,2146
蒼空の六竜 後半戦,ロイヤル,61,,R,2146
蒼空の六竜 後半戦,ロイヤル,61,,やのっす,2146
蒼空の六竜 後半戦,ロイヤル,65,,あぶらみ,2145
蒼空の六竜 後半戦,ロイヤル,65,,코코나단,2145
蒼空の六竜 後半戦,ロイヤル,67,,sota,2144
蒼空の六竜 後半戦,ロイヤル,67,,超銀河押忍騎士団ちゃんず,2144
蒼空の六竜 後半戦,ロイヤル,67,,大門未知子,2144
蒼空の六竜 後半戦,ロイヤル,67,,ほわいと☆みるく,2144
蒼空の六竜 後半戦,ロイヤル,67,,合格だ,2144
蒼空の六竜 後半戦,ロイヤル,67,,肩甲骨,2144
蒼空の六竜 後半戦,ロイヤル,67,,えるの,2144
蒼空の六竜 後半戦,ロイヤル,67,,ヤマモ,2144
蒼空の六竜 後半戦,ロイヤル,75,RID,折り紙,2143
蒼空の六竜 後半戦,ロイヤル,75,,モナカ,2143
蒼空の六竜 後半戦,ロイヤル,75,,LELU,2143
蒼空の六竜 後半戦,ロイヤル,75,,コーカサスオオカズコ,2143
蒼空の六竜 後半戦,ロイヤル,79,,Amano,2142
蒼空の六竜 後半戦,ロイヤル,79,,ラトス,2142
蒼空の六竜 後半戦,ロイヤル,79,,GodRelD,2142
蒼空の六竜 後半戦,ロイヤル,79,,山口裕也,2142
蒼空の六竜 後半戦,ロイヤル,83,,TK,2141
蒼空の六竜 後半戦,ロイヤル,83,,タキ,2141
蒼空の六竜 後半戦,ロイヤル,83,,にゃんにゃん,2141
蒼空の六竜 後半戦,ロイヤル,83,,いくお,2141
蒼空の六竜 後半戦,ロイヤル,83,,R2,2141
蒼空の六竜 後半戦,ロイヤル,83,,りーの,2141
蒼空の六竜 後半戦,ロイヤル,89,MRG,glory,2140
蒼空の六竜 後半戦,ロイヤル,89,,Medianoche,2140
蒼空の六竜 後半戦,ロイヤル,89,,Aura,2140
蒼空の六竜 後半戦,ロイヤル,89,,Nqnofficial,2140
蒼空の六竜 後半戦,ロイヤル,89,,後攻率9割,2140
蒼空の六竜 後半戦,ロイヤル,94,,暗黒神ユウタ,2139
蒼空の六竜 後半戦,ロイヤル,94,,yule,2139
蒼空の六竜 後半戦,ロイヤル,96,,紺堂夢月,2138
蒼空の六竜 後半戦,ロイヤル,97,,所有権はボクが所有する,2137
蒼空の六竜 後半戦,ロイヤル,97,,十八,2137
蒼空の六竜 後半戦,ロイヤル,99,,Player,2136
蒼空の六竜 後半戦,ロイヤル,99,,ハングリーバーガー,2136
蒼空の六竜 後半戦,ドラゴン,1,,よしだ,2273
蒼空の六竜 後半戦,ドラゴン,2,,きらり,2246
蒼空の六竜 後半戦,ドラゴン,3,,ヌケニン,2207
蒼空の六竜 後半戦,ドラゴン,4,,ドラゴンなんかに…,2143
蒼空の六竜 後半戦,ドラゴン,5,,おぶおぶ,2131
蒼空の六竜 後半戦,ドラゴン,6,,弱い自分は現実逃避,2126
蒼空の六竜 後半戦,ドラゴン,7,DFM,ユーリ,2124
蒼空の六竜 後半戦,ドラゴン,8,,シュウ,2110
蒼空の六竜 後半戦,ドラゴン,9,,Tanishi,2109
蒼空の六竜 後半戦,ドラゴン,10,,けしずみ,2105
蒼空の六竜 後半戦,ドラゴン,11,,KLM,2104
蒼空の六竜 後半戦,ドラゴン,12,,*せらふぃ,2100
蒼空の六竜 後半戦,ドラゴン,13,,おかおか,2099
蒼空の六竜 後半戦,ドラゴン,14,,むにむに,2083
蒼空の六竜 後半戦,ドラゴン,15,,終日,2081
蒼空の六竜 後半戦,ドラゴン,16,,ぽりまち,2080
蒼空の六竜 後半戦,ドラゴン,16,,Aspirin,2080
蒼空の六竜 後半戦,ドラゴン,18,,タニーポ,2077
蒼空の六竜 後半戦,ドラゴン,19,,こじまん,2070
蒼空の六竜 後半戦,ドラゴン,20,,しし氏,2069
蒼空の六竜 後半戦,ドラゴン,21,,やけおー,2068
蒼空の六竜 後半戦,ドラゴン,21,,夕暮れドラゴン,2068
蒼空の六竜 後半戦,ドラゴン,23,,Toshi,2067
蒼空の六竜 後半戦,ドラゴン,24,,ぶんに98k,2066
蒼空の六竜 後半戦,ドラゴン,24,,あの人のお寿司,2066
蒼空の六竜 後半戦,ドラゴン,26,LVH,Era53,2063
蒼空の六竜 後半戦,ドラゴン,26,,volval,2063
蒼空の六竜 後半戦,ドラゴン,28,,鬼火スイクン,2061
蒼空の六竜 後半戦,ドラゴン,28,,ばっどぶやまる,2061
蒼空の六竜 後半戦,ドラゴン,28,,周防有希,2061
蒼空の六竜 後半戦,ドラゴン,28,,らぐ,2061
蒼空の六竜 後半戦,ドラゴン,28,,りんちゃぴ,2061
蒼空の六竜 後半戦,ドラゴン,33,,ナテラ壊れる,2059
蒼空の六竜 後半戦,ドラゴン,34,,tt,2058
蒼空の六竜 後半戦,ドラゴン,34,,くりまんじゅう,2058
蒼空の六竜 後半戦,ドラゴン,36,RID,山田レクイエム,2057
蒼空の六竜 後半戦,ドラゴン,36,,やまたろうすZ,2057
蒼空の六竜 後半戦,ドラゴン,38,,せる,2056
蒼空の六竜 後半戦,ドラゴン,39,,あさぴー,2055
蒼空の六竜 後半戦,ドラゴン,39,,ぐみ,2055
蒼空の六竜 後半戦,ドラゴン,39,,モッティー,2055
蒼空の六竜 後半戦,ドラゴン,42,,けいやで,2054
蒼空の六竜 後半戦,ドラゴン,42,,アッシー@YT,2054
蒼空の六竜 後半戦,ドラゴン,42,,みみみみみ,2054
蒼空の六竜 後半戦,ドラゴン,42,,hoshiku,2054
蒼空の六竜 後半戦,ドラゴン,46,,キノガッサ,2053
蒼空の六竜 後半戦,ドラゴン,46,,スタンバイツーアンカー,2053
蒼空の六竜 後半戦,ドラゴン,46,,謎のロイヤル使い,2053
蒼空の六竜 後半戦,ドラゴン,46,,かんですの,2053
蒼空の六竜 後半戦,ドラゴン,46,,た,2053
蒼空の六竜 後半戦,ドラゴン,46,,orusashiki,2053
蒼空の六竜 後半戦,ドラゴン,46,,azulan,2053
蒼空の六竜 後半戦,ドラゴン,53,,コン,2052
蒼空の六竜 後半戦,ドラゴン,53,,なかたい,2052
蒼空の六竜 後半戦,ドラゴン,53,,ま,2052
蒼空の六竜 後半戦,ドラゴン,53,,おまめ,2052
蒼空の六竜 後半戦,ドラゴン,53,,oka,2052
蒼空の六竜 後半戦,ドラゴン,58,RID,折り紙,2051
蒼空の六竜 後半戦,ドラゴン,58,,くえ,2051
蒼空の六竜 後半戦,ドラゴン,58,,紅葉おろし,2051
蒼空の六竜 後半戦,ドラゴン,58,,ベネトナシュ,2051
蒼空の六竜 後半戦,ドラゴン,58,,こもじ,2051
蒼空の六竜 後半戦,ドラゴン,58,,モチモチsasa身,2051
蒼空の六竜 後半戦,ドラゴン,58,,haru,2051
蒼空の六竜 後半戦,ドラゴン,58,,えくれ,2051
蒼空の六竜 後半戦,ドラゴン,58,,Maniac,2051
蒼空の六竜 後半戦,ドラゴン,58,,ジュン,2051
蒼空の六竜 後半戦,ドラゴン,58,,トシ@ヒトミデメテル,2051
蒼空の六竜 後半戦,ドラゴン,69,RID,Chappy_ttv,2050
蒼空の六竜 後半戦,ドラゴン,69,,紺堂夢月,2050
蒼空の六竜 後半戦,ドラゴン,69,,Azure,2050
蒼空の六竜 後半戦,ドラゴン,69,,CLF を探しています%,2050
蒼空の六竜 後半戦,ドラゴン,73,,あのん,2049
蒼空の六竜 後半戦,ドラゴン,73,,d,2049
蒼空の六竜 後半戦,ドラゴン,73,,Setoka,2049
蒼空の六竜 後半戦,ドラゴン,73,,EB,2049
蒼空の六竜 後半戦,ドラゴン,77,,セツナ,2048
蒼空の六竜 後半戦,ドラゴン,78,,とび,2047
蒼空の六竜 後半戦,ドラゴン,78,,レモネーゼ,2047
蒼空の六竜 後半戦,ドラゴン,78,,スライム,2047
蒼空の六竜 後半戦,ドラゴン,78,,はちや,2047
蒼空の六竜 後半戦,ドラゴン,78,,jaz,2047
蒼空の六竜 後半戦,ドラゴン,78,,白い子山羊,2047
蒼空の六竜 後半戦,ドラゴン,78,,五月雨,2047
蒼空の六竜 後半戦,ドラゴン,85,,サッキー,2046
蒼空の六竜 後半戦,ドラゴン,85,,とーま,2046
蒼空の六竜 後半戦,ドラゴン,87,,Player,2044
蒼空の六竜 後半戦,ドラゴン,87,,砂井裏鍵,2044
蒼空の六竜 後半戦,ドラゴン,87,,うにちゃーはん,2044
蒼空の六竜 後半戦,ドラゴン,87,,なまハム,2044
蒼空の六竜 後半戦,ドラゴン,91,,桜羽エマ,2043
蒼空の六竜 後半戦,ドラゴン,91,,skt,2043
蒼空の六竜 後半戦,ドラゴン,91,,かまぼこ,2043
蒼空の六竜 後半戦,ドラゴン,91,,yohdel,2043
蒼空の六竜 後半戦,ドラゴン,95,,PENDUAL,2042
蒼空の六竜 後半戦,ドラゴン,95,,ラウタロハヤシ,2042
蒼空の六竜 後半戦,ドラゴン,97,,鰻屋の鰻,2041
蒼空の六竜 後半戦,ドラゴン,98,MRG,glory,2040
蒼空の六竜 後半戦,ドラゴン,98,,ひくつ,2040
蒼空の六竜 後半戦,ドラゴン,100,,袖くりぃむ@V配信中,2039
蒼空の六竜 後半戦,ネメシス,1,,ももかん,2281
蒼空の六竜 後半戦,ネメシス,1,,ルナいないよ,2281
蒼空の六竜 後半戦,ネメシス,3,,toppo,2255
蒼空の六竜 後半戦,ネメシス,4,,仁,2183
蒼空の六竜 後半戦,ネメシス,5,,iro_rio,2175
蒼空の六竜 後半戦,ネメシス,6,,jiean/深紅蘭,2159
蒼空の六竜 後半戦,ネメシス,7,,6w,2157
蒼空の六竜 後半戦,ネメシス,8,,スタディー将棋,2154
蒼空の六竜 後半戦,ネメシス,9,,なー,2148
蒼空の六竜 後半戦,ネメシス,10,,フィーア,2146
蒼空の六竜 後半戦,ネメシス,11,,松本,2145
蒼空の六竜 後半戦,ネメシス,12,,noa,2141
蒼空の六竜 後半戦,ネメシス,13,,TKC,2121
蒼空の六竜 後半戦,ネメシス,14,,運田圭佑,2116
蒼空の六竜 後半戦,ネメシス,14,,柏木,2116
蒼空の六竜 後半戦,ネメシス,16,,shu,2114
蒼空の六竜 後半戦,ネメシス,17,,酢飯握り,2111
蒼空の六竜 後半戦,ネメシス,18,,シェナ様さいこう!,2110
蒼空の六竜 後半戦,ネメシス,18,,wade,2110
蒼空の六竜 後半戦,ネメシス,20,,あぶらみ,2109
蒼空の六竜 後半戦,ネメシス,21,,サキナ,2108
蒼空の六竜 後半戦,ネメシス,21,,オーラルペイン水上,2108
蒼空の六竜 後半戦,ネメシス,23,,TK,2105
蒼空の六竜 後半戦,ネメシス,24,,バーサ,2104
蒼空の六竜 後半戦,ネメシス,24,,青蛇,2104
蒼空の六竜 後半戦,ネメシス,24,,睦月,2104
蒼空の六竜 後半戦,ネメシス,24,,Min,2104
蒼空の六竜 後半戦,ネメシス,28,,きらり,2102
蒼空の六竜 後半戦,ネメシス,28,,rqln ギルメン募集中,2102
蒼空の六竜 後半戦,ネメシス,30,,たきこ,2101
蒼空の六竜 後半戦,ネメシス,31,,リグゼ,2100
蒼空の六竜 後半戦,ネメシス,31,,タヌキ所長,2100
蒼空の六竜 後半戦,ネメシス,33,COL,ペンギン,2098
蒼空の六竜 後半戦,ネメシス,34,,†漆黒の剣聖†,2091
蒼空の六竜 後半戦,ネメシス,34,,ぜ,2091
蒼空の六竜 後半戦,ネメシス,34,,デンデンヨ,2091
蒼空の六竜 後半戦,ネメシス,37,,サッキー,2090
蒼空の六竜 後半戦,ネメシス,37,,SNOWMAN,2090
蒼空の六竜 後半戦,ネメシス,39,,そらまめ,2089
蒼空の六竜 後半戦,ネメシス,39,,マヨ88,2089
蒼空の六竜 後半戦,ネメシス,41,,しょしんしゃ,2087
蒼空の六竜 後半戦,ネメシス,41,,こーよ,2087
蒼空の六竜 後半戦,ネメシス,43,,Aias,2086
蒼空の六竜 後半戦,ネメシス,44,,Nem.,2085
蒼空の六竜 後半戦,ネメシス,44,,yuki狐,2085
蒼空の六竜 後半戦,ネメシス,44,,岡田,2085
蒼空の六竜 後半戦,ネメシス,44,,ふゆかYT,2085
蒼空の六竜 後半戦,ネメシス,48,MRG,glory,2084
蒼空の六竜 後半戦,ネメシス,48,,Koji,2084
蒼空の六竜 後半戦,ネメシス,50,,はる,2082
蒼空の六竜 後半戦,ネメシス,50,,E,2082
蒼空の六竜 後半戦,ネメシス,50,,烏龍茶,2082
蒼空の六竜 後半戦,ネメシス,50,,しめ,2082
蒼空の六竜 後半戦,ネメシス,50,,おちゃけん,2082
蒼空の六竜 後半戦,ネメシス,50,,りゅうや,2082
蒼空の六竜 後半戦,ネメシス,50,,カピバラくん,2082
蒼空の六竜 後半戦,ネメシス,57,,抹茶,2081
蒼空の六竜 後半戦,ネメシス,57,,はも,2081
蒼空の六竜 後半戦,ネメシス,57,,たっく,2081
蒼空の六竜 後半戦,ネメシス,57,,nanda,2081
蒼空の六竜 後半戦,ネメシス,57,,でんしう,2081
蒼空の六竜 後半戦,ネメシス,62,RID,折り紙,2080
蒼空の六竜 後半戦,ネメシス,62,,ポロロッカ,2080
蒼空の六竜 後半戦,ネメシス,62,,モルディカイ(本物),2080
蒼空の六竜 後半戦,ネメシス,66,,ベネトナシュ,2079
蒼空の六竜 後半戦,ネメシス,66,,みみみみみ,2079
蒼空の六竜 後半戦,ネメシス,66,,j,2079
蒼空の六竜 後半戦,ネメシス,66,,クロエ,2079
蒼空の六竜 後半戦,ネメシス,66,,じじい,2079
蒼空の六竜 後半戦,ネメシス,66,,Rupin,2079
蒼空の六竜 後半戦,ネメシス,72,,オマールエビ,2078
蒼空の六竜 後半戦,ネメシス,72,,むた,2078
蒼空の六竜 後半戦,ネメシス,72,すだれ,L.L,2078
蒼空の六竜 後半戦,ネメシス,72,,ゐ。,2078
蒼空の六竜 後半戦,ネメシス,76,,コオリッポ,2077
蒼空の六竜 後半戦,ネメシス,76,,那由他,2077
蒼空の六竜 後半戦,ネメシス,76,,kamimori,2077
蒼空の六竜 後半戦,ネメシス,76,,ぷーん,2077
蒼空の六竜 後半戦,ネメシス,80,,reizen,2076
蒼空の六竜 後半戦,ネメシス,80,,Sera,2076
蒼空の六竜 後半戦,ネメシス,80,,Zorn925,2076
蒼空の六竜 後半戦,ネメシス,80,,オルオーンガチアンチ,2076
蒼空の六竜 後半戦,ネメシス,84,,きょうご@配信してません,2075
蒼空の六竜 後半戦,ネメシス,85,RID,山田レクイエム,2074
蒼空の六竜 後半戦,ネメシス,85,,notokura,2074
蒼空の六竜 後半戦,ネメシス,85,,なかたい,2074
蒼空の六竜 後半戦,ネメシス,85,,いんこえす,2074
蒼空の六竜 後半戦,ネメシス,85,,AnG/てんぽいんと,2074
蒼空の六竜 後半戦,ネメシス,90,RID,Chappy_ttv,2073
蒼空の六竜 後半戦,ネメシス,90,,死闘の傍観者,2073
蒼空の六竜 後半戦,ネメシス,90,,れん,2073
蒼空の六竜 後半戦,ネメシス,90,,MILLA,2073
蒼空の六竜 後半戦,ネメシス,90,,suzuranika,2073
蒼空の六竜 後半戦,ネメシス,95,,やんまー,2072
蒼空の六竜 後半戦,ネメシス,96,,りぃふ,2071
蒼空の六竜 後半戦,ネメシス,96,,Jトル,2071
蒼空の六竜 後半戦,ネメシス,98,,KADI,2070
蒼空の六竜 後半戦,ネメシス,98,,GtenkoR,2070
蒼空の六竜 後半戦,ネメシス,100,,Ximz,2069
蒼空の六竜 前半戦,ロイヤル,1,,ももかん,2261
蒼空の六竜 前半戦,ロイヤル,1,ZETA,CQCQ,2261
蒼空の六竜 前半戦,ロイヤル,3,,しろしろ,2226
蒼空の六竜 前半戦,ロイヤル,4,DFM,ユーリ,2208
蒼空の六竜 前半戦,ロイヤル,5,,udon,2200
蒼空の六竜 前半戦,ロイヤル,6,,二階堂ヒロ,2171
蒼空の六竜 前半戦,ロイヤル,7,,にか,2169
蒼空の六竜 前半戦,ロイヤル,8,,カリウム,2164
蒼空の六竜 前半戦,ロイヤル,9,CR,Winter,2158
蒼空の六竜 前半戦,ロイヤル,10,,TK SadFeeder,2157
蒼空の六竜 前半戦,ロイヤル,11,,GarnetDevil,2155
蒼空の六竜 前半戦,ロイヤル,12,,猫,2153
蒼空の六竜 前半戦,ロイヤル,12,,yuta,2153
蒼空の六竜 前半戦,ロイヤル,14,,和伊薇特做朋友,2150
蒼空の六竜 前半戦,ロイヤル,15,,あき,2149
蒼空の六竜 前半戦,ロイヤル,15,,arum,2149
蒼空の六竜 前半戦,ロイヤル,17,,おのみち,2145
蒼空の六竜 前半戦,ロイヤル,17,,スパイ,2145
蒼空の六竜 前半戦,ロイヤル,17,,薮,2145
蒼空の六竜 前半戦,ロイヤル,20,CR,Atom,2141
蒼空の六竜 前半戦,ロイヤル,21,,クヲン,2131
蒼空の六竜 前半戦,ロイヤル,21,,はとむね,2131
蒼空の六竜 前半戦,ロイヤル,23,,elma,2130
蒼空の六竜 前半戦,ロイヤル,23,,べっきぃ,2130
蒼空の六竜 前半戦,ロイヤル,25,,7,2129
蒼空の六竜 前半戦,ロイヤル,26,MRG,マイト,2127
蒼空の六竜 前半戦,ロイヤル,26,,くらいぶ,2127
蒼空の六竜 前半戦,ロイヤル,26,,walnut,2127
蒼空の六竜 前半戦,ロイヤル,29,,ポカ,2126
蒼空の六竜 前半戦,ロイヤル,30,,あっく,2125
蒼空の六竜 前半戦,ロイヤル,31,,kamui914,2124
蒼空の六竜 前半戦,ロイヤル,32,,るーつちゃん,2123
蒼空の六竜 前半戦,ロイヤル,33,,とむら,2122
蒼空の六竜 前半戦,ロイヤル,33,,KFP,2122
蒼空の六竜 前半戦,ロイヤル,33,,ティラノザウルス,2122
蒼空の六竜 前半戦,ロイヤル,36,,キラキラハヤト,2121
蒼空の六竜 前半戦,ロイヤル,36,ZETA,TBT,2121
蒼空の六竜 前半戦,ロイヤル,38,,otaku,2120
蒼空の六竜 前半戦,ロイヤル,38,,むにむに,2120
蒼空の六竜 前半戦,ロイヤル,38,,ソーキ,2120
蒼空の六竜 前半戦,ロイヤル,41,,イル,2119
蒼空の六竜 前半戦,ロイヤル,41,,にゃんにゃん,2119
蒼空の六竜 前半戦,ロイヤル,43,,たけし,2117
蒼空の六竜 前半戦,ロイヤル,43,,NieR,2117
蒼空の六竜 前半戦,ロイヤル,45,,識,2116
蒼空の六竜 前半戦,ロイヤル,45,,ラトス,2116
蒼空の六竜 前半戦,ロイヤル,45,,R,2116
蒼空の六竜 前半戦,ロイヤル,45,,ルラ,2116
蒼空の六竜 前半戦,ロイヤル,49,,Excelia,2115
蒼空の六竜 前半戦,ロイヤル,50,,ゴリラ,2114
蒼空の六竜 前半戦,ロイヤル,50,,燃料を司る郊外のネ申,2114
蒼空の六竜 前半戦,ロイヤル,52,,紅葉おろし,2113
蒼空の六竜 前半戦,ロイヤル,52,,ヨ,2113
蒼空の六竜 前半戦,ロイヤル,52,,爆弾魔 タイガマイト,2113
蒼空の六竜 前半戦,ロイヤル,52,,zero,2113
蒼空の六竜 前半戦,ロイヤル,52,,アノマロカリス,2113
蒼空の六竜 前半戦,ロイヤル,57,,Eve.,2112
蒼空の六竜 前半戦,ロイヤル,57,,梅雨前線,2112
蒼空の六竜 前半戦,ロイヤル,59,MRG,glory,2111
蒼空の六竜 前半戦,ロイヤル,59,,せな,2111
蒼空の六竜 前半戦,ロイヤル,59,,ろいす,2111
蒼空の六竜 前半戦,ロイヤル,59,,Lotus,2111
蒼空の六竜 前半戦,ロイヤル,59,,ano,2111
蒼空の六竜 前半戦,ロイヤル,59,,1st_ruru,2111
蒼空の六竜 前半戦,ロイヤル,65,,チャンキ,2110
蒼空の六竜 前半戦,ロイヤル,65,,Goppy,2110
蒼空の六竜 前半戦,ロイヤル,65,合宿組,めいす,2110
蒼空の六竜 前半戦,ロイヤル,65,,ぱぱいや,2110
蒼空の六竜 前半戦,ロイヤル,65,,白井黒子,2110
蒼空の六竜 前半戦,ロイヤル,65,,kosaki,2110
蒼空の六竜 前半戦,ロイヤル,71,,はし,2109
蒼空の六竜 前半戦,ロイヤル,71,,M4,2109
蒼空の六竜 前半戦,ロイヤル,73,LVH,rikka,2108
蒼空の六竜 前半戦,ロイヤル,73,,多忙なイスラーフィール,2108
蒼空の六竜 前半戦,ロイヤル,73,,aqours0321,2108
蒼空の六竜 前半戦,ロイヤル,73,,ペンタん,2108
蒼空の六竜 前半戦,ロイヤル,73,,mitt4,2108
蒼空の六竜 前半戦,ロイヤル,73,,mina,2108
蒼空の六竜 前半戦,ロイヤル,73,,LuckyDoggie,2108
蒼空の六竜 前半戦,ロイヤル,80,LVH,Hirobosu,2107
蒼空の六竜 前半戦,ロイヤル,80,,岡,2107
蒼空の六竜 前半戦,ロイヤル,80,,確確實實大大吉吉,2107
蒼空の六竜 前半戦,ロイヤル,80,,coolyu,2107
蒼空の六竜 前半戦,ロイヤル,80,,強制,2107
蒼空の六竜 前半戦,ロイヤル,85,RID,Chappy_ttv,2106
蒼空の六竜 前半戦,ロイヤル,85,,おちゃ,2106
蒼空の六竜 前半戦,ロイヤル,87,,Amano,2105
蒼空の六竜 前半戦,ロイヤル,87,,umt,2105
蒼空の六竜 前半戦,ロイヤル,87,,みみみ,2105
蒼空の六竜 前半戦,ロイヤル,87,,raikou24,2105
蒼空の六竜 前半戦,ロイヤル,87,,こもじ,2105
蒼空の六竜 前半戦,ロイヤル,87,,杉,2105
蒼空の六竜 前半戦,ロイヤル,87,,zen,2105
蒼空の六竜 前半戦,ロイヤル,87,,ゆあ,2105
蒼空の六竜 前半戦,ロイヤル,96,,riri,2104
蒼空の六竜 前半戦,ロイヤル,97,,あやまりたい,2102
蒼空の六竜 前半戦,ロイヤル,98,VL,まっつ,2101
蒼空の六竜 前半戦,ロイヤル,98,,ぱて,2101
蒼空の六竜 前半戦,ロイヤル,100,,ふい,2100
神殺し・アナテマ 前半戦,ロイヤル,1,,あき,2266
神殺し・アナテマ 前半戦,ロイヤル,2,,卍,2251
神殺し・アナテマ 前半戦,ロイヤル,3,RC,拓海,2209
神殺し・アナテマ 前半戦,ロイヤル,4,,くらいぶ,2206
神殺し・アナテマ 前半戦,ロイヤル,5,,R.T.☆,2204
神殺し・アナテマ 前半戦,ロイヤル,6,,ゴマ,2200
神殺し・アナテマ 前半戦,ロイヤル,7,,ぬま,2179
神殺し・アナテマ 前半戦,ロイヤル,8,,エルザ・スカーレット,2164
神殺し・アナテマ 前半戦,ロイヤル,9,合宿組,kt,2155
神殺し・アナテマ 前半戦,ロイヤル,10,,7,2145
神殺し・アナテマ 前半戦,ロイヤル,11,,飛行雪絨,2132
神殺し・アナテマ 前半戦,ロイヤル,12,,しおん,2129
神殺し・アナテマ 前半戦,ロイヤル,12,,紅白,2129
神殺し・アナテマ 前半戦,ロイヤル,14,,裁卿皇帝 ビッグブラザー,2126
神殺し・アナテマ 前半戦,ロイヤル,15,WMTD,NieR,2120
神殺し・アナテマ 前半戦,ロイヤル,16,,elma,2119
神殺し・アナテマ 前半戦,ロイヤル,16,,BrunoShelley,2119
神殺し・アナテマ 前半戦,ロイヤル,18,,ぼく,2116
神殺し・アナテマ 前半戦,ロイヤル,19,,ibis,2114
神殺し・アナテマ 前半戦,ロイヤル,20,CR,ふえた,2113
神殺し・アナテマ 前半戦,ロイヤル,21,,msaya,2112
神殺し・アナテマ 前半戦,ロイヤル,22,,sirobara,2111
神殺し・アナテマ 前半戦,ロイヤル,23,,Non,2109
神殺し・アナテマ 前半戦,ロイヤル,23,,Starry,2109
神殺し・アナテマ 前半戦,ロイヤル,25,,ゆうりでやんす,2108
神殺し・アナテマ 前半戦,ロイヤル,25,,もな。,2108
神殺し・アナテマ 前半戦,ロイヤル,27,MRG,マイト,2107
神殺し・アナテマ 前半戦,ロイヤル,27,,at,2107
神殺し・アナテマ 前半戦,ロイヤル,27,,藍住ほたる,2107
神殺し・アナテマ 前半戦,ロイヤル,30,,まさと,2106
神殺し・アナテマ 前半戦,ロイヤル,30,,いるっち,2106
神殺し・アナテマ 前半戦,ロイヤル,32,,ヘパ,2105
神殺し・アナテマ 前半戦,ロイヤル,32,,たるじ,2105
神殺し・アナテマ 前半戦,ロイヤル,34,,S1nflqsh,2104
神殺し・アナテマ 前半戦,ロイヤル,34,,すらぴょんYoutube,2104
神殺し・アナテマ 前半戦,ロイヤル,34,,しゃけ,2104
神殺し・アナテマ 前半戦,ロイヤル,34,,ケーケー,2104
神殺し・アナテマ 前半戦,ロイヤル,34,,Yunguang,2104
神殺し・アナテマ 前半戦,ロイヤル,34,,古事記伝説の始まりです,2104
神殺し・アナテマ 前半戦,ロイヤル,40,,きらり,2103
神殺し・アナテマ 前半戦,ロイヤル,40,,こもじ,2103
神殺し・アナテマ 前半戦,ロイヤル,40,,Liaresu,2103
神殺し・アナテマ 前半戦,ロイヤル,40,,テンジン,2103
神殺し・アナテマ 前半戦,ロイヤル,40,,あくうせつだん,2103
神殺し・アナテマ 前半戦,ロイヤル,45,,阿圖伊,2102
神殺し・アナテマ 前半戦,ロイヤル,45,,リュネット,2102
神殺し・アナテマ 前半戦,ロイヤル,45,,明田,2102
神殺し・アナテマ 前半戦,ロイヤル,45,DZG,Zexer,2102
神殺し・アナテマ 前半戦,ロイヤル,45,,セグ,2102
神殺し・アナテマ 前半戦,ロイヤル,50,,スノーマン,2101
神殺し・アナテマ 前半戦,ロイヤル,50,,アーシェス中西,2101
神殺し・アナテマ 前半戦,ロイヤル,50,,いずみん,2101
神殺し・アナテマ 前半戦,ロイヤル,50,,ちんすこう,2101
神殺し・アナテマ 前半戦,ロイヤル,50,,hapieL,2101
神殺し・アナテマ 前半戦,ロイヤル,50,,kaiza,2101
神殺し・アナテマ 前半戦,ロイヤル,56,,むーん,2100
神殺し・アナテマ 前半戦,ロイヤル,56,,バルロッサ,2100
神殺し・アナテマ 前半戦,ロイヤル,56,,この★だれだ?,2100
神殺し・アナテマ 前半戦,ロイヤル,59,,RED,2099
神殺し・アナテマ 前半戦,ロイヤル,59,,おおき,2099
神殺し・アナテマ 前半戦,ロイヤル,59,,ひっちゃん,2099
神殺し・アナテマ 前半戦,ロイヤル,59,,崇高なるホワイトタイガー,2099
神殺し・アナテマ 前半戦,ロイヤル,63,,おのみち,2098
神殺し・アナテマ 前半戦,ロイヤル,63,,池田会長,2098
神殺し・アナテマ 前半戦,ロイヤル,65,ZETA,ねぎま,2097
神殺し・アナテマ 前半戦,ロイヤル,65,,Boni,2097
神殺し・アナテマ 前半戦,ロイヤル,65,,ヌポー,2097
神殺し・アナテマ 前半戦,ロイヤル,68,,なんな,2096
神殺し・アナテマ 前半戦,ロイヤル,68,,アナリスト,2096
神殺し・アナテマ 前半戦,ロイヤル,68,,Aito,2096
神殺し・アナテマ 前半戦,ロイヤル,68,,北ドップさん,2096
神殺し・アナテマ 前半戦,ロイヤル,72,,カオス,2095
神殺し・アナテマ 前半戦,ロイヤル,72,,このシイムだれだ?,2095
神殺し・アナテマ 前半戦,ロイヤル,72,,カナキラー,2095
神殺し・アナテマ 前半戦,ロイヤル,75,CR,Atom,2094
神殺し・アナテマ 前半戦,ロイヤル,75,VL,まっつ,2094
神殺し・アナテマ 前半戦,ロイヤル,75,,otaku,2094
神殺し・アナテマ 前半戦,ロイヤル,75,,シュガァ,2094
神殺し・アナテマ 前半戦,ロイヤル,75,,willb,2094
神殺し・アナテマ 前半戦,ロイヤル,75,,Dagger,2094
神殺し・アナテマ 前半戦,ロイヤル,75,,頼む…話を聞いてくれ…!,2094
神殺し・アナテマ 前半戦,ロイヤル,75,,マヨネ,2094
神殺し・アナテマ 前半戦,ロイヤル,75,,sike,2094
神殺し・アナテマ 前半戦,ロイヤル,75,,確氷ホロケウ,2094
神殺し・アナテマ 前半戦,ロイヤル,85,,Nekoma,2093
神殺し・アナテマ 前半戦,ロイヤル,85,,ぬめくり,2093
神殺し・アナテマ 前半戦,ロイヤル,85,,MaTiko2世,2093
神殺し・アナテマ 前半戦,ロイヤル,85,,じんあい,2093
神殺し・アナテマ 前半戦,ロイヤル,89,,確確實實大大吉吉,2092
神殺し・アナテマ 前半戦,ロイヤル,89,,L,2092
神殺し・アナテマ 前半戦,ロイヤル,89,,keruto,2092
神殺し・アナテマ 前半戦,ロイヤル,89,,にじりよるねこ,2092
神殺し・アナテマ 前半戦,ロイヤル,89,,はづき,2092
神殺し・アナテマ 前半戦,ロイヤル,89,,めんとす,2092
神殺し・アナテマ 前半戦,ロイヤル,89,,GR,2092
神殺し・アナテマ 前半戦,ロイヤル,96,,Riowh,2091
神殺し・アナテマ 前半戦,ロイヤル,96,,gwj,2091
神殺し・アナテマ 前半戦,ロイヤル,98,,山下,2090
神殺し・アナテマ 前半戦,ロイヤル,98,,DarknessMare,2090
神殺し・アナテマ 前半戦,ロイヤル,98,,Mendel,2090
蒼空の六竜 前半戦,ウィッチ,1,,はとむね,2276
蒼空の六竜 前半戦,ウィッチ,2,CR,Winter,2239
蒼空の六竜 前半戦,ウィッチ,3,,yuta,2234
蒼空の六竜 前半戦,ウィッチ,4,VL,まっつ,2215
蒼空の六竜 前半戦,ウィッチ,4,,百城千世,2215
蒼空の六竜 前半戦,ウィッチ,6,,レレバ,2214
蒼空の六竜 前半戦,ウィッチ,7,,超ドキ4連,2208
蒼空の六竜 前半戦,ウィッチ,8,,安堂,2207
蒼空の六竜 前半戦,ウィッチ,8,,ももかん,2207
蒼空の六竜 前半戦,ウィッチ,10,,壺男,2202
蒼空の六竜 前半戦,ウィッチ,11,,surpass,2200
蒼空の六竜 前半戦,ウィッチ,12,,Vqlknis,2176
蒼空の六竜 前半戦,ウィッチ,13,,かりとあい,2171
蒼空の六竜 前半戦,ウィッチ,14,,るび,2166
蒼空の六竜 前半戦,ウィッチ,15,RID,Chappy_ttv,2164
蒼空の六竜 前半戦,ウィッチ,16,,GRANSAISON弁天,2163
蒼空の六竜 前半戦,ウィッチ,17,,あまみ,2162
蒼空の六竜 前半戦,ウィッチ,18,,ステルスモモ,2158
蒼空の六竜 前半戦,ウィッチ,19,,識,2156
蒼空の六竜 前半戦,ウィッチ,20,,かさ,2154
蒼空の六竜 前半戦,ウィッチ,21,,このあ,2153
蒼空の六竜 前半戦,ウィッチ,22,RC,拓海,2152
蒼空の六竜 前半戦,ウィッチ,22,,46neko,2152
蒼空の六竜 前半戦,ウィッチ,24,,キノガッサ,2151
蒼空の六竜 前半戦,ウィッチ,24,,星月めぐる,2151
蒼空の六竜 前半戦,ウィッチ,24,,のい,2151
蒼空の六竜 前半戦,ウィッチ,24,,SNOW,2151
蒼空の六竜 前半戦,ウィッチ,28,,grea,2150
蒼空の六竜 前半戦,ウィッチ,29,,たけし,2149
蒼空の六竜 前半戦,ウィッチ,29,,ここしろ,2149
蒼空の六竜 前半戦,ウィッチ,29,,コロッケs,2149
蒼空の六竜 前半戦,ウィッチ,29,,神々の凱旋,2149
蒼空の六竜 前半戦,ウィッチ,33,,ルラ,2148
蒼空の六竜 前半戦,ウィッチ,33,,おまんじゅう,2148
蒼空の六竜 前半戦,ウィッチ,33,,しおん,2148
蒼空の六竜 前半戦,ウィッチ,33,,リゲル,2148
蒼空の六竜 前半戦,ウィッチ,33,,ソラニン,2148
蒼空の六竜 前半戦,ウィッチ,38,,Rio088,2147
蒼空の六竜 前半戦,ウィッチ,38,,rafuita,2147
蒼空の六竜 前半戦,ウィッチ,40,,スノーマン,2146
蒼空の六竜 前半戦,ウィッチ,40,,secca,2146
蒼空の六竜 前半戦,ウィッチ,40,,EUNECTES,2146
蒼空の六竜 前半戦,ウィッチ,40,,たらこ,2146
蒼空の六竜 前半戦,ウィッチ,44,RID,山田レクイエム,2144
蒼空の六竜 前半戦,ウィッチ,44,合宿組,kt,2144
蒼空の六竜 前半戦,ウィッチ,44,MRG,Spicies,2144
蒼空の六竜 前半戦,ウィッチ,44,,riri,2144
蒼空の六竜 前半戦,ウィッチ,48,,サッキー,2143
蒼空の六竜 前半戦,ウィッチ,48,,asano,2143
蒼空の六竜 前半戦,ウィッチ,48,,uruna,2143
蒼空の六竜 前半戦,ウィッチ,48,,甘織れな子,2143
蒼空の六竜 前半戦,ウィッチ,48,,づけ。,2143
蒼空の六竜 前半戦,ウィッチ,48,,nanometer,2143
蒼空の六竜 前半戦,ウィッチ,54,,むーん,2142
蒼空の六竜 前半戦,ウィッチ,54,BFF,Esuna,2142
蒼空の六竜 前半戦,ウィッチ,54,,Amalgam,2142
蒼空の六竜 前半戦,ウィッチ,57,,超銀河押忍騎士団ちゃんず,2141
蒼空の六竜 前半戦,ウィッチ,57,,アローラキュウコン,2141
蒼空の六竜 前半戦,ウィッチ,57,,ヨ,2141
蒼空の六竜 前半戦,ウィッチ,57,,Aloha,2141
蒼空の六竜 前半戦,ウィッチ,57,,超越堀江貴文,2141
蒼空の六竜 前半戦,ウィッチ,57,,あるグウワ,2141
蒼空の六竜 前半戦,ウィッチ,57,,하은,2141
蒼空の六竜 前半戦,ウィッチ,64,CR,Atom,2140
蒼空の六竜 前半戦,ウィッチ,64,,Liaresu,2140
蒼空の六竜 前半戦,ウィッチ,64,,あっちゃん,2140
蒼空の六竜 前半戦,ウィッチ,64,,meg72,2140
蒼空の六竜 前半戦,ウィッチ,64,,天邪鬼,2140
蒼空の六竜 前半戦,ウィッチ,64,,翼,2140
蒼空の六竜 前半戦,ウィッチ,70,DFM,かなで,2139
蒼空の六竜 前半戦,ウィッチ,70,,kono-3,2139
蒼空の六竜 前半戦,ウィッチ,72,,えくれあ,2138
蒼空の六竜 前半戦,ウィッチ,72,,さわちゃん,2138
蒼空の六竜 前半戦,ウィッチ,72,,COM*,2138
蒼空の六竜 前半戦,ウィッチ,72,,たけもと,2138
蒼空の六竜 前半戦,ウィッチ,76,,抹茶,2137
蒼空の六竜 前半戦,ウィッチ,76,,えるし,2137
蒼空の六竜 前半戦,ウィッチ,76,,紅瑠,2137
蒼空の六竜 前半戦,ウィッチ,76,,セサミンC,2137
蒼空の六竜 前半戦,ウィッチ,76,,咎人の雛,2137
蒼空の六竜 前半戦,ウィッチ,81,,MURA,2136
蒼空の六竜 前半戦,ウィッチ,81,,もぬけ,2136
蒼空の六竜 前半戦,ウィッチ,81,,アイス,2136
蒼空の六竜 前半戦,ウィッチ,81,合宿組,Bene,2136
蒼空の六竜 前半戦,ウィッチ,81,,そらりあん,2136
蒼空の六竜 前半戦,ウィッチ,81,,Hanabi,2136
蒼空の六竜 前半戦,ウィッチ,81,,赤の象,2136
蒼空の六竜 前半戦,ウィッチ,88,,墓穴の指名者,2135
蒼空の六竜 前半戦,ウィッチ,88,,音無彩名,2135
蒼空の六竜 前半戦,ウィッチ,88,,KAX,2135
蒼空の六竜 前半戦,ウィッチ,91,,umt,2134
蒼空の六竜 前半戦,ウィッチ,91,,d*,2134
蒼空の六竜 前半戦,ウィッチ,91,,another,2134
蒼空の六竜 前半戦,ウィッチ,91,,PLAYER,2134
蒼空の六竜 前半戦,ウィッチ,91,,yuchi,2134
蒼空の六竜 前半戦,ウィッチ,91,,たいすら,2134
蒼空の六竜 前半戦,ウィッチ,91,,シオン,2134
蒼空の六竜 前半戦,ウィッチ,91,,けなたろう,2134
蒼空の六竜 前半戦,ウィッチ,99,,霜雪,2133
蒼空の六竜 前半戦,ウィッチ,99,,ウィッチナーフする,2133
蒼空の六竜 前半戦,ウィッチ,99,,kotoriyp,2133
蒼空の六竜 前半戦,ウィッチ,99,,Nヶ原,2133
蒼空の六竜 前半戦,ドラゴン,1,,やけおー,2233
蒼空の六竜 前半戦,ドラゴン,2,,きらり,2202
蒼空の六竜 前半戦,ドラゴン,3,,Tanishi,2200
蒼空の六竜 前半戦,ドラゴン,4,,ヌケニン,2173
蒼空の六竜 前半戦,ドラゴン,5,,よしだ,2164
蒼空の六竜 前半戦,ドラゴン,6,,せな,2146
蒼空の六竜 前半戦,ドラゴン,7,,kai,2119
蒼空の六竜 前半戦,ドラゴン,8,,タニーポ,2100
蒼空の六竜 前半戦,ドラゴン,9,,うこと,2073
蒼空の六竜 前半戦,ドラゴン,10,,べにしだ,2059
蒼空の六竜 前半戦,ドラゴン,11,DFM,ユーリ,2052
蒼空の六竜 前半戦,ドラゴン,11,合宿組,kt,2052
蒼空の六竜 前半戦,ドラゴン,13,,レイン,2044
蒼空の六竜 前半戦,ドラゴン,14,,アルティメットゴリアテ,2033
蒼空の六竜 前半戦,ドラゴン,15,,らぐ,2031
蒼空の六竜 前半戦,ドラゴン,15,,ストライクフリーダム,2031
蒼空の六竜 前半戦,ドラゴン,17,,kirin,2025
蒼空の六竜 前半戦,ドラゴン,18,,特定外来生物ムニャール,2022
蒼空の六竜 前半戦,ドラゴン,19,RC,たばた,2017
蒼空の六竜 前半戦,ドラゴン,19,,volval,2017
蒼空の六竜 前半戦,ドラゴン,21,,紅葉おろし,2013
蒼空の六竜 前半戦,ドラゴン,21,,あさぴー,2013
蒼空の六竜 前半戦,ドラゴン,23,,ももかん,2011
蒼空の六竜 前半戦,ドラゴン,23,,parao,2011
蒼空の六竜 前半戦,ドラゴン,25,,甘織れな子,2007
蒼空の六竜 前半戦,ドラゴン,26,,KLM,2006
蒼空の六竜 前半戦,ドラゴン,26,,ローウェンバルクスピア,2006
蒼空の六竜 前半戦,ドラゴン,28,,TORIII,2005
蒼空の六竜 前半戦,ドラゴン,28,,右手ゲーミング,2005
蒼空の六竜 前半戦,ドラゴン,30,,からあげ,2003
蒼空の六竜 前半戦,ドラゴン,31,,シュウ,2002
蒼空の六竜 前半戦,ドラゴン,31,,Lotus,2002
蒼空の六竜 前半戦,ドラゴン,33,,kuritamago,2001
蒼空の六竜 前半戦,ドラゴン,34,,くづかご,2000
蒼空の六竜 前半戦,ドラゴン,35,,おまんじゅう,1997
蒼空の六竜 前半戦,ドラゴン,35,,Nastique,1997
蒼空の六竜 前半戦,ドラゴン,37,,アッシー@YT,1996
蒼空の六竜 前半戦,ドラゴン,38,,はしこう,1995
蒼空の六竜 前半戦,ドラゴン,39,,スタンバイツーアンカー,1994
蒼空の六竜 前半戦,ドラゴン,39,,ジャンケンMASTER,1994
蒼空の六竜 前半戦,ドラゴン,41,,鬼火スイクン,1991
蒼空の六竜 前半戦,ドラゴン,42,,もぐちゅー,1990
蒼空の六竜 前半戦,ドラゴン,42,,賭けちらかすもの,1990
蒼空の六竜 前半戦,ドラゴン,42,,tierin000,1990
蒼空の六竜 前半戦,ドラゴン,45,,*せらふぃ,1989
蒼空の六竜 前半戦,ドラゴン,45,,ハチ,1989
蒼空の六竜 前半戦,ドラゴン,45,,AMoNo1603,1989
蒼空の六竜 前半戦,ドラゴン,48,,識,1988
蒼空の六竜 前半戦,ドラゴン,48,,むにむに,1988
蒼空の六竜 前半戦,ドラゴン,48,,rain,1988
蒼空の六竜 前半戦,ドラゴン,51,CR,Atom,1987
蒼空の六竜 前半戦,ドラゴン,51,,へい民,1987
蒼空の六竜 前半戦,ドラゴン,51,,雨宮,1987
蒼空の六竜 前半戦,ドラゴン,54,,ichi,1986
蒼空の六竜 前半戦,ドラゴン,54,,高橋正人,1986
蒼空の六竜 前半戦,ドラゴン,56,,こじまん,1985
蒼空の六竜 前半戦,ドラゴン,56,,ほづ,1985
蒼空の六竜 前半戦,ドラゴン,56,,白虎暁,1985
蒼空の六竜 前半戦,ドラゴン,56,,funa,1985
蒼空の六竜 前半戦,ドラゴン,60,,終日,1984
蒼空の六竜 前半戦,ドラゴン,60,,ロリエルフ,1984
蒼空の六竜 前半戦,ドラゴン,62,,モチモチsasa身,1983
蒼空の六竜 前半戦,ドラゴン,63,,ジョン,1982
蒼空の六竜 前半戦,ドラゴン,63,,やまたろうすZ,1982
蒼空の六竜 前半戦,ドラゴン,63,,啊哩噜呀,1982
蒼空の六竜 前半戦,ドラゴン,63,,みやこ,1982
蒼空の六竜 前半戦,ドラゴン,67,COL,ペンギン,1981
蒼空の六竜 前半戦,ドラゴン,67,,たき,1981
蒼空の六竜 前半戦,ドラゴン,67,,ねこざかな,1981
蒼空の六竜 前半戦,ドラゴン,67,,カネツグ,1981
蒼空の六竜 前半戦,ドラゴン,71,,キノガッサ,1980
蒼空の六竜 前半戦,ドラゴン,71,,matsup,1980
蒼空の六竜 前半戦,ドラゴン,73,,サッキー,1979
蒼空の六竜 前半戦,ドラゴン,73,,otaku,1979
蒼空の六竜 前半戦,ドラゴン,73,,raikou24,1979
蒼空の六竜 前半戦,ドラゴン,73,,みみみみみ,1979
蒼空の六竜 前半戦,ドラゴン,73,,茶黒,1979
蒼空の六竜 前半戦,ドラゴン,73,,モッティー,1979
蒼空の六竜 前半戦,ドラゴン,73,,TAK,1979
蒼空の六竜 前半戦,ドラゴン,80,,そ,1978
蒼空の六竜 前半戦,ドラゴン,80,,ドラゴンなんかに…,1978
蒼空の六竜 前半戦,ドラゴン,80,,CLF を探しています%,1978
蒼空の六竜 前半戦,ドラゴン,83,,キラキラハヤト,1977
蒼空の六竜 前半戦,ドラゴン,83,,弱い自分は現実逃避,1977
蒼空の六竜 前半戦,ドラゴン,83,,な,1977
蒼空の六竜 前半戦,ドラゴン,83,,あめー,1977
蒼空の六竜 前半戦,ドラゴン,87,,7スター,1976
蒼空の六竜 前半戦,ドラゴン,87,,tyu,1976
蒼空の六竜 前半戦,ドラゴン,87,,rikm,1976
蒼空の六竜 前半戦,ドラゴン,87,,SIOKURA,1976
蒼空の六竜 前半戦,ドラゴン,87,,いろは茶,1976
蒼空の六竜 前半戦,ドラゴン,87,,crowd,1976
蒼空の六竜 前半戦,ドラゴン,87,,きんつば,1976
蒼空の六竜 前半戦,ドラゴン,87,,たけよし,1976
蒼空の六竜 前半戦,ドラゴン,95,,おちゃ,1975
蒼空の六竜 前半戦,ドラゴン,95,,blasTiA,1975
蒼空の六竜 前半戦,ドラゴン,95,,バン,1975
蒼空の六竜 前半戦,ドラゴン,98,,もな,1974
蒼空の六竜 前半戦,ドラゴン,98,,かぜよみ,1974
蒼空の六竜 前半戦,ドラゴン,98,,ちぇりお,1974
絶傑の継承者 前半戦,エルフ,1,DFM,ユーリ,2320
絶傑の継承者 前半戦,エルフ,2,,MURA,2314
絶傑の継承者 前半戦,エルフ,3,LVH,rikka,2271
絶傑の継承者 前半戦,エルフ,4,ZETA,TBT,2243
絶傑の継承者 前半戦,エルフ,5,,toppo,2211
絶傑の継承者 前半戦,エルフ,6,,さむ,2204
絶傑の継承者 前半戦,エルフ,7,,地雷,2201
絶傑の継承者 前半戦,エルフ,8,,ななせ,2189
絶傑の継承者 前半戦,エルフ,9,,s,2168
絶傑の継承者 前半戦,エルフ,10,,水谷一平,2151
絶傑の継承者 前半戦,エルフ,11,iDeal,我袖,2142
絶傑の継承者 前半戦,エルフ,12,,minkuru,2130
絶傑の継承者 前半戦,エルフ,13,,saha,2128
絶傑の継承者 前半戦,エルフ,14,,ハゲマロニー,2125
絶傑の継承者 前半戦,エルフ,15,,ぷゆめりあ,2115
絶傑の継承者 前半戦,エルフ,15,,けがれたハチワレ,2115
絶傑の継承者 前半戦,エルフ,17,,メガいっつ,2114
絶傑の継承者 前半戦,エルフ,17,,點點滴滴,2114
絶傑の継承者 前半戦,エルフ,19,,シゴレ,2111
絶傑の継承者 前半戦,エルフ,20,,うたうラッキー,2110
絶傑の継承者 前半戦,エルフ,21,CR,Atom,2106
絶傑の継承者 前半戦,エルフ,21,,くえ,2106
絶傑の継承者 前半戦,エルフ,21,LVH,だーよね,2106
絶傑の継承者 前半戦,エルフ,21,,konoha,2106
絶傑の継承者 前半戦,エルフ,25,,surpass,2103
絶傑の継承者 前半戦,エルフ,26,,AI,2100
絶傑の継承者 前半戦,エルフ,27,,Y ami,2096
絶傑の継承者 前半戦,エルフ,27,,清魚,2096
絶傑の継承者 前半戦,エルフ,29,,marss,2082
絶傑の継承者 前半戦,エルフ,30,RID,折り紙,2081
絶傑の継承者 前半戦,エルフ,31,RID,Chappy_ttv,2074
絶傑の継承者 前半戦,エルフ,32,,ダヤン視聴者,2073
絶傑の継承者 前半戦,エルフ,32,,こころ,2073
絶傑の継承者 前半戦,エルフ,34,,ヘチマ,2071
絶傑の継承者 前半戦,エルフ,35,,桜羽エマ,2070
絶傑の継承者 前半戦,エルフ,35,,リグゼ,2070
絶傑の継承者 前半戦,エルフ,35,,yukkelangley,2070
絶傑の継承者 前半戦,エルフ,38,,せっぷんまる,2068
絶傑の継承者 前半戦,エルフ,39,,アイス,2066
絶傑の継承者 前半戦,エルフ,39,,muhiro,2066
絶傑の継承者 前半戦,エルフ,41,,パイナップル,2065
絶傑の継承者 前半戦,エルフ,41,,だいあり～,2065
絶傑の継承者 前半戦,エルフ,43,,三人,2064
絶傑の継承者 前半戦,エルフ,43,,とみ,2064
絶傑の継承者 前半戦,エルフ,43,,Riowh,2064
絶傑の継承者 前半戦,エルフ,43,,がえ,2064
絶傑の継承者 前半戦,エルフ,47,,kq,2063
絶傑の継承者 前半戦,エルフ,47,,いもけんぴ,2063
絶傑の継承者 前半戦,エルフ,47,,頭ユニオンマジック,2063
絶傑の継承者 前半戦,エルフ,47,,じゅ。,2063
絶傑の継承者 前半戦,エルフ,51,,rezi,2062
絶傑の継承者 前半戦,エルフ,51,,k,2062
絶傑の継承者 前半戦,エルフ,51,,SSR,2062
絶傑の継承者 前半戦,エルフ,51,,ごとう,2062
絶傑の継承者 前半戦,エルフ,51,,たけぷぅ,2062
絶傑の継承者 前半戦,エルフ,56,,noku,2061
絶傑の継承者 前半戦,エルフ,56,,安藤,2061
絶傑の継承者 前半戦,エルフ,56,,武閃陰蝕,2061
絶傑の継承者 前半戦,エルフ,56,,犬,2061
絶傑の継承者 前半戦,エルフ,56,,neko,2061
絶傑の継承者 前半戦,エルフ,61,,安堂,2060
絶傑の継承者 前半戦,エルフ,61,,べーこん,2060
絶傑の継承者 前半戦,エルフ,61,,Masaki,2060
絶傑の継承者 前半戦,エルフ,64,,Riria,2059
絶傑の継承者 前半戦,エルフ,64,,しいたけ,2059
絶傑の継承者 前半戦,エルフ,64,,えくれあ,2059
絶傑の継承者 前半戦,エルフ,64,,coolyu,2059
絶傑の継承者 前半戦,エルフ,64,,pilo,2059
絶傑の継承者 前半戦,エルフ,69,,novaten,2058
絶傑の継承者 前半戦,エルフ,69,,はくう/L.L,2058
絶傑の継承者 前半戦,エルフ,69,,Mikot,2058
絶傑の継承者 前半戦,エルフ,72,DFM,かなで,2057
絶傑の継承者 前半戦,エルフ,72,,せな,2057
絶傑の継承者 前半戦,エルフ,74,,アローラキュウコン,2056
絶傑の継承者 前半戦,エルフ,74,,ばっふぁろん,2056
絶傑の継承者 前半戦,エルフ,74,,うすくない,2056
絶傑の継承者 前半戦,エルフ,74,,小林,2056
絶傑の継承者 前半戦,エルフ,74,,새하얀하얀색,2056
絶傑の継承者 前半戦,エルフ,80,,asano,2055
絶傑の継承者 前半戦,エルフ,80,,いろはす,2055
絶傑の継承者 前半戦,エルフ,80,,するめ,2055
絶傑の継承者 前半戦,エルフ,80,,ウィッチナーフする,2055
絶傑の継承者 前半戦,エルフ,80,,鳥刺し,2055
絶傑の継承者 前半戦,エルフ,80,,朔月,2055
絶傑の継承者 前半戦,エルフ,87,,hira,2054
絶傑の継承者 前半戦,エルフ,87,,しらす,2054
絶傑の継承者 前半戦,エルフ,87,,からあげ,2054
絶傑の継承者 前半戦,エルフ,87,,有馬 貴将,2054
絶傑の継承者 前半戦,エルフ,87,,歴歴Y,2054
絶傑の継承者 前半戦,エルフ,87,,macadamia,2054
絶傑の継承者 前半戦,エルフ,93,,エレガント・コアラ,2053
絶傑の継承者 前半戦,エルフ,93,,ぎゃばちっ!!,2053
絶傑の継承者 前半戦,エルフ,93,,もす,2053
絶傑の継承者 前半戦,エルフ,96,,弱者の反撃,2052
絶傑の継承者 前半戦,エルフ,97,,兎月しるく,2051
絶傑の継承者 前半戦,エルフ,97,,ツヌノ,2051
絶傑の継承者 前半戦,エルフ,97,,geotaxis,2051
絶傑の継承者 前半戦,エルフ,97,,あくあ,2051
絶傑の継承者 前半戦,エルフ,97,,mimumimu,2051
絶傑の継承者 前半戦,ロイヤル,1,DFM,MingiGod,2342
絶傑の継承者 前半戦,ロイヤル,2,CR,Atom,2306
絶傑の継承者 前半戦,ロイヤル,3,,たやまる,2278
絶傑の継承者 前半戦,ロイヤル,3,,void,2278
絶傑の継承者 前半戦,ロイヤル,5,,あき,2271
絶傑の継承者 前半戦,ロイヤル,6,,Goly,2245
絶傑の継承者 前半戦,ロイヤル,7,DFM,ユーリ,2238
絶傑の継承者 前半戦,ロイヤル,8,,ポケぽけ,2225
絶傑の継承者 前半戦,ロイヤル,9,,ももかん,2216
絶傑の継承者 前半戦,ロイヤル,10,,ポテイト,2215
絶傑の継承者 前半戦,ロイヤル,11,,あみにち,2214
絶傑の継承者 前半戦,ロイヤル,12,,seiru,2213
絶傑の継承者 前半戦,ロイヤル,13,,二階堂ヒロ,2212
絶傑の継承者 前半戦,ロイヤル,14,,薮,2211
絶傑の継承者 前半戦,ロイヤル,15,MRG,マイト,2208
絶傑の継承者 前半戦,ロイヤル,16,,ichi,2202
絶傑の継承者 前半戦,ロイヤル,17,合宿組,kt,2186
絶傑の継承者 前半戦,ロイヤル,18,,Lusha,2177
絶傑の継承者 前半戦,ロイヤル,19,,e.,2173
絶傑の継承者 前半戦,ロイヤル,19,,dualn,2173
絶傑の継承者 前半戦,ロイヤル,21,,karin,2171
絶傑の継承者 前半戦,ロイヤル,22,LVH,rikka,2170
絶傑の継承者 前半戦,ロイヤル,23,,まっちゃ,2167
絶傑の継承者 前半戦,ロイヤル,24,,ぱて,2166
絶傑の継承者 前半戦,ロイヤル,24,,りざ,2166
絶傑の継承者 前半戦,ロイヤル,24,,Sarada,2166
絶傑の継承者 前半戦,ロイヤル,27,,るーつちゃん,2165
絶傑の継承者 前半戦,ロイヤル,27,,Ghost girl,2165
絶傑の継承者 前半戦,ロイヤル,27,,ホウ,2165
絶傑の継承者 前半戦,ロイヤル,27,,ほほほほほほほほほほほほ,2165
絶傑の継承者 前半戦,ロイヤル,31,,NARU,2164
絶傑の継承者 前半戦,ロイヤル,31,,絶対服従魔人,2164
絶傑の継承者 前半戦,ロイヤル,31,,いずみん,2164
絶傑の継承者 前半戦,ロイヤル,31,,強制,2164
絶傑の継承者 前半戦,ロイヤル,31,,y,2164
絶傑の継承者 前半戦,ロイヤル,36,,ちいかや,2163
絶傑の継承者 前半戦,ロイヤル,36,,カキピー,2163
絶傑の継承者 前半戦,ロイヤル,36,,オオクワガタ,2163
絶傑の継承者 前半戦,ロイヤル,36,,Sakii,2163
絶傑の継承者 前半戦,ロイヤル,40,CR,空白,2161
絶傑の継承者 前半戦,ロイヤル,40,,いわたん,2161
絶傑の継承者 前半戦,ロイヤル,40,,ピンク,2161
絶傑の継承者 前半戦,ロイヤル,40,,うなぎポテト,2161
絶傑の継承者 前半戦,ロイヤル,40,,なお,2161
絶傑の継承者 前半戦,ロイヤル,40,,もちきち,2161
絶傑の継承者 前半戦,ロイヤル,46,,†漆黒の剣聖†,2160
絶傑の継承者 前半戦,ロイヤル,46,,さだまる,2160
絶傑の継承者 前半戦,ロイヤル,46,,ば,2160
絶傑の継承者 前半戦,ロイヤル,46,,Yukke,2160
絶傑の継承者 前半戦,ロイヤル,50,,テルー,2159
絶傑の継承者 前半戦,ロイヤル,50,,Mate,2159
絶傑の継承者 前半戦,ロイヤル,52,,ばるむんく,2158
絶傑の継承者 前半戦,ロイヤル,52,,by2y,2158
絶傑の継承者 前半戦,ロイヤル,52,,るび,2158
絶傑の継承者 前半戦,ロイヤル,52,,山卵,2158
絶傑の継承者 前半戦,ロイヤル,52,,mana,2158
絶傑の継承者 前半戦,ロイヤル,52,,Scraggy,2158
絶傑の継承者 前半戦,ロイヤル,52,,ねしこ。,2158
絶傑の継承者 前半戦,ロイヤル,52,,Soraza,2158
絶傑の継承者 前半戦,ロイヤル,52,,Nishi99,2158
絶傑の継承者 前半戦,ロイヤル,61,LVH,だーよね,2157
絶傑の継承者 前半戦,ロイヤル,61,,Riowh,2157
絶傑の継承者 前半戦,ロイヤル,61,,うたうラッキー,2157
絶傑の継承者 前半戦,ロイヤル,61,,珠ガッサ,2157
絶傑の継承者 前半戦,ロイヤル,61,,Ayaris,2157
絶傑の継承者 前半戦,ロイヤル,61,,欠陥電気,2157
絶傑の継承者 前半戦,ロイヤル,67,,かき,2156
絶傑の継承者 前半戦,ロイヤル,67,,R,2156
絶傑の継承者 前半戦,ロイヤル,67,,シニョン,2156
絶傑の継承者 前半戦,ロイヤル,67,,美味しいポンデリング,2156
絶傑の継承者 前半戦,ロイヤル,71,VL,まっつ,2155
絶傑の継承者 前半戦,ロイヤル,71,,リュネット,2155
絶傑の継承者 前半戦,ロイヤル,71,,はちや,2155
絶傑の継承者 前半戦,ロイヤル,71,,J01,2155
絶傑の継承者 前半戦,ロイヤル,71,,Becchi,2155
絶傑の継承者 前半戦,ロイヤル,71,,夜空,2155
絶傑の継承者 前半戦,ロイヤル,71,,イヒ牛勿言吾,2155
絶傑の継承者 前半戦,ロイヤル,71,,tiltawhirl,2155
絶傑の継承者 前半戦,ロイヤル,79,,udon,2154
絶傑の継承者 前半戦,ロイヤル,79,,せな,2154
絶傑の継承者 前半戦,ロイヤル,79,,코코나단,2154
絶傑の継承者 前半戦,ロイヤル,79,,ルラ,2154
絶傑の継承者 前半戦,ロイヤル,79,,Air,2154
絶傑の継承者 前半戦,ロイヤル,79,,mst,2154
絶傑の継承者 前半戦,ロイヤル,79,,イーサン・ヌワネリ,2154
絶傑の継承者 前半戦,ロイヤル,79,,りりい,2154
絶傑の継承者 前半戦,ロイヤル,79,,いくら,2154
絶傑の継承者 前半戦,ロイヤル,79,,カーズ,2154
絶傑の継承者 前半戦,ロイヤル,89,,超銀河押忍騎士団ちゃんず,2153
絶傑の継承者 前半戦,ロイヤル,89,,ムウ,2153
絶傑の継承者 前半戦,ロイヤル,89,,stalive,2153
絶傑の継承者 前半戦,ロイヤル,89,,きら,2153
絶傑の継承者 前半戦,ロイヤル,93,,ろいす,2152
絶傑の継承者 前半戦,ロイヤル,93,,みきの,2152
絶傑の継承者 前半戦,ロイヤル,93,,ゆー/ふえらむね,2152
絶傑の継承者 前半戦,ロイヤル,93,,JackoLantern,2152
絶傑の継承者 前半戦,ロイヤル,97,,otaku,2151
絶傑の継承者 前半戦,ロイヤル,97,,onsen68,2151
絶傑の継承者 前半戦,ロイヤル,97,,maiT,2151
絶傑の継承者 前半戦,ロイヤル,100,,抹茶,2150
絶傑の継承者 前半戦,ロイヤル,100,,カシオ,2150
絶傑の継承者 前半戦,ロイヤル,100,,Ch4ppie-1st,2150
絶傑の継承者 前半戦,ロイヤル,100,,kerorin,2150
絶傑の継承者 前半戦,ロイヤル,100,,きのもと,2150
絶傑の継承者 前半戦,ロイヤル,100,,しばけん,2150
蒼空の六竜 前半戦,エルフ,1,LVH,rikka,2269
蒼空の六竜 前半戦,エルフ,2,RID,Chappy_ttv,2217
蒼空の六竜 前半戦,エルフ,3,,さむ,2207
蒼空の六竜 前半戦,エルフ,4,,sissela,2155
蒼空の六竜 前半戦,エルフ,5,,わたあめ,2152
蒼空の六竜 前半戦,エルフ,6,,紅葉おろし,2135
蒼空の六竜 前半戦,エルフ,7,,kq,2128
蒼空の六竜 前半戦,エルフ,8,,町田ちま,2115
蒼空の六竜 前半戦,エルフ,9,,兎月しるく,2114
蒼空の六竜 前半戦,エルフ,10,,surpass,2112
蒼空の六竜 前半戦,エルフ,11,,三人,2089
蒼空の六竜 前半戦,エルフ,12,,riasu,2082
蒼空の六竜 前半戦,エルフ,13,,にゃんこクエスト,2067
蒼空の六竜 前半戦,エルフ,14,,ハゲマロニー,2052
蒼空の六竜 前半戦,エルフ,15,,桜羽エマ,2049
蒼空の六竜 前半戦,エルフ,16,,asano,2039
蒼空の六竜 前半戦,エルフ,17,,うすくない,2024
蒼空の六竜 前半戦,エルフ,18,,kase,2021
蒼空の六竜 前半戦,エルフ,19,,Nini,2017
蒼空の六竜 前半戦,エルフ,20,,熱血太郎,2013
蒼空の六竜 前半戦,エルフ,20,,Kiran,2013
蒼空の六竜 前半戦,エルフ,22,,えるむ,2010
蒼空の六竜 前半戦,エルフ,23,,ヘチマ,2008
蒼空の六竜 前半戦,エルフ,24,,ダヤン,2007
蒼空の六竜 前半戦,エルフ,25,,ダヤン視聴者,2006
蒼空の六竜 前半戦,エルフ,25,,幻羅星龍ガイ・アスラ,2006
蒼空の六竜 前半戦,エルフ,27,,roron,2004
蒼空の六竜 前半戦,エルフ,27,,Spectre,2004
蒼空の六竜 前半戦,エルフ,29,,そらりあん,2003
蒼空の六竜 前半戦,エルフ,30,,不死的史莱姆,2002
蒼空の六竜 前半戦,エルフ,31,,コクっち,2001
蒼空の六竜 前半戦,エルフ,31,,犬,2001
蒼空の六竜 前半戦,エルフ,33,,さしみ,1997
蒼空の六竜 前半戦,エルフ,34,,たなけー,1990
蒼空の六竜 前半戦,エルフ,35,,Utatomo,1986
蒼空の六竜 前半戦,エルフ,36,,リックス,1985
蒼空の六竜 前半戦,エルフ,37,,PiPluP,1979
蒼空の六竜 前半戦,エルフ,38,,リグゼ,1977
蒼空の六竜 前半戦,エルフ,39,,あるくVS,1976
蒼空の六竜 前半戦,エルフ,40,,コバえもん,1967
蒼空の六竜 前半戦,エルフ,40,,シノ,1967
蒼空の六竜 前半戦,エルフ,42,,....,1966
蒼空の六竜 前半戦,エルフ,43,iDeal,我袖,1965
蒼空の六竜 前半戦,エルフ,44,,ダーモボー,1963
蒼空の六竜 前半戦,エルフ,44,,セミネム,1963
蒼空の六竜 前半戦,エルフ,46,,するめ,1961
蒼空の六竜 前半戦,エルフ,46,,equatorial,1961
蒼空の六竜 前半戦,エルフ,48,,我活了五百年的ダヤン观众,1960
蒼空の六竜 前半戦,エルフ,49,,らいお軍曹,1959
蒼空の六竜 前半戦,エルフ,50,,でね,1958
蒼空の六竜 前半戦,エルフ,50,,営運スカヴドミゴソク,1958
蒼空の六竜 前半戦,エルフ,52,,キラキラハヤト,1957
蒼空の六竜 前半戦,エルフ,52,,Hanabi,1957
蒼空の六竜 前半戦,エルフ,54,,おちゃ,1956
蒼空の六竜 前半戦,エルフ,54,,주해,1956
蒼空の六竜 前半戦,エルフ,54,,むぎの,1956
蒼空の六竜 前半戦,エルフ,54,,Lotus,1956
蒼空の六竜 前半戦,エルフ,58,,FS3232,1955
蒼空の六竜 前半戦,エルフ,58,,1048,1955
蒼空の六竜 前半戦,エルフ,58,,ぽりえ,1955
蒼空の六竜 前半戦,エルフ,61,,識,1954
蒼空の六竜 前半戦,エルフ,61,,くえ,1954
蒼空の六竜 前半戦,エルフ,61,,ぱて,1954
蒼空の六竜 前半戦,エルフ,64,,あぶらみ,1953
蒼空の六竜 前半戦,エルフ,64,,noku,1953
蒼空の六竜 前半戦,エルフ,64,,しょーや,1953
蒼空の六竜 前半戦,エルフ,67,,ともさん,1952
蒼空の六竜 前半戦,エルフ,67,,geotaxis,1952
蒼空の六竜 前半戦,エルフ,67,,丸々だいじん,1952
蒼空の六竜 前半戦,エルフ,67,,しろがね,1952
蒼空の六竜 前半戦,エルフ,67,,KEI,1952
蒼空の六竜 前半戦,エルフ,67,,hiki,1952
蒼空の六竜 前半戦,エルフ,73,,安堂,1951
蒼空の六竜 前半戦,エルフ,73,,羽がムチムチ 妖精郷,1951
蒼空の六竜 前半戦,エルフ,73,,とと,1951
蒼空の六竜 前半戦,エルフ,73,,シーラカンス,1951
蒼空の六竜 前半戦,エルフ,77,,ももかん,1950
蒼空の六竜 前半戦,エルフ,77,,く,1950
蒼空の六竜 前半戦,エルフ,77,,はくう/L.L,1950
蒼空の六竜 前半戦,エルフ,80,,タユンスカポン,1949
蒼空の六竜 前半戦,エルフ,80,,Hack,1949
蒼空の六竜 前半戦,エルフ,80,,yom09i_TTV,1949
蒼空の六竜 前半戦,エルフ,80,,あああ,1949
蒼空の六竜 前半戦,エルフ,84,,Frog,1948
蒼空の六竜 前半戦,エルフ,84,,なでなでのぞみ,1948
蒼空の六竜 前半戦,エルフ,84,,も,1948
蒼空の六竜 前半戦,エルフ,87,,d,1947
蒼空の六竜 前半戦,エルフ,87,,ぽん,1947
蒼空の六竜 前半戦,エルフ,87,,ガトねこ@邪教の器でー発,1947
蒼空の六竜 前半戦,エルフ,90,,iruka,1946
蒼空の六竜 前半戦,エルフ,91,,ボランス,1945
蒼空の六竜 前半戦,エルフ,91,,みどりまん,1945
蒼空の六竜 前半戦,エルフ,93,,ペ,1944
蒼空の六竜 前半戦,エルフ,94,,Donmel,1943
蒼空の六竜 前半戦,エルフ,95,,ツヌノ,1941
蒼空の六竜 前半戦,エルフ,95,,zak,1941
蒼空の六竜 前半戦,エルフ,97,,カラカラ,1940
蒼空の六竜 前半戦,エルフ,98,,りぃふ,1939
蒼空の六竜 前半戦,エルフ,99,,3104,1938
蒼空の六竜 前半戦,エルフ,100,,モグイナ@youtube,1937
絶傑の継承者 前半戦,ドラゴン,1,,やけおー,2243
絶傑の継承者 前半戦,ドラゴン,2,,ヌケニン,2127
絶傑の継承者 前半戦,ドラゴン,3,,blasTiA,2116
絶傑の継承者 前半戦,ドラゴン,4,,arimun,2108
絶傑の継承者 前半戦,ドラゴン,5,,あまみ,2080
絶傑の継承者 前半戦,ドラゴン,6,,シゴレ,2070
絶傑の継承者 前半戦,ドラゴン,7,,yamepi,2065
絶傑の継承者 前半戦,ドラゴン,8,,하라구로,2030
絶傑の継承者 前半戦,ドラゴン,9,,はしこう,2021
絶傑の継承者 前半戦,ドラゴン,10,,TORIII,2011
絶傑の継承者 前半戦,ドラゴン,11,,キラキラハヤト,2009
絶傑の継承者 前半戦,ドラゴン,12,,Hason,2003
絶傑の継承者 前半戦,ドラゴン,13,,あさぴー,2001
絶傑の継承者 前半戦,ドラゴン,14,,pepepe,2000
絶傑の継承者 前半戦,ドラゴン,15,,エムブレマー,1994
絶傑の継承者 前半戦,ドラゴン,16,MRG,Toby,1989
絶傑の継承者 前半戦,ドラゴン,17,,ふみ,1985
絶傑の継承者 前半戦,ドラゴン,18,,Forse,1978
絶傑の継承者 前半戦,ドラゴン,19,,なぎさめ,1964
絶傑の継承者 前半戦,ドラゴン,20,,松実,1962
絶傑の継承者 前半戦,ドラゴン,21,,きらり,1960
絶傑の継承者 前半戦,ドラゴン,22,,rezi,1959
絶傑の継承者 前半戦,ドラゴン,22,,kaku,1959
絶傑の継承者 前半戦,ドラゴン,24,,HAL,1957
絶傑の継承者 前半戦,ドラゴン,25,,カニムシ,1953
絶傑の継承者 前半戦,ドラゴン,26,,ぶれん,1952
絶傑の継承者 前半戦,ドラゴン,27,,鬼火スイクン,1951
絶傑の継承者 前半戦,ドラゴン,28,,がわこ,1950
絶傑の継承者 前半戦,ドラゴン,29,,今村佳裕,1947
絶傑の継承者 前半戦,ドラゴン,30,,味噌日,1945
絶傑の継承者 前半戦,ドラゴン,31,,しろへび,1943
絶傑の継承者 前半戦,ドラゴン,31,,Bhavacakra,1943
絶傑の継承者 前半戦,ドラゴン,33,,Asatsuyu,1941
絶傑の継承者 前半戦,ドラゴン,33,,Yui,1941
絶傑の継承者 前半戦,ドラゴン,35,,yuR,1940
絶傑の継承者 前半戦,ドラゴン,36,,だるま,1939
絶傑の継承者 前半戦,ドラゴン,37,,あぶらみ,1937
絶傑の継承者 前半戦,ドラゴン,37,,ぽんぽこ太郎,1937
絶傑の継承者 前半戦,ドラゴン,37,,reina,1937
絶傑の継承者 前半戦,ドラゴン,37,,月を喰らうものバク,1937
絶傑の継承者 前半戦,ドラゴン,37,,アルテ,1937
絶傑の継承者 前半戦,ドラゴン,42,,M,1935
絶傑の継承者 前半戦,ドラゴン,43,,otaku,1934
絶傑の継承者 前半戦,ドラゴン,43,,不知火,1934
絶傑の継承者 前半戦,ドラゴン,43,,め,1934
絶傑の継承者 前半戦,ドラゴン,46,,CG,1933
絶傑の継承者 前半戦,ドラゴン,46,,しゅー,1933
絶傑の継承者 前半戦,ドラゴン,46,,W狼,1933
絶傑の継承者 前半戦,ドラゴン,49,,Riowh,1932
絶傑の継承者 前半戦,ドラゴン,49,,tt,1932
絶傑の継承者 前半戦,ドラゴン,49,,リノすけ,1932
絶傑の継承者 前半戦,ドラゴン,49,,DragonHorse,1932
絶傑の継承者 前半戦,ドラゴン,53,,ぷりん,1931
絶傑の継承者 前半戦,ドラゴン,53,,Re,1931
絶傑の継承者 前半戦,ドラゴン,53,,jomega,1931
絶傑の継承者 前半戦,ドラゴン,56,,hanging chad,1930
絶傑の継承者 前半戦,ドラゴン,56,,Hage.m(-_,1930
絶傑の継承者 前半戦,ドラゴン,58,,なたかあ,1929
絶傑の継承者 前半戦,ドラゴン,58,,はじめん,1929
絶傑の継承者 前半戦,ドラゴン,58,,NIKU.jp,1929
絶傑の継承者 前半戦,ドラゴン,61,,マツナガ,1928
絶傑の継承者 前半戦,ドラゴン,61,,心の鋼,1928
絶傑の継承者 前半戦,ドラゴン,61,,워룽,1928
絶傑の継承者 前半戦,ドラゴン,64,,KLM,1927
絶傑の継承者 前半戦,ドラゴン,64,,リュウゼツ,1927
絶傑の継承者 前半戦,ドラゴン,64,,くるんちゅ,1927
絶傑の継承者 前半戦,ドラゴン,64,,運値ブリお,1927
絶傑の継承者 前半戦,ドラゴン,64,,がまco,1927
絶傑の継承者 前半戦,ドラゴン,69,VL,まっつ,1926
絶傑の継承者 前半戦,ドラゴン,69,,おのみち,1926
絶傑の継承者 前半戦,ドラゴン,69,,ちいかわ好き,1926
絶傑の継承者 前半戦,ドラゴン,69,,テラスター,1926
絶傑の継承者 前半戦,ドラゴン,73,,럭키,1925
絶傑の継承者 前半戦,ドラゴン,75,,いろは,1922
絶傑の継承者 前半戦,ドラゴン,75,,なる,1922
絶傑の継承者 前半戦,ドラゴン,75,,イーロン便器マスク,1922
絶傑の継承者 前半戦,ドラゴン,75,,ベニー,1922
絶傑の継承者 前半戦,ドラゴン,75,,chonboi,1922
絶傑の継承者 前半戦,ドラゴン,80,,もな,1921
絶傑の継承者 前半戦,ドラゴン,80,,ラヌンタ,1921
絶傑の継承者 前半戦,ドラゴン,80,,Raki,1921
絶傑の継承者 前半戦,ドラゴン,83,,*せらふぃ,1920
絶傑の継承者 前半戦,ドラゴン,83,,Sylph,1920
絶傑の継承者 前半戦,ドラゴン,83,,†シノ†,1920
絶傑の継承者 前半戦,ドラゴン,83,,やっと,1920
絶傑の継承者 前半戦,ドラゴン,87,,べにしだ,1919
絶傑の継承者 前半戦,ドラゴン,87,,ほづ,1919
絶傑の継承者 前半戦,ドラゴン,87,,かいっく,1919
絶傑の継承者 前半戦,ドラゴン,87,,you,1919
絶傑の継承者 前半戦,ドラゴン,87,,ながれ,1919
絶傑の継承者 前半戦,ドラゴン,87,,Nira,1919
絶傑の継承者 前半戦,ドラゴン,87,,マグナジャイアント,1919
絶傑の継承者 前半戦,ドラゴン,94,,ぎょろ,1918
絶傑の継承者 前半戦,ドラゴン,94,,ぴょ,1918
絶傑の継承者 前半戦,ドラゴン,94,,脆弱性を利用してっと,1918
絶傑の継承者 前半戦,ドラゴン,97,,イルミ,1917
絶傑の継承者 前半戦,ドラゴン,97,,NSMR,1917
絶傑の継承者 前半戦,ドラゴン,99,,えくれ,1916
絶傑の継承者 前半戦,ドラゴン,100,,ひろぼん,1915
絶傑の継承者 前半戦,ドラゴン,100,,ドロシーの元カレ,1915
絶傑の継承者 前半戦,ドラゴン,100,,akakato,1915
絶傑の継承者 前半戦,ドラゴン,100,,なぎ,1915
絶傑の継承者 前半戦,ネメシス,1,,タヌキ所長,2145
絶傑の継承者 前半戦,ネメシス,2,,raikou24,2043
絶傑の継承者 前半戦,ネメシス,3,,NightVine,2008
絶傑の継承者 前半戦,ネメシス,3,,えにぐま,2008
絶傑の継承者 前半戦,ネメシス,5,,こう,2006
絶傑の継承者 前半戦,ネメシス,6,,くるれ,2000
絶傑の継承者 前半戦,ネメシス,7,,らく,1988
絶傑の継承者 前半戦,ネメシス,8,,Hom,1981
絶傑の継承者 前半戦,ネメシス,9,,たきこ,1966
絶傑の継承者 前半戦,ネメシス,10,,Tsubaki,1957
絶傑の継承者 前半戦,ネメシス,10,,凹凸凸凹,1957
絶傑の継承者 前半戦,ネメシス,12,,かさ,1946
絶傑の継承者 前半戦,ネメシス,12,,ぱんなこっ,1946
絶傑の継承者 前半戦,ネメシス,14,,107,1931
絶傑の継承者 前半戦,ネメシス,15,,むた,1929
絶傑の継承者 前半戦,ネメシス,15,,Hasami,1929
絶傑の継承者 前半戦,ネメシス,17,,루카,1927
絶傑の継承者 前半戦,ネメシス,18,,キラキラハヤト,1924
絶傑の継承者 前半戦,ネメシス,19,,ほろ~,1923
絶傑の継承者 前半戦,ネメシス,20,,Riowh,1922
絶傑の継承者 前半戦,ネメシス,20,,T_T,1922
絶傑の継承者 前半戦,ネメシス,20,,Moi,1922
絶傑の継承者 前半戦,ネメシス,23,,Change,1921
絶傑の継承者 前半戦,ネメシス,24,,はも,1920
絶傑の継承者 前半戦,ネメシス,24,,ネクロス鏑木,1920
絶傑の継承者 前半戦,ネメシス,24,,真春,1920
絶傑の継承者 前半戦,ネメシス,24,,栗原,1920
絶傑の継承者 前半戦,ネメシス,24,,麦_ch,1920
絶傑の継承者 前半戦,ネメシス,24,,ラッキーリン,1920
絶傑の継承者 前半戦,ネメシス,30,,san,1919
絶傑の継承者 前半戦,ネメシス,31,,《紅く赫く嚇怒の果実》,1918
絶傑の継承者 前半戦,ネメシス,31,,ティーリ,1918
絶傑の継承者 前半戦,ネメシス,31,,ぷゅ,1918
絶傑の継承者 前半戦,ネメシス,34,LVH,Era53,1917
絶傑の継承者 前半戦,ネメシス,34,,otakom,1917
絶傑の継承者 前半戦,ネメシス,34,,おはぎぃ,1917
絶傑の継承者 前半戦,ネメシス,38,,Sutazu,1916
絶傑の継承者 前半戦,ネメシス,38,,久遠寺,1916
絶傑の継承者 前半戦,ネメシス,40,,k,1915
絶傑の継承者 前半戦,ネメシス,40,,たこにゃん,1915
絶傑の継承者 前半戦,ネメシス,40,,らいす,1915
絶傑の継承者 前半戦,ネメシス,43,,抹茶,1914
絶傑の継承者 前半戦,ネメシス,43,,shirona,1914
絶傑の継承者 前半戦,ネメシス,43,,きょー,1914
絶傑の継承者 前半戦,ネメシス,46,,otaku,1913
絶傑の継承者 前半戦,ネメシス,46,,酢飯握り,1913
絶傑の継承者 前半戦,ネメシス,46,,まっちゃ,1913
絶傑の継承者 前半戦,ネメシス,46,,だるま,1913
絶傑の継承者 前半戦,ネメシス,50,,シゴレ,1912
絶傑の継承者 前半戦,ネメシス,50,,タニーポ,1912
絶傑の継承者 前半戦,ネメシス,50,,wixy,1912
絶傑の継承者 前半戦,ネメシス,50,,ぬ,1912
絶傑の継承者 前半戦,ネメシス,50,,クロコ,1912
絶傑の継承者 前半戦,ネメシス,55,,おのみち,1911
絶傑の継承者 前半戦,ネメシス,55,,icy,1911
絶傑の継承者 前半戦,ネメシス,55,,NONKA,1911
絶傑の継承者 前半戦,ネメシス,55,,タケボ,1911
絶傑の継承者 前半戦,ネメシス,55,,倉科明日香,1911
絶傑の継承者 前半戦,ネメシス,61,,れき,1910
絶傑の継承者 前半戦,ネメシス,61,,ぜ,1910
絶傑の継承者 前半戦,ネメシス,61,,match43@読書,1910
絶傑の継承者 前半戦,ネメシス,61,,うんてぃねる,1910
絶傑の継承者 前半戦,ネメシス,61,,ラムネアート,1910
絶傑の継承者 前半戦,ネメシス,61,,로그인중이네,1910
絶傑の継承者 前半戦,ネメシス,61,,なまさん,1910
絶傑の継承者 前半戦,ネメシス,61,,vivi66,1910
絶傑の継承者 前半戦,ネメシス,69,VL,まっつ,1909
絶傑の継承者 前半戦,ネメシス,69,,ちくわ,1909
絶傑の継承者 前半戦,ネメシス,69,,とげまる,1909
絶傑の継承者 前半戦,ネメシス,69,,すぴれあ,1909
絶傑の継承者 前半戦,ネメシス,73,,Krokku,1908
絶傑の継承者 前半戦,ネメシス,73,,Viridi,1908
絶傑の継承者 前半戦,ネメシス,75,,another,1907
絶傑の継承者 前半戦,ネメシス,75,,ちょこみんと,1907
絶傑の継承者 前半戦,ネメシス,75,,ナハトちゃん,1907
絶傑の継承者 前半戦,ネメシス,75,,ハートベル,1907
絶傑の継承者 前半戦,ネメシス,75,,lemma,1907
絶傑の継承者 前半戦,ネメシス,75,,黒銀月,1907
絶傑の継承者 前半戦,ネメシス,75,,w,1907
絶傑の継承者 前半戦,ネメシス,82,,あき,1906
絶傑の継承者 前半戦,ネメシス,82,,たっく,1906
絶傑の継承者 前半戦,ネメシス,82,,ぬい,1906
絶傑の継承者 前半戦,ネメシス,82,,Zoom会議でボロン男,1906
絶傑の継承者 前半戦,ネメシス,82,,とりっぴー,1906
絶傑の継承者 前半戦,ネメシス,87,,アルル,1905
絶傑の継承者 前半戦,ネメシス,87,,みくすた,1905
絶傑の継承者 前半戦,ネメシス,87,,ライライプス,1905
絶傑の継承者 前半戦,ネメシス,90,,なたかあ,1904
絶傑の継承者 前半戦,ネメシス,90,,SNOWMAN,1904
絶傑の継承者 前半戦,ネメシス,90,,キザミノリ,1904
絶傑の継承者 前半戦,ネメシス,90,,pilo,1904
絶傑の継承者 前半戦,ネメシス,90,,light,1904
絶傑の継承者 前半戦,ネメシス,90,,捅似你喵,1904
絶傑の継承者 前半戦,ネメシス,90,,にん,1904
絶傑の継承者 前半戦,ネメシス,90,,雨が止まない。,1904
絶傑の継承者 前半戦,ネメシス,98,,bera,1903
絶傑の継承者 前半戦,ネメシス,98,,デス音 ミク,1903
絶傑の継承者 前半戦,ネメシス,98,,talulah,1903
絶傑の継承者 前半戦,ネメシス,98,,二ノ宮しいな,1903
絶傑の継承者 前半戦,ネメシス,98,,み,1903
